{"type":"FeatureCollection","name":"ne_110m_land","crs":{"type":"name","properties":{"name":"urn:ogc:def:crs:OGC:1.3:CRS84"}},"features":[{"type":"Feature","properties":{"featurecla":"Land","scalerank":1,"min_zoom":1},"bbox":[-66.290031,-81.000327,-59.572095,-79.628679],"geometry":{"type":"Polygon","coordinates":[[[-59.572095,-80.040179],[-59.865849,-80.549657],[-60.159656,-81.000327],[-62.255393,-80.863178],[-64.488125,-80.921934],[-65.741666,-80.588827],[-65.741666,-80.549657],[-66.290031,-80.255773],[-64.037688,-80.294944],[-61.883246,-80.39287],[-61.138976,-79.981371],[-60.610119,-79.628679],[-59.572095,-80.040179]]]}},{"type":"Feature","properties":{"featurecla":"Land","scalerank":1,"min_zoom":1},"bbox":[-163.712896,-79.634209,-159.208184,-78.223338],"geometry":{"type":"Polygon","coordinates":[[[-159.208184,-79.497059],[-161.127601,-79.634209],[-162.439847,-79.281465],[-163.027408,-78.928774],[-163.066604,-78.869966],[-163.712896,-78.595667],[-163.712896,-78.595667],[-163.105801,-78.223338],[-161.245113,-78.380176],[-160.246208,-78.693645],[-159.482405,-79.046338],[-159.208184,-79.497059]]]}},{"type":"Feature","properties":{"featurecla":"Land","scalerank":1,"min_zoom":0},"bbox":[-54.164259,-81.025442,-43.333267,-77.831476],"geometry":{"type":"Polygon","coordinates":[[[-45.154758,-78.04707],[-43.920828,-78.478103],[-43.48995,-79.08556],[-43.372438,-79.516645],[-43.333267,-80.026123],[-44.880537,-80.339644],[-46.506174,-80.594357],[-48.386421,-80.829485],[-50.482107,-81.025442],[-52.851988,-80.966685],[-54.164259,-80.633528],[-53.987991,-80.222028],[-51.853134,-79.94773],[-50.991326,-79.614623],[-50.364595,-79.183487],[-49.914131,-78.811209],[-49.306959,-78.458569],[-48.660616,-78.047018],[-48.660616,-78.047019],[-48.151396,-78.04707],[-46.662857,-77.831476],[-45.154758,-78.04707]]]}},{"type":"Feature","properties":{"featurecla":"Land","scalerank":1,"min_zoom":1},"bbox":[-122.621735,-74.08881,-118.724143,-73.324619],"geometry":{"type":"Polygon","coordinates":[[[-121.211511,-73.50099],[-119.918851,-73.657725],[-118.724143,-73.481353],[-119.292119,-73.834097],[-120.232217,-74.08881],[-121.62283,-74.010468],[-122.621735,-73.657778],[-122.621735,-73.657777],[-122.406245,-73.324619],[-121.211511,-73.50099]]]}},{"type":"Feature","properties":{"featurecla":"Land","scalerank":1,"min_zoom":1},"bbox":[-127.28313,-73.873268,-124.031882,-73.246226],"geometry":{"type":"Polygon","coordinates":[[[-125.559566,-73.481353],[-124.031882,-73.873268],[-124.619469,-73.834097],[-125.912181,-73.736118],[-127.28313,-73.461769],[-127.28313,-73.461768],[-126.558472,-73.246226],[-125.559566,-73.481353]]]}},{"type":"Feature","properties":{"featurecla":"Land","scalerank":1,"min_zoom":1},"bbox":[-102.330725,-72.521205,-96.20035,-71.717792],"geometry":{"type":"Polygon","coordinates":[[[-98.98155,-71.933334],[-97.884743,-72.070535],[-96.787937,-71.952971],[-96.20035,-72.521205],[-96.983765,-72.442864],[-98.198083,-72.482035],[-99.432013,-72.442864],[-100.783455,-72.50162],[-101.801868,-72.305663],[-102.330725,-71.894164],[-102.330725,-71.894164],[-101.703967,-71.717792],[-100.430919,-71.854993],[-98.98155,-71.933334]]]}},{"type":"Feature","properties":{"featurecla":"Land","scalerank":1,"min_zoom":1},"bbox":[-75.012625,-72.503842,-68.333834,-68.87874],"geometry":{"type":"Polygon","coordinates":[[[-68.451346,-70.955823],[-68.333834,-71.406493],[-68.510128,-71.798407],[-68.784297,-72.170736],[-69.959471,-72.307885],[-71.075889,-72.503842],[-72.388134,-72.484257],[-71.8985,-72.092343],[-73.073622,-72.229492],[-74.19004,-72.366693],[-74.953895,-72.072757],[-75.012625,-71.661258],[-73.915819,-71.269345],[-73.915819,-71.269344],[-73.230331,-71.15178],[-72.074717,-71.190951],[-71.780962,-70.681473],[-71.72218,-70.309196],[-71.741791,-69.505782],[-71.173815,-69.035475],[-70.253252,-68.87874],[-69.724447,-69.251017],[-69.489422,-69.623346],[-69.058518,-70.074016],[-68.725541,-70.505153],[-68.451346,-70.955823]]]}},{"type":"Feature","properties":{"featurecla":"Land","scalerank":0,"min_zoom":0},"bbox":[-180,-90,180,-63.27066],"geometry":{"type":"Polygon","coordinates":[[[-58.614143,-64.152467],[-59.045073,-64.36801],[-59.789342,-64.211223],[-60.611928,-64.309202],[-61.297416,-64.54433],[-62.0221,-64.799094],[-62.51176,-65.09303],[-62.648858,-65.484942],[-62.590128,-65.857219],[-62.120079,-66.190326],[-62.805567,-66.425505],[-63.74569,-66.503847],[-64.294106,-66.837004],[-64.881693,-67.150474],[-65.508425,-67.58161],[-65.665082,-67.953887],[-65.312545,-68.365335],[-64.783715,-68.678908],[-63.961103,-68.913984],[-63.1973,-69.227556],[-62.785955,-69.619419],[-62.570516,-69.991747],[-62.276736,-70.383661],[-61.806661,-70.716768],[-61.512906,-71.089045],[-61.375809,-72.010074],[-61.081977,-72.382351],[-61.003661,-72.774265],[-60.690269,-73.166179],[-60.827367,-73.695242],[-61.375809,-74.106742],[-61.96337,-74.439848],[-63.295201,-74.576997],[-63.74569,-74.92974],[-64.352836,-75.262847],[-65.860987,-75.635124],[-67.192818,-75.79191],[-68.446282,-76.007452],[-69.797724,-76.222995],[-70.600724,-76.634494],[-72.206776,-76.673665],[-73.969536,-76.634494],[-75.555977,-76.712887],[-77.24037,-76.712887],[-76.926979,-77.104802],[-75.399294,-77.28107],[-74.282876,-77.55542],[-73.656119,-77.908112],[-74.772536,-78.221633],[-76.4961,-78.123654],[-77.925858,-78.378419],[-77.984666,-78.789918],[-78.023785,-79.181833],[-76.848637,-79.514939],[-76.633224,-79.887216],[-75.360097,-80.259545],[-73.244852,-80.416331],[-71.442946,-80.69063],[-70.013163,-81.004151],[-68.191646,-81.317672],[-65.704279,-81.474458],[-63.25603,-81.748757],[-61.552026,-82.042692],[-59.691416,-82.37585],[-58.712121,-82.846106],[-58.222487,-83.218434],[-57.008117,-82.865691],[-55.362894,-82.571755],[-53.619771,-82.258235],[-51.543644,-82.003521],[-49.76135,-81.729171],[-47.273931,-81.709586],[-44.825708,-81.846735],[-42.808363,-82.081915],[-42.16202,-81.65083],[-40.771433,-81.356894],[-38.244818,-81.337309],[-36.26667,-81.121715],[-34.386397,-80.906172],[-32.310296,-80.769023],[-30.097098,-80.592651],[-28.549802,-80.337938],[-29.254901,-79.985195],[-29.685805,-79.632503],[-29.685805,-79.260226],[-31.624808,-79.299397],[-33.681324,-79.456132],[-35.639912,-79.456132],[-35.914107,-79.083855],[-35.77701,-78.339248],[-35.326546,-78.123654],[-33.896763,-77.888526],[-32.212369,-77.65345],[-30.998051,-77.359515],[-29.783732,-77.065579],[-28.882779,-76.673665],[-27.511752,-76.497345],[-26.160336,-76.360144],[-25.474822,-76.281803],[-23.927552,-76.24258],[-22.458598,-76.105431],[-21.224694,-75.909474],[-20.010375,-75.674346],[-18.913543,-75.439218],[-17.522982,-75.125698],[-16.641589,-74.79254],[-15.701491,-74.498604],[-15.40771,-74.106742],[-16.46532,-73.871614],[-16.112784,-73.460114],[-15.446855,-73.146542],[-14.408805,-72.950585],[-13.311973,-72.715457],[-12.293508,-72.401936],[-11.510067,-72.010074],[-11.020433,-71.539767],[-10.295774,-71.265416],[-9.101015,-71.324224],[-8.611381,-71.65733],[-7.416622,-71.696501],[-7.377451,-71.324224],[-6.868232,-70.93231],[-5.790985,-71.030289],[-5.536375,-71.402617],[-4.341667,-71.461373],[-3.048981,-71.285053],[-1.795492,-71.167438],[-0.659489,-71.226246],[-0.228637,-71.637745],[0.868195,-71.304639],[1.886686,-71.128267],[3.022638,-70.991118],[4.139055,-70.853917],[5.157546,-70.618789],[6.273912,-70.462055],[7.13572,-70.246512],[7.742866,-69.893769],[8.48711,-70.148534],[9.525135,-70.011333],[10.249845,-70.48164],[10.817821,-70.834332],[11.953824,-70.638375],[12.404287,-70.246512],[13.422778,-69.972162],[14.734998,-70.030918],[15.126757,-70.403247],[15.949342,-70.030918],[17.026589,-69.913354],[18.201711,-69.874183],[19.259373,-69.893769],[20.375739,-70.011333],[21.452985,-70.07014],[21.923034,-70.403247],[22.569403,-70.697182],[23.666184,-70.520811],[24.841357,-70.48164],[25.977309,-70.48164],[27.093726,-70.462055],[28.09258,-70.324854],[29.150242,-70.20729],[30.031583,-69.93294],[30.971733,-69.75662],[31.990172,-69.658641],[32.754053,-69.384291],[33.302443,-68.835642],[33.870419,-68.502588],[34.908495,-68.659271],[35.300202,-69.012014],[36.16201,-69.247142],[37.200035,-69.168748],[37.905108,-69.52144],[38.649404,-69.776205],[39.667894,-69.541077],[40.020431,-69.109941],[40.921358,-68.933621],[41.959434,-68.600514],[42.938702,-68.463313],[44.113876,-68.267408],[44.897291,-68.051866],[45.719928,-67.816738],[46.503343,-67.601196],[47.44344,-67.718759],[48.344419,-67.366068],[48.990736,-67.091718],[49.930885,-67.111303],[50.753471,-66.876175],[50.949325,-66.523484],[51.791547,-66.249133],[52.614133,-66.053176],[53.613038,-65.89639],[54.53355,-65.818049],[55.414943,-65.876805],[56.355041,-65.974783],[57.158093,-66.249133],[57.255968,-66.680218],[58.137361,-67.013324],[58.744508,-67.287675],[59.939318,-67.405239],[60.605221,-67.679589],[61.427806,-67.953887],[62.387489,-68.012695],[63.19049,-67.816738],[64.052349,-67.405239],[64.992447,-67.620729],[65.971715,-67.738345],[66.911864,-67.855909],[67.891133,-67.934302],[68.890038,-67.934302],[69.712624,-68.972791],[69.673453,-69.227556],[69.555941,-69.678226],[68.596258,-69.93294],[67.81274,-70.305268],[67.949889,-70.697182],[69.066307,-70.677545],[68.929157,-71.069459],[68.419989,-71.441788],[67.949889,-71.853287],[68.71377,-72.166808],[69.869307,-72.264787],[71.024895,-72.088415],[71.573285,-71.696501],[71.906288,-71.324224],[72.454627,-71.010703],[73.08141,-70.716768],[73.33602,-70.364024],[73.864877,-69.874183],[74.491557,-69.776205],[75.62756,-69.737034],[76.626465,-69.619419],[77.644904,-69.462684],[78.134539,-69.07077],[78.428371,-68.698441],[79.113859,-68.326216],[80.093127,-68.071503],[80.93535,-67.875546],[81.483792,-67.542388],[82.051767,-67.366068],[82.776426,-67.209282],[83.775331,-67.30726],[84.676206,-67.209282],[85.655527,-67.091718],[86.752359,-67.150474],[87.477017,-66.876175],[87.986289,-66.209911],[88.358411,-66.484261],[88.828408,-66.954568],[89.67063,-67.150474],[90.630365,-67.228867],[91.5901,-67.111303],[92.608539,-67.189696],[93.548637,-67.209282],[94.17542,-67.111303],[95.017591,-67.170111],[95.781472,-67.385653],[96.682399,-67.248504],[97.759646,-67.248504],[98.68021,-67.111303],[99.718182,-67.248504],[100.384188,-66.915346],[100.893356,-66.58224],[101.578896,-66.30789],[102.832411,-65.563284],[103.478676,-65.700485],[104.242557,-65.974783],[104.90846,-66.327527],[106.181561,-66.934931],[107.160881,-66.954568],[108.081393,-66.954568],[109.15864,-66.837004],[110.235835,-66.699804],[111.058472,-66.425505],[111.74396,-66.13157],[112.860378,-66.092347],[113.604673,-65.876805],[114.388088,-66.072762],[114.897308,-66.386283],[115.602381,-66.699804],[116.699161,-66.660633],[117.384701,-66.915346],[118.57946,-67.170111],[119.832924,-67.268089],[120.871,-67.189696],[121.654415,-66.876175],[122.320369,-66.562654],[123.221296,-66.484261],[124.122274,-66.621462],[125.160247,-66.719389],[126.100396,-66.562654],[127.001427,-66.562654],[127.882768,-66.660633],[128.80328,-66.758611],[129.704259,-66.58224],[130.781454,-66.425505],[131.799945,-66.386283],[132.935896,-66.386283],[133.85646,-66.288304],[134.757387,-66.209963],[135.031582,-65.72007],[135.070753,-65.308571],[135.697485,-65.582869],[135.873805,-66.033591],[136.206705,-66.44509],[136.618049,-66.778197],[137.460271,-66.954568],[138.596223,-66.895761],[139.908442,-66.876175],[140.809421,-66.817367],[142.121692,-66.817367],[143.061842,-66.797782],[144.374061,-66.837004],[145.490427,-66.915346],[146.195552,-67.228867],[145.999699,-67.601196],[146.646067,-67.895131],[147.723263,-68.130259],[148.839629,-68.385024],[150.132314,-68.561292],[151.483705,-68.71813],[152.502247,-68.874813],[153.638199,-68.894502],[154.284567,-68.561292],[155.165857,-68.835642],[155.92979,-69.149215],[156.811132,-69.384291],[158.025528,-69.482269],[159.181013,-69.599833],[159.670699,-69.991747],[160.80665,-70.226875],[161.570479,-70.579618],[162.686897,-70.736353],[163.842434,-70.716768],[164.919681,-70.775524],[166.11444,-70.755938],[167.309095,-70.834332],[168.425616,-70.971481],[169.463589,-71.20666],[170.501665,-71.402617],[171.20679,-71.696501],[171.089227,-72.088415],[170.560422,-72.441159],[170.109958,-72.891829],[169.75737,-73.24452],[169.287321,-73.65602],[167.975101,-73.812806],[167.387489,-74.165498],[166.094803,-74.38104],[165.644391,-74.772954],[164.958851,-75.145283],[164.234193,-75.458804],[163.822797,-75.870303],[163.568239,-76.24258],[163.47026,-76.693302],[163.489897,-77.065579],[164.057873,-77.457442],[164.273363,-77.82977],[164.743464,-78.182514],[166.604126,-78.319611],[166.995781,-78.750748],[165.193876,-78.907483],[163.666217,-79.123025],[161.766385,-79.162248],[160.924162,-79.730482],[160.747894,-80.200737],[160.316964,-80.573066],[159.788211,-80.945395],[161.120016,-81.278501],[161.629287,-81.690001],[162.490992,-82.062278],[163.705336,-82.395435],[165.095949,-82.708956],[166.604126,-83.022477],[168.895665,-83.335998],[169.404782,-83.825891],[172.283934,-84.041433],[172.477049,-84.117914],[173.224083,-84.41371],[175.985672,-84.158997],[178.277212,-84.472518],[180,-84.71338],[180,-90],[-180,-90],[-180,-84.71338],[-179.942499,-84.721443],[-179.058677,-84.139412],[-177.256772,-84.452933],[-177.140807,-84.417941],[-176.861993,-84.333812],[-176.523952,-84.231811],[-176.230303,-84.143203],[-176.084673,-84.099259],[-175.934101,-84.101591],[-175.829882,-84.117914],[-174.382503,-84.534323],[-173.116559,-84.117914],[-172.889106,-84.061019],[-169.951223,-83.884647],[-168.999989,-84.117914],[-168.530199,-84.23739],[-167.022099,-84.570497],[-164.182144,-84.82521],[-161.929775,-85.138731],[-158.07138,-85.37391],[-155.192253,-85.09956],[-150.942099,-85.295517],[-148.533073,-85.609038],[-145.888918,-85.315102],[-143.107718,-85.040752],[-142.892279,-84.570497],[-146.829068,-84.531274],[-150.060732,-84.296146],[-150.902928,-83.904232],[-153.586201,-83.68869],[-153.409907,-83.23802],[-153.037759,-82.82652],[-152.665637,-82.454192],[-152.861517,-82.042692],[-154.526299,-81.768394],[-155.29018,-81.41565],[-156.83745,-81.102129],[-154.408787,-81.160937],[-152.097662,-81.004151],[-150.648293,-81.337309],[-148.865998,-81.043373],[-147.22075,-80.671045],[-146.417749,-80.337938],[-146.770286,-79.926439],[-148.062947,-79.652089],[-149.531901,-79.358205],[-151.588416,-79.299397],[-153.390322,-79.162248],[-155.329376,-79.064269],[-155.975668,-78.69194],[-157.268302,-78.378419],[-158.051768,-78.025676],[-158.365134,-76.889207],[-157.875474,-76.987238],[-156.974573,-77.300759],[-155.329376,-77.202728],[-153.742832,-77.065579],[-152.920247,-77.496664],[-151.33378,-77.398737],[-150.00195,-77.183143],[-148.748486,-76.908845],[-147.612483,-76.575738],[-146.104409,-76.47776],[-146.143528,-76.105431],[-146.496091,-75.733154],[-146.20231,-75.380411],[-144.909624,-75.204039],[-144.322037,-75.537197],[-142.794353,-75.34124],[-141.638764,-75.086475],[-140.209007,-75.06689],[-138.85759,-74.968911],[-137.5062,-74.733783],[-136.428901,-74.518241],[-135.214583,-74.302699],[-134.431194,-74.361455],[-133.745654,-74.439848],[-132.257168,-74.302699],[-130.925311,-74.479019],[-129.554284,-74.459433],[-128.242038,-74.322284],[-126.890622,-74.420263],[-125.402082,-74.518241],[-124.011496,-74.479019],[-122.562152,-74.498604],[-121.073613,-74.518241],[-119.70256,-74.479019],[-118.684145,-74.185083],[-117.469801,-74.028348],[-116.216312,-74.243891],[-115.021552,-74.067519],[-113.944331,-73.714828],[-113.297988,-74.028348],[-112.945452,-74.38104],[-112.299083,-74.714198],[-111.261059,-74.420263],[-110.066325,-74.79254],[-108.714909,-74.910103],[-107.559346,-75.184454],[-106.149148,-75.125698],[-104.876074,-74.949326],[-103.367949,-74.988497],[-102.016507,-75.125698],[-100.645531,-75.302018],[-100.1167,-74.870933],[-100.763043,-74.537826],[-101.252703,-74.185083],[-102.545337,-74.106742],[-103.113313,-73.734413],[-103.328752,-73.362084],[-103.681289,-72.61753],[-102.917485,-72.754679],[-101.60524,-72.813436],[-100.312528,-72.754679],[-99.13738,-72.911414],[-98.118889,-73.20535],[-97.688037,-73.558041],[-96.336595,-73.616849],[-95.043961,-73.4797],[-93.672907,-73.283743],[-92.439003,-73.166179],[-91.420564,-73.401307],[-90.088733,-73.322914],[-89.226951,-72.558722],[-88.423951,-73.009393],[-87.268337,-73.185764],[-86.014822,-73.087786],[-85.192236,-73.4797],[-83.879991,-73.518871],[-82.665646,-73.636434],[-81.470913,-73.851977],[-80.687447,-73.4797],[-80.295791,-73.126956],[-79.296886,-73.518871],[-77.925858,-73.420892],[-76.907367,-73.636434],[-76.221879,-73.969541],[-74.890049,-73.871614],[-73.852024,-73.65602],[-72.833533,-73.401307],[-71.619215,-73.264157],[-70.209042,-73.146542],[-68.935916,-73.009393],[-67.956622,-72.79385],[-67.369061,-72.480329],[-67.134036,-72.049244],[-67.251548,-71.637745],[-67.56494,-71.245831],[-67.917477,-70.853917],[-68.230843,-70.462055],[-68.485452,-70.109311],[-68.544209,-69.717397],[-68.446282,-69.325535],[-67.976233,-68.953206],[-67.5845,-68.541707],[-67.427843,-68.149844],[-67.62367,-67.718759],[-67.741183,-67.326845],[-67.251548,-66.876175],[-66.703184,-66.58224],[-66.056815,-66.209963],[-65.371327,-65.89639],[-64.568276,-65.602506],[-64.176542,-65.171423],[-63.628152,-64.897073],[-63.001394,-64.642308],[-62.041686,-64.583552],[-61.414928,-64.270031],[-60.709855,-64.074074],[-59.887269,-63.95651],[-59.162585,-63.701745],[-58.594557,-63.388224],[-57.811143,-63.27066],[-57.223582,-63.525425],[-57.59573,-63.858532],[-58.614143,-64.152467]]]}},{"type":"Feature","properties":{"featurecla":"Land","scalerank":0,"min_zoom":0},"bbox":[-74.66253,-55.61183,-65.05,-52.5183],"geometry":{"type":"Polygon","coordinates":[[[-67.75,-53.85],[-66.45,-54.45],[-65.05,-54.7],[-65.5,-55.2],[-66.45,-55.25],[-66.95992,-54.89681],[-67.29103,-55.30124],[-68.14863,-55.61183],[-69.2321,-55.49906],[-69.95809,-55.19843],[-71.00568,-55.05383],[-72.2639,-54.49514],[-73.2852,-53.95752],[-74.66253,-52.83749],[-73.8381,-53.04743],[-72.43418,-53.7154],[-71.10773,-54.07433],[-70.59178,-53.61583],[-70.26748,-52.93123],[-69.34565,-52.5183],[-68.63411,-52.63625],[-68.63401,-52.63637],[-68.25,-53.1],[-67.75,-53.85]]]}},{"type":"Feature","properties":{"featurecla":"Land","scalerank":0,"min_zoom":0.5},"bbox":[-61.2,-52.3,-57.75,-51.1],"geometry":{"type":"Polygon","coordinates":[[[-58.55,-51.1],[-57.75,-51.55],[-58.05,-51.9],[-59.4,-52.2],[-59.85,-51.85],[-60.7,-52.3],[-61.2,-51.85],[-60,-51.25],[-59.15,-51.5],[-58.55,-51.1]]]}},{"type":"Feature","properties":{"featurecla":"Land","scalerank":0,"min_zoom":0.5},"bbox":[68.72,-49.775,70.56,-48.625],"geometry":{"type":"Polygon","coordinates":[[[70.28,-49.71],[68.745,-49.775],[68.72,-49.2425],[68.8675,-48.83],[68.935,-48.625],[69.58,-48.94],[70.525,-49.065],[70.56,-49.255],[70.28,-49.71]]]}},{"type":"Feature","properties":{"featurecla":"Land","scalerank":0,"min_zoom":0},"bbox":[144.718071,-43.634597,148.359865,-40.703975],"geometry":{"type":"Polygon","coordinates":[[[145.397978,-40.792549],[146.364121,-41.137695],[146.908584,-41.000546],[147.689259,-40.808258],[148.289068,-40.875438],[148.359865,-42.062445],[148.017301,-42.407024],[147.914052,-43.211522],[147.564564,-42.937689],[146.870343,-43.634597],[146.663327,-43.580854],[146.048378,-43.549745],[145.43193,-42.693776],[145.29509,-42.03361],[144.718071,-41.162552],[144.743755,-40.703975],[145.397978,-40.792549]]]}},{"type":"Feature","properties":{"featurecla":"Land","scalerank":0,"min_zoom":0},"bbox":[166.509144,-46.641235,174.248517,-40.493962],"geometry":{"type":"Polygon","coordinates":[[[173.020375,-40.919052],[173.247234,-41.331999],[173.958405,-40.926701],[174.247587,-41.349155],[174.248517,-41.770008],[173.876447,-42.233184],[173.22274,-42.970038],[172.711246,-43.372288],[173.080113,-43.853344],[172.308584,-43.865694],[171.452925,-44.242519],[171.185138,-44.897104],[170.616697,-45.908929],[169.831422,-46.355775],[169.332331,-46.641235],[168.411354,-46.619945],[167.763745,-46.290197],[166.676886,-46.219917],[166.509144,-45.852705],[167.046424,-45.110941],[168.303763,-44.123973],[168.949409,-43.935819],[169.667815,-43.555326],[170.52492,-43.031688],[171.12509,-42.512754],[171.569714,-41.767424],[171.948709,-41.514417],[172.097227,-40.956104],[172.79858,-40.493962],[173.020375,-40.919052]]]}},{"type":"Feature","properties":{"featurecla":"Land","scalerank":0,"min_zoom":0},"bbox":[172.636005,-41.688308,178.517094,-34.450662],"geometry":{"type":"Polygon","coordinates":[[[174.612009,-36.156397],[175.336616,-37.209098],[175.357596,-36.526194],[175.808887,-36.798942],[175.95849,-37.555382],[176.763195,-37.881253],[177.438813,-37.961248],[178.010354,-37.579825],[178.517094,-37.695373],[178.274731,-38.582813],[177.97046,-39.166343],[177.206993,-39.145776],[176.939981,-39.449736],[177.032946,-39.879943],[176.885824,-40.065978],[176.508017,-40.604808],[176.01244,-41.289624],[175.239567,-41.688308],[175.067898,-41.425895],[174.650973,-41.281821],[175.22763,-40.459236],[174.900157,-39.908933],[173.824047,-39.508854],[173.852262,-39.146602],[174.574802,-38.797683],[174.743474,-38.027808],[174.697017,-37.381129],[174.292028,-36.711092],[174.319004,-36.534824],[173.840997,-36.121981],[173.054171,-35.237125],[172.636005,-34.529107],[173.007042,-34.450662],[173.551298,-35.006183],[174.32939,-35.265496],[174.612009,-36.156397]]]}},{"type":"Feature","properties":{"featurecla":"Land","scalerank":1,"min_zoom":1},"bbox":[164.029606,-22.399976,167.120011,-20.105646],"geometry":{"type":"Polygon","coordinates":[[[167.120011,-22.159991],[166.740035,-22.399976],[166.189732,-22.129708],[165.474375,-21.679607],[164.829815,-21.14982],[164.167995,-20.444747],[164.029606,-20.105646],[164.459967,-20.120012],[165.020036,-20.459991],[165.460009,-20.800022],[165.77999,-21.080005],[166.599991,-21.700019],[167.120011,-22.159991]]]}},{"type":"Feature","properties":{"featurecla":"Land","scalerank":0,"min_zoom":0.5},"bbox":[177.28504,-18.28799,178.71806,-17.33992],"geometry":{"type":"Polygon","coordinates":[[[178.3736,-17.33992],[178.71806,-17.62846],[178.55271,-18.15059],[177.93266,-18.28799],[177.38146,-18.16432],[177.28504,-17.72465],[177.67087,-17.38114],[178.12557,-17.50481],[178.3736,-17.33992]]]}},{"type":"Feature","properties":{"featurecla":"Land","scalerank":0,"min_zoom":1.5},"bbox":[178.596839,-17.012042,180,-16.067133],"geometry":{"type":"Polygon","coordinates":[[[179.364143,-16.801354],[178.725059,-17.012042],[178.596839,-16.63915],[179.096609,-16.433984],[179.413509,-16.379054],[180,-16.067133],[180,-16.555217],[179.364143,-16.801354]]]}},{"type":"Feature","properties":{"featurecla":"Land","scalerank":1,"min_zoom":1.5},"bbox":[-180,-16.555217,-179.79332,-16.020882],"geometry":{"type":"Polygon","coordinates":[[[-179.917369,-16.501783],[-180,-16.555217],[-180,-16.067133],[-179.79332,-16.020882],[-179.917369,-16.501783]]]}},{"type":"Feature","properties":{"featurecla":"Land","scalerank":1,"min_zoom":1.5},"bbox":[167.180008,-16.59785,167.844877,-15.891846],"geometry":{"type":"Polygon","coordinates":[[[167.844877,-16.466333],[167.515181,-16.59785],[167.180008,-16.159995],[167.216801,-15.891846],[167.844877,-16.466333]]]}},{"type":"Feature","properties":{"featurecla":"Land","scalerank":1,"min_zoom":1},"bbox":[166.629137,-15.740021,167.270028,-14.626497],"geometry":{"type":"Polygon","coordinates":[[[167.107712,-14.93392],[167.270028,-15.740021],[167.001207,-15.614602],[166.793158,-15.668811],[166.649859,-15.392704],[166.629137,-14.626497],[167.107712,-14.93392]]]}},{"type":"Feature","properties":{"featurecla":"Land","scalerank":0,"min_zoom":0},"bbox":[43.254187,-25.601434,50.476537,-12.040557],"geometry":{"type":"Polygon","coordinates":[[[50.056511,-13.555761],[50.217431,-14.758789],[50.476537,-15.226512],[50.377111,-15.706069],[50.200275,-16.000263],[49.860606,-15.414253],[49.672607,-15.710204],[49.863344,-16.451037],[49.774564,-16.875042],[49.498612,-17.106036],[49.435619,-17.953064],[49.041792,-19.118781],[48.548541,-20.496888],[47.930749,-22.391501],[47.547723,-23.781959],[47.095761,-24.94163],[46.282478,-25.178463],[45.409508,-25.601434],[44.833574,-25.346101],[44.03972,-24.988345],[43.763768,-24.460677],[43.697778,-23.574116],[43.345654,-22.776904],[43.254187,-22.057413],[43.433298,-21.336475],[43.893683,-21.163307],[43.89637,-20.830459],[44.374325,-20.072366],[44.464397,-19.435454],[44.232422,-18.961995],[44.042976,-18.331387],[43.963084,-17.409945],[44.312469,-16.850496],[44.446517,-16.216219],[44.944937,-16.179374],[45.502732,-15.974373],[45.872994,-15.793454],[46.312243,-15.780018],[46.882183,-15.210182],[47.70513,-14.594303],[48.005215,-14.091233],[47.869047,-13.663869],[48.293828,-13.784068],[48.84506,-13.089175],[48.863509,-12.487868],[49.194651,-12.040557],[49.543519,-12.469833],[49.808981,-12.895285],[50.056511,-13.555761]]]}},{"type":"Feature","properties":{"featurecla":"Land","scalerank":0,"min_zoom":0},"bbox":[113.338953,-39.035757,153.569469,-10.668186],"geometry":{"type":"Polygon","coordinates":[[[143.561811,-13.763656],[143.922099,-14.548311],[144.563714,-14.171176],[144.894908,-14.594458],[145.374724,-14.984976],[145.271991,-15.428205],[145.48526,-16.285672],[145.637033,-16.784918],[145.888904,-16.906926],[146.160309,-17.761655],[146.063674,-18.280073],[146.387478,-18.958274],[147.471082,-19.480723],[148.177602,-19.955939],[148.848414,-20.39121],[148.717465,-20.633469],[149.28942,-21.260511],[149.678337,-22.342512],[150.077382,-22.122784],[150.482939,-22.556142],[150.727265,-22.402405],[150.899554,-23.462237],[151.609175,-24.076256],[152.07354,-24.457887],[152.855197,-25.267501],[153.136162,-26.071173],[153.161949,-26.641319],[153.092909,-27.2603],[153.569469,-28.110067],[153.512108,-28.995077],[153.339095,-29.458202],[153.069241,-30.35024],[153.089602,-30.923642],[152.891578,-31.640446],[152.450002,-32.550003],[151.709117,-33.041342],[151.343972,-33.816023],[151.010555,-34.31036],[150.714139,-35.17346],[150.32822,-35.671879],[150.075212,-36.420206],[149.946124,-37.109052],[149.997284,-37.425261],[149.423882,-37.772681],[148.304622,-37.809061],[147.381733,-38.219217],[146.922123,-38.606532],[146.317922,-39.035757],[145.489652,-38.593768],[144.876976,-38.417448],[145.032212,-37.896188],[144.485682,-38.085324],[143.609974,-38.809465],[142.745427,-38.538268],[142.17833,-38.380034],[141.606582,-38.308514],[140.638579,-38.019333],[139.992158,-37.402936],[139.806588,-36.643603],[139.574148,-36.138362],[139.082808,-35.732754],[138.120748,-35.612296],[138.449462,-35.127261],[138.207564,-34.384723],[137.71917,-35.076825],[136.829406,-35.260535],[137.352371,-34.707339],[137.503886,-34.130268],[137.890116,-33.640479],[137.810328,-32.900007],[136.996837,-33.752771],[136.372069,-34.094766],[135.989043,-34.890118],[135.208213,-34.47867],[135.239218,-33.947953],[134.613417,-33.222778],[134.085904,-32.848072],[134.273903,-32.617234],[132.990777,-32.011224],[132.288081,-31.982647],[131.326331,-31.495803],[129.535794,-31.590423],[128.240938,-31.948489],[127.102867,-32.282267],[126.148714,-32.215966],[125.088623,-32.728751],[124.221648,-32.959487],[124.028947,-33.483847],[123.659667,-33.890179],[122.811036,-33.914467],[122.183064,-34.003402],[121.299191,-33.821036],[120.580268,-33.930177],[119.893695,-33.976065],[119.298899,-34.509366],[119.007341,-34.464149],[118.505718,-34.746819],[118.024972,-35.064733],[117.295507,-35.025459],[116.625109,-35.025097],[115.564347,-34.386428],[115.026809,-34.196517],[115.048616,-33.623425],[115.545123,-33.487258],[115.714674,-33.259572],[115.679379,-32.900369],[115.801645,-32.205062],[115.689611,-31.612437],[115.160909,-30.601594],[114.997043,-30.030725],[115.040038,-29.461095],[114.641974,-28.810231],[114.616498,-28.516399],[114.173579,-28.118077],[114.048884,-27.334765],[113.477498,-26.543134],[113.338953,-26.116545],[113.778358,-26.549025],[113.440962,-25.621278],[113.936901,-25.911235],[114.232852,-26.298446],[114.216161,-25.786281],[113.721255,-24.998939],[113.625344,-24.683971],[113.393523,-24.384764],[113.502044,-23.80635],[113.706993,-23.560215],[113.843418,-23.059987],[113.736552,-22.475475],[114.149756,-21.755881],[114.225307,-22.517488],[114.647762,-21.82952],[115.460167,-21.495173],[115.947373,-21.068688],[116.711615,-20.701682],[117.166316,-20.623599],[117.441545,-20.746899],[118.229559,-20.374208],[118.836085,-20.263311],[118.987807,-20.044203],[119.252494,-19.952942],[119.805225,-19.976506],[120.85622,-19.683708],[121.399856,-19.239756],[121.655138,-18.705318],[122.241665,-18.197649],[122.286624,-17.798603],[122.312772,-17.254967],[123.012574,-16.4052],[123.433789,-17.268558],[123.859345,-17.069035],[123.503242,-16.596506],[123.817073,-16.111316],[124.258287,-16.327944],[124.379726,-15.56706],[124.926153,-15.0751],[125.167275,-14.680396],[125.670087,-14.51007],[125.685796,-14.230656],[126.125149,-14.347341],[126.142823,-14.095987],[126.582589,-13.952791],[127.065867,-13.817968],[127.804633,-14.276906],[128.35969,-14.86917],[128.985543,-14.875991],[129.621473,-14.969784],[129.4096,-14.42067],[129.888641,-13.618703],[130.339466,-13.357376],[130.183506,-13.10752],[130.617795,-12.536392],[131.223495,-12.183649],[131.735091,-12.302453],[132.575298,-12.114041],[132.557212,-11.603012],[131.824698,-11.273782],[132.357224,-11.128519],[133.019561,-11.376411],[133.550846,-11.786515],[134.393068,-12.042365],[134.678632,-11.941183],[135.298491,-12.248606],[135.882693,-11.962267],[136.258381,-12.049342],[136.492475,-11.857209],[136.95162,-12.351959],[136.685125,-12.887223],[136.305407,-13.29123],[135.961758,-13.324509],[136.077617,-13.724278],[135.783836,-14.223989],[135.428664,-14.715432],[135.500184,-14.997741],[136.295175,-15.550265],[137.06536,-15.870762],[137.580471,-16.215082],[138.303217,-16.807604],[138.585164,-16.806622],[139.108543,-17.062679],[139.260575,-17.371601],[140.215245,-17.710805],[140.875463,-17.369069],[141.07111,-16.832047],[141.274095,-16.38887],[141.398222,-15.840532],[141.702183,-15.044921],[141.56338,-14.561333],[141.63552,-14.270395],[141.519869,-13.698078],[141.65092,-12.944688],[141.842691,-12.741548],[141.68699,-12.407614],[141.928629,-11.877466],[142.118488,-11.328042],[142.143706,-11.042737],[142.51526,-10.668186],[142.79731,-11.157355],[142.866763,-11.784707],[143.115947,-11.90563],[143.158632,-12.325656],[143.522124,-12.834358],[143.597158,-13.400422],[143.561811,-13.763656]]]}},{"type":"Feature","properties":{"featurecla":"Land","scalerank":1,"min_zoom":1.5},"bbox":[161.319797,-10.826367,162.398646,-10.204751],"geometry":{"type":"Polygon","coordinates":[[[162.119025,-10.482719],[162.398646,-10.826367],[161.700032,-10.820011],[161.319797,-10.204751],[161.917383,-10.446701],[162.119025,-10.482719]]]}},{"type":"Feature","properties":{"featurecla":"Land","scalerank":1,"min_zoom":1.5},"bbox":[118.967808,-10.25865,120.775502,-9.36134],"geometry":{"type":"Polygon","coordinates":[[[120.715609,-10.239581],[120.295014,-10.25865],[118.967808,-9.557969],[119.90031,-9.36134],[120.425756,-9.665921],[120.775502,-9.969675],[120.715609,-10.239581]]]}},{"type":"Feature","properties":{"featurecla":"Land","scalerank":1,"min_zoom":1},"bbox":[159.640003,-9.89521,160.852229,-9.24295],"geometry":{"type":"Polygon","coordinates":[[[160.852229,-9.872937],[160.462588,-9.89521],[159.849447,-9.794027],[159.640003,-9.63998],[159.702945,-9.24295],[160.362956,-9.400304],[160.688518,-9.610162],[160.852229,-9.872937]]]}},{"type":"Feature","properties":{"featurecla":"Land","scalerank":1,"min_zoom":1.5},"bbox":[160.579997,-9.784312,161.679982,-8.320009],"geometry":{"type":"Polygon","coordinates":[[[161.679982,-9.599982],[161.529397,-9.784312],[160.788253,-8.917543],[160.579997,-8.320009],[160.920028,-8.320009],[161.280006,-9.120011],[161.679982,-9.599982]]]}},{"type":"Feature","properties":{"featurecla":"Land","scalerank":1,"min_zoom":1},"bbox":[123.459989,-10.359987,127.335928,-8.273345],"geometry":{"type":"Polygon","coordinates":[[[124.43595,-10.140001],[123.579982,-10.359987],[123.459989,-10.239995],[123.550009,-9.900016],[123.980009,-9.290027],[124.968682,-8.89279],[125.086246,-8.656887],[125.947072,-8.432095],[126.644704,-8.398247],[126.957243,-8.273345],[127.335928,-8.397317],[126.967992,-8.668256],[125.925885,-9.106007],[125.08852,-9.393173],[124.43595,-10.140001]]]}},{"type":"Feature","properties":{"featurecla":"Land","scalerank":1,"min_zoom":1},"bbox":[116.740141,-9.040895,119.126507,-8.095681],"geometry":{"type":"Polygon","coordinates":[[[117.900018,-8.095681],[118.260616,-8.362383],[118.87846,-8.280683],[119.126507,-8.705825],[117.970402,-8.906639],[117.277731,-9.040895],[116.740141,-9.032937],[117.083737,-8.457158],[117.632024,-8.449303],[117.900018,-8.095681]]]}},{"type":"Feature","properties":{"featurecla":"Land","scalerank":1,"min_zoom":1},"bbox":[119.920929,-8.933666,122.903537,-8.094234],"geometry":{"type":"Polygon","coordinates":[[[122.903537,-8.094234],[122.756983,-8.649808],[121.254491,-8.933666],[119.924391,-8.810418],[119.920929,-8.444859],[120.715092,-8.236965],[121.341669,-8.53674],[122.007365,-8.46062],[122.903537,-8.094234]]]}},{"type":"Feature","properties":{"featurecla":"Land","scalerank":1,"min_zoom":1},"bbox":[158.21115,-8.53829,159.917402,-7.320018],"geometry":{"type":"Polygon","coordinates":[[[159.875027,-8.33732],[159.917402,-8.53829],[159.133677,-8.114181],[158.586114,-7.754824],[158.21115,-7.421872],[158.359978,-7.320018],[158.820001,-7.560003],[159.640003,-8.020027],[159.875027,-8.33732]]]}},{"type":"Feature","properties":{"featurecla":"Land","scalerank":1,"min_zoom":1.5},"bbox":[156.491358,-7.404767,157.538426,-6.599338],"geometry":{"type":"Polygon","coordinates":[[[157.538426,-7.34782],[157.33942,-7.404767],[156.90203,-7.176874],[156.491358,-6.765943],[156.542828,-6.599338],[157.14,-7.021638],[157.538426,-7.34782]]]}},{"type":"Feature","properties":{"featurecla":"Land","scalerank":0,"min_zoom":0},"bbox":[105.365486,-8.751817,115.705527,-5.895919],"geometry":{"type":"Polygon","coordinates":[[[108.623479,-6.777674],[110.539227,-6.877358],[110.759576,-6.465186],[112.614811,-6.946036],[112.978768,-7.594213],[114.478935,-7.776528],[115.705527,-8.370807],[114.564511,-8.751817],[113.464734,-8.348947],[112.559672,-8.376181],[111.522061,-8.302129],[110.58615,-8.122605],[109.427667,-7.740664],[108.693655,-7.6416],[108.277763,-7.766657],[106.454102,-7.3549],[106.280624,-6.9249],[105.365486,-6.851416],[106.051646,-5.895919],[107.265009,-5.954985],[108.072091,-6.345762],[108.486846,-6.421985],[108.623479,-6.777674]]]}},{"type":"Feature","properties":{"featurecla":"Land","scalerank":1,"min_zoom":1.5},"bbox":[134.112776,-6.895238,134.727002,-5.445042],"geometry":{"type":"Polygon","coordinates":[[[134.724624,-6.214401],[134.210134,-6.895238],[134.112776,-6.142467],[134.290336,-5.783058],[134.499625,-5.445042],[134.727002,-5.737582],[134.724624,-6.214401]]]}},{"type":"Feature","properties":{"featurecla":"Land","scalerank":1,"min_zoom":1},"bbox":[154.514114,-6.919991,156.019965,-5.042431],"geometry":{"type":"Polygon","coordinates":[[[155.880026,-6.819997],[155.599991,-6.919991],[155.166994,-6.535931],[154.729192,-5.900828],[154.514114,-5.139118],[154.652504,-5.042431],[154.759991,-5.339984],[155.062918,-5.566792],[155.547746,-6.200655],[156.019965,-6.540014],[155.880026,-6.819997]]]}},{"type":"Feature","properties":{"featurecla":"Land","scalerank":1,"min_zoom":1},"bbox":[148.318937,-6.317754,152.338743,-4.14879],"geometry":{"type":"Polygon","coordinates":[[[151.982796,-5.478063],[151.459107,-5.56028],[151.30139,-5.840728],[150.754447,-6.083763],[150.241197,-6.317754],[149.709963,-6.316513],[148.890065,-6.02604],[148.318937,-5.747142],[148.401826,-5.437756],[149.298412,-5.583742],[149.845562,-5.505503],[149.99625,-5.026101],[150.139756,-5.001348],[150.236908,-5.53222],[150.807467,-5.455842],[151.089672,-5.113693],[151.647881,-4.757074],[151.537862,-4.167807],[152.136792,-4.14879],[152.338743,-4.312966],[152.318693,-4.867661],[151.982796,-5.478063]]]}},{"type":"Feature","properties":{"featurecla":"Land","scalerank":1,"min_zoom":1.5},"bbox":[125.989034,-3.790983,127.249215,-3.129318],"geometry":{"type":"Polygon","coordinates":[[[127.249215,-3.459065],[126.874923,-3.790983],[126.183802,-3.607376],[125.989034,-3.177273],[127.000651,-3.129318],[127.249215,-3.459065]]]}},{"type":"Feature","properties":{"featurecla":"Land","scalerank":1,"min_zoom":1},"bbox":[127.898891,-3.858472,130.834836,-2.802154],"geometry":{"type":"Polygon","coordinates":[[[130.471344,-3.093764],[130.834836,-3.858472],[129.990547,-3.446301],[129.155249,-3.362637],[128.590684,-3.428679],[127.898891,-3.393436],[128.135879,-2.84365],[129.370998,-2.802154],[130.471344,-3.093764]]]}},{"type":"Feature","properties":{"featurecla":"Land","scalerank":1,"min_zoom":1.5},"bbox":[150.66205,-4.766427,153.140038,-2.500002],"geometry":{"type":"Polygon","coordinates":[[[153.140038,-4.499983],[152.827292,-4.766427],[152.638673,-4.176127],[152.406026,-3.789743],[151.953237,-3.462062],[151.384279,-3.035422],[150.66205,-2.741486],[150.939965,-2.500002],[151.479984,-2.779985],[151.820015,-2.999972],[152.239989,-3.240009],[152.640017,-3.659983],[153.019994,-3.980015],[153.140038,-4.499983]]]}},{"type":"Feature","properties":{"featurecla":"Land","scalerank":0,"min_zoom":0},"bbox":[130.519558,-10.652476,150.801628,-0.369538],"geometry":{"type":"Polygon","coordinates":[[[134.143368,-1.151867],[134.422627,-2.769185],[135.457603,-3.367753],[136.293314,-2.307042],[137.440738,-1.703513],[138.329727,-1.702686],[139.184921,-2.051296],[139.926684,-2.409052],[141.00021,-2.600151],[142.735247,-3.289153],[144.583971,-3.861418],[145.27318,-4.373738],[145.829786,-4.876498],[145.981922,-5.465609],[147.648073,-6.083659],[147.891108,-6.614015],[146.970905,-6.721657],[147.191874,-7.388024],[148.084636,-8.044108],[148.734105,-9.104664],[149.306835,-9.071436],[149.266631,-9.514406],[150.038728,-9.684318],[149.738798,-9.872937],[150.801628,-10.293687],[150.690575,-10.582713],[150.028393,-10.652476],[149.78231,-10.393267],[148.923138,-10.280923],[147.913018,-10.130441],[147.135443,-9.492444],[146.567881,-8.942555],[146.048481,-8.067414],[144.744168,-7.630128],[143.897088,-7.91533],[143.286376,-8.245491],[143.413913,-8.983069],[142.628431,-9.326821],[142.068259,-9.159596],[141.033852,-9.117893],[140.143415,-8.297168],[139.127767,-8.096043],[138.881477,-8.380935],[137.614474,-8.411683],[138.039099,-7.597882],[138.668621,-7.320225],[138.407914,-6.232849],[137.92784,-5.393366],[135.98925,-4.546544],[135.164598,-4.462931],[133.66288,-3.538853],[133.367705,-4.024819],[132.983956,-4.112979],[132.756941,-3.746283],[132.753789,-3.311787],[131.989804,-2.820551],[133.066845,-2.460418],[133.780031,-2.479848],[133.696212,-2.214542],[132.232373,-2.212526],[131.836222,-1.617162],[130.94284,-1.432522],[130.519558,-0.93772],[131.867538,-0.695461],[132.380116,-0.369538],[133.985548,-0.78021],[134.143368,-1.151867]]]}},{"type":"Feature","properties":{"featurecla":"Land","scalerank":0,"min_zoom":0},"bbox":[118.767769,-5.6734,125.240501,1.643259],"geometry":{"type":"Polygon","coordinates":[[[125.240501,1.419836],[124.437035,0.427881],[123.685505,0.235593],[122.723083,0.431137],[121.056725,0.381217],[120.183083,0.237247],[120.04087,-0.519658],[120.935905,-1.408906],[121.475821,-0.955962],[123.340565,-0.615673],[123.258399,-1.076213],[122.822715,-0.930951],[122.38853,-1.516858],[121.508274,-1.904483],[122.454572,-3.186058],[122.271896,-3.5295],[123.170963,-4.683693],[123.162333,-5.340604],[122.628515,-5.634591],[122.236394,-5.282933],[122.719569,-4.464172],[121.738234,-4.851331],[121.489463,-4.574553],[121.619171,-4.188478],[120.898182,-3.602105],[120.972389,-2.627643],[120.305453,-2.931604],[120.390047,-4.097579],[120.430717,-5.528241],[119.796543,-5.6734],[119.366906,-5.379878],[119.653606,-4.459417],[119.498835,-3.494412],[119.078344,-3.487022],[118.767769,-2.801999],[119.180974,-2.147104],[119.323394,-1.353147],[119.825999,0.154254],[120.035702,0.566477],[120.885779,1.309223],[121.666817,1.013944],[122.927567,0.875192],[124.077522,0.917102],[125.065989,1.643259],[125.240501,1.419836]]]}},{"type":"Feature","properties":{"featurecla":"Land","scalerank":1,"min_zoom":1},"bbox":[127.39949,-0.899996,128.688249,2.174596],"geometry":{"type":"Polygon","coordinates":[[[128.688249,1.132386],[128.635952,0.258486],[128.12017,0.356413],[127.968034,-0.252077],[128.379999,-0.780004],[128.100016,-0.899996],[127.696475,-0.266598],[127.39949,1.011722],[127.600512,1.810691],[127.932378,2.174596],[128.004156,1.628531],[128.594559,1.540811],[128.688249,1.132386]]]}},{"type":"Feature","properties":{"featurecla":"Land","scalerank":0,"min_zoom":0},"bbox":[95.293026,-5.873285,106.108593,5.479821],"geometry":{"type":"Polygon","coordinates":[[[105.817655,-5.852356],[104.710384,-5.873285],[103.868213,-5.037315],[102.584261,-4.220259],[102.156173,-3.614146],[101.399113,-2.799777],[100.902503,-2.050262],[100.141981,-0.650348],[99.26374,0.183142],[98.970011,1.042882],[98.601351,1.823507],[97.699598,2.453184],[97.176942,3.308791],[96.424017,3.86886],[95.380876,4.970782],[95.293026,5.479821],[95.936863,5.439513],[97.484882,5.246321],[98.369169,4.26837],[99.142559,3.59035],[99.693998,3.174329],[100.641434,2.099381],[101.658012,2.083697],[102.498271,1.3987],[103.07684,0.561361],[103.838396,0.104542],[103.437645,-0.711946],[104.010789,-1.059212],[104.369991,-1.084843],[104.53949,-1.782372],[104.887893,-2.340425],[105.622111,-2.428844],[106.108593,-3.061777],[105.857446,-4.305525],[105.817655,-5.852356]]]}},{"type":"Feature","properties":{"featurecla":"Land","scalerank":0,"min_zoom":0},"bbox":[108.952658,-4.106984,119.181904,6.928053],"geometry":{"type":"Polygon","coordinates":[[[117.875627,1.827641],[118.996747,0.902219],[117.811858,0.784242],[117.478339,0.102475],[117.521644,-0.803723],[116.560048,-1.487661],[116.533797,-2.483517],[116.148084,-4.012726],[116.000858,-3.657037],[114.864803,-4.106984],[114.468652,-3.495704],[113.755672,-3.43917],[113.256994,-3.118776],[112.068126,-3.478392],[111.703291,-2.994442],[111.04824,-3.049426],[110.223846,-2.934032],[110.070936,-1.592874],[109.571948,-1.314907],[109.091874,-0.459507],[108.952658,0.415375],[109.069136,1.341934],[109.66326,2.006467],[110.396135,1.663775],[111.168853,1.850637],[111.370081,2.697303],[111.796928,2.885897],[112.995615,3.102395],[113.712935,3.893509],[114.204017,4.525874],[114.599961,4.900011],[115.45071,5.44773],[116.220741,6.143191],[116.725103,6.924771],[117.129626,6.928053],[117.643393,6.422166],[117.689075,5.98749],[118.347691,5.708696],[119.181904,5.407836],[119.110694,5.016128],[118.439727,4.966519],[118.618321,4.478202],[117.882035,4.137551],[117.313232,3.234428],[118.04833,2.28769],[117.875627,1.827641]]]}},{"type":"Feature","properties":{"featurecla":"Land","scalerank":0,"min_zoom":0},"bbox":[121.919928,5.581003,126.537424,9.760335],"geometry":{"type":"Polygon","coordinates":[[[126.376814,8.414706],[126.478513,7.750354],[126.537424,7.189381],[126.196773,6.274294],[125.831421,7.293715],[125.363852,6.786485],[125.683161,6.049657],[125.396512,5.581003],[124.219788,6.161355],[123.93872,6.885136],[124.243662,7.36061],[123.610212,7.833527],[123.296071,7.418876],[122.825506,7.457375],[122.085499,6.899424],[121.919928,7.192119],[122.312359,8.034962],[122.942398,8.316237],[123.487688,8.69301],[123.841154,8.240324],[124.60147,8.514158],[124.764612,8.960409],[125.471391,8.986997],[125.412118,9.760335],[126.222714,9.286074],[126.306637,8.782487],[126.376814,8.414706]]]}},{"type":"Feature","properties":{"featurecla":"Land","scalerank":1,"min_zoom":1},"bbox":[79.695167,5.96837,81.787959,9.824078],"geometry":{"type":"Polygon","coordinates":[[[81.21802,6.197141],[80.348357,5.96837],[79.872469,6.763463],[79.695167,8.200843],[80.147801,9.824078],[80.838818,9.268427],[81.304319,8.564206],[81.787959,7.523055],[81.637322,6.481775],[81.21802,6.197141]]]}},{"type":"Feature","properties":{"featurecla":"Land","scalerank":0,"min_zoom":1},"bbox":[-61.95,10,-60.895,10.89],"geometry":{"type":"Polygon","coordinates":[[[-60.935,10.11],[-61.77,10],[-61.95,10.09],[-61.66,10.365],[-61.68,10.76],[-61.105,10.89],[-60.895,10.855],[-60.935,10.11]]]}},{"type":"Feature","properties":{"featurecla":"Land","scalerank":1,"min_zoom":1},"bbox":[122.380055,9.022189,124.077936,11.232726],"geometry":{"type":"Polygon","coordinates":[[[123.982438,10.278779],[123.623183,9.950091],[123.309921,9.318269],[122.995883,9.022189],[122.380055,9.713361],[122.586089,9.981045],[122.837081,10.261157],[122.947411,10.881868],[123.49885,10.940624],[123.337774,10.267384],[124.077936,11.232726],[123.982438,10.278779]]]}},{"type":"Feature","properties":{"featurecla":"Land","scalerank":1,"min_zoom":1},"bbox":[117.174275,8.3675,119.689677,11.369668],"geometry":{"type":"Polygon","coordinates":[[[118.504581,9.316383],[117.174275,8.3675],[117.664477,9.066889],[118.386914,9.6845],[118.987342,10.376292],[119.511496,11.369668],[119.689677,10.554291],[119.029458,10.003653],[118.504581,9.316383]]]}},{"type":"Feature","properties":{"featurecla":"Land","scalerank":1,"min_zoom":1},"bbox":[121.883548,10.441017,123.120217,11.891755],"geometry":{"type":"Polygon","coordinates":[[[121.883548,11.891755],[122.483821,11.582187],[123.120217,11.58366],[123.100838,11.165934],[122.637714,10.741308],[122.00261,10.441017],[121.967367,10.905691],[122.03837,11.415841],[121.883548,11.891755]]]}},{"type":"Feature","properties":{"featurecla":"Land","scalerank":0,"min_zoom":0},"bbox":[124.266762,10.134679,125.783465,12.557761],"geometry":{"type":"Polygon","coordinates":[[[125.502552,12.162695],[125.783465,11.046122],[125.011884,11.311455],[125.032761,10.975816],[125.277449,10.358722],[124.801819,10.134679],[124.760168,10.837995],[124.459101,10.88993],[124.302522,11.495371],[124.891013,11.415583],[124.87799,11.79419],[124.266762,12.557761],[125.227116,12.535721],[125.502552,12.162695]]]}},{"type":"Feature","properties":{"featurecla":"Land","scalerank":1,"min_zoom":1.5},"bbox":[120.323436,12.20556,121.527394,13.466413],"geometry":{"type":"Polygon","coordinates":[[[121.527394,13.06959],[121.26219,12.20556],[120.833896,12.704496],[120.323436,13.466413],[121.180128,13.429697],[121.527394,13.06959]]]}},{"type":"Feature","properties":{"featurecla":"Land","scalerank":0,"min_zoom":0},"bbox":[119.883773,12.536677,124.181289,18.505227],"geometry":{"type":"Polygon","coordinates":[[[121.321308,18.504065],[121.937601,18.218552],[122.246006,18.47895],[122.336957,18.224883],[122.174279,17.810283],[122.515654,17.093505],[122.252311,16.262444],[121.662786,15.931018],[121.50507,15.124814],[121.728829,14.328376],[122.258925,14.218202],[122.701276,14.336541],[123.950295,13.782131],[123.855107,13.237771],[124.181289,12.997527],[124.077419,12.536677],[123.298035,13.027526],[122.928652,13.55292],[122.671355,13.185836],[122.03465,13.784482],[121.126385,13.636687],[120.628637,13.857656],[120.679384,14.271016],[120.991819,14.525393],[120.693336,14.756671],[120.564145,14.396279],[120.070429,14.970869],[119.920929,15.406347],[119.883773,16.363704],[120.286488,16.034629],[120.390047,17.599081],[120.715867,18.505227],[121.321308,18.504065]]]}},{"type":"Feature","properties":{"featurecla":"Land","scalerank":1,"min_zoom":1},"bbox":[-67.242428,17.946553,-65.591004,18.520601],"geometry":{"type":"Polygon","coordinates":[[[-65.591004,18.228035],[-65.847164,17.975906],[-66.599934,17.981823],[-67.184162,17.946553],[-67.242428,18.37446],[-67.100679,18.520601],[-66.282434,18.514762],[-65.771303,18.426679],[-65.591004,18.228035]]]}},{"type":"Feature","properties":{"featurecla":"Land","scalerank":1,"min_zoom":1},"bbox":[-78.337719,17.701116,-76.199659,18.524218],"geometry":{"type":"Polygon","coordinates":[[[-76.902561,17.868238],[-77.206341,17.701116],[-77.766023,17.861597],[-78.337719,18.225968],[-78.217727,18.454533],[-77.797365,18.524218],[-77.569601,18.490525],[-76.896619,18.400867],[-76.365359,18.160701],[-76.199659,17.886867],[-76.902561,17.868238]]]}},{"type":"Feature","properties":{"featurecla":"Land","scalerank":0,"min_zoom":0},"bbox":[-74.458034,17.598564,-68.317943,19.915684],"geometry":{"type":"Polygon","coordinates":[[[-72.579673,19.871501],[-71.712361,19.714456],[-71.587304,19.884911],[-70.806706,19.880286],[-70.214365,19.622885],[-69.950815,19.648],[-69.76925,19.293267],[-69.222126,19.313214],[-69.254346,19.015196],[-68.809412,18.979074],[-68.317943,18.612198],[-68.689316,18.205142],[-69.164946,18.422648],[-69.623988,18.380713],[-69.952934,18.428307],[-70.133233,18.245915],[-70.517137,18.184291],[-70.669298,18.426886],[-70.99995,18.283329],[-71.40021,17.598564],[-71.657662,17.757573],[-71.708305,18.044997],[-72.372476,18.214961],[-72.844411,18.145611],[-73.454555,18.217906],[-73.922433,18.030993],[-74.458034,18.34255],[-74.369925,18.664908],[-73.449542,18.526053],[-72.694937,18.445799],[-72.334882,18.668422],[-72.79165,19.101625],[-72.784105,19.483591],[-73.415022,19.639551],[-73.189791,19.915684],[-72.579673,19.871501]]]}},{"type":"Feature","properties":{"featurecla":"Land","scalerank":1,"min_zoom":1},"bbox":[108.626217,18.197701,111.010051,20.101254],"geometry":{"type":"Polygon","coordinates":[[[110.339188,18.678395],[109.47521,18.197701],[108.655208,18.507682],[108.626217,19.367888],[109.119056,19.821039],[110.211599,20.101254],[110.786551,20.077534],[111.010051,19.69593],[110.570647,19.255879],[110.339188,18.678395]]]}},{"type":"Feature","properties":{"featurecla":"Land","scalerank":0,"min_zoom":0.5},"bbox":[-156.07347,18.91619,-154.80741,20.26721],"geometry":{"type":"Polygon","coordinates":[[[-155.54211,19.08348],[-155.68817,18.91619],[-155.93665,19.05939],[-155.90806,19.33888],[-156.07347,19.70294],[-156.02368,19.81422],[-155.85008,19.97729],[-155.91907,20.17395],[-155.86108,20.26721],[-155.78505,20.2487],[-155.40214,20.07975],[-155.22452,19.99302],[-155.06226,19.8591],[-154.80741,19.50871],[-154.83147,19.45328],[-155.22217,19.23972],[-155.54211,19.08348]]]}},{"type":"Feature","properties":{"featurecla":"Land","scalerank":0,"min_zoom":1.5},"bbox":[-156.71055,20.57241,-155.99566,21.01249],"geometry":{"type":"Polygon","coordinates":[[[-156.07926,20.64397],[-156.41445,20.57241],[-156.58673,20.783],[-156.70167,20.8643],[-156.71055,20.92676],[-156.61258,21.01249],[-156.25711,20.91745],[-155.99566,20.76404],[-156.07926,20.64397]]]}},{"type":"Feature","properties":{"featurecla":"Land","scalerank":0,"min_zoom":1.5},"bbox":[-157.32521,21.06873,-156.75824,21.21958],"geometry":{"type":"Polygon","coordinates":[[[-156.75824,21.17684],[-156.78933,21.06873],[-157.32521,21.09777],[-157.25027,21.21958],[-156.75824,21.17684]]]}},{"type":"Feature","properties":{"featurecla":"Land","scalerank":0,"min_zoom":1},"bbox":[-158.29265,21.26442,-157.65283,21.71696],"geometry":{"type":"Polygon","coordinates":[[[-157.65283,21.32217],[-157.70703,21.26442],[-157.7786,21.27729],[-158.12667,21.31244],[-158.2538,21.53919],[-158.29265,21.57912],[-158.0252,21.71696],[-157.94161,21.65272],[-157.65283,21.32217]]]}},{"type":"Feature","properties":{"featurecla":"Land","scalerank":0,"min_zoom":1.5},"bbox":[-159.80051,21.88299,-159.34512,22.23618],"geometry":{"type":"Polygon","coordinates":[[[-159.34512,21.982],[-159.46372,21.88299],[-159.80051,22.06533],[-159.74877,22.1382],[-159.5962,22.23618],[-159.36569,22.21494],[-159.34512,21.982]]]}},{"type":"Feature","properties":{"featurecla":"Land","scalerank":0,"min_zoom":0},"bbox":[-84.974911,19.855481,-74.178025,23.188611],"geometry":{"type":"Polygon","coordinates":[[[-79.679524,22.765303],[-79.281486,22.399202],[-78.347434,22.512166],[-77.993296,22.277194],[-77.146422,21.657851],[-76.523825,21.20682],[-76.19462,21.220565],[-75.598222,21.016624],[-75.67106,20.735091],[-74.933896,20.693905],[-74.178025,20.284628],[-74.296648,20.050379],[-74.961595,19.923435],[-75.63468,19.873774],[-76.323656,19.952891],[-77.755481,19.855481],[-77.085108,20.413354],[-77.492655,20.673105],[-78.137292,20.739949],[-78.482827,21.028613],[-78.719867,21.598114],[-79.285,21.559175],[-80.217475,21.827324],[-80.517535,22.037079],[-81.820943,22.192057],[-82.169992,22.387109],[-81.795002,22.636965],[-82.775898,22.68815],[-83.494459,22.168518],[-83.9088,22.154565],[-84.052151,21.910575],[-84.54703,21.801228],[-84.974911,21.896028],[-84.447062,22.20495],[-84.230357,22.565755],[-83.77824,22.788118],[-83.267548,22.983042],[-82.510436,23.078747],[-82.268151,23.188611],[-81.404457,23.117271],[-80.618769,23.10598],[-79.679524,22.765303]]]}},{"type":"Feature","properties":{"featurecla":"Land","scalerank":0,"min_zoom":1},"bbox":[-78.40848,23.71,-77.53466,25.2103],"geometry":{"type":"Polygon","coordinates":[[[-77.53466,23.75975],[-77.78,23.71],[-78.03405,24.28615],[-78.40848,24.57564],[-78.19087,25.2103],[-77.89,25.17],[-77.54,24.34],[-77.53466,23.75975]]]}},{"type":"Feature","properties":{"featurecla":"Land","scalerank":1,"min_zoom":1},"bbox":[120.106189,21.970571,121.951244,25.295459],"geometry":{"type":"Polygon","coordinates":[[[121.175632,22.790857],[120.74708,21.970571],[120.220083,22.814861],[120.106189,23.556263],[120.69468,24.538451],[121.495044,25.295459],[121.951244,24.997596],[121.777818,24.394274],[121.175632,22.790857]]]}},{"type":"Feature","properties":{"featurecla":"Land","scalerank":0,"min_zoom":1.5},"bbox":[-78.98,26.42,-77.82,26.87],"geometry":{"type":"Polygon","coordinates":[[[-77.82,26.58],[-78.91,26.42],[-78.98,26.79],[-78.51,26.87],[-77.85,26.84],[-77.82,26.58]]]}},{"type":"Feature","properties":{"featurecla":"Land","scalerank":0,"min_zoom":1.5},"bbox":[-77.79,25.87918,-77,27.04],"geometry":{"type":"Polygon","coordinates":[[[-77,26.59],[-77.17255,25.87918],[-77.35641,26.00735],[-77.34,26.53],[-77.78802,26.92516],[-77.79,27.04],[-77,26.59]]]}},{"type":"Feature","properties":{"featurecla":"Land","scalerank":1,"min_zoom":1.5},"bbox":[132.363115,32.704567,134.766379,34.364931],"geometry":{"type":"Polygon","coordinates":[[[134.638428,34.149234],[134.766379,33.806335],[134.203416,33.201178],[133.79295,33.521985],[133.280268,33.28957],[133.014858,32.704567],[132.363115,32.989382],[132.371176,33.463642],[132.924373,34.060299],[133.492968,33.944621],[133.904106,34.364931],[134.638428,34.149234]]]}},{"type":"Feature","properties":{"featurecla":"Land","scalerank":1,"min_zoom":1},"bbox":[32.256667,34.571869,34.576474,35.671596],"geometry":{"type":"Polygon","coordinates":[[[34.576474,35.671596],[33.900804,35.245756],[33.973617,35.058506],[34.004881,34.978098],[32.979827,34.571869],[32.490296,34.701655],[32.256667,35.103232],[32.73178,35.140026],[32.802474,35.145504],[32.946961,35.386703],[33.667227,35.373216],[34.576474,35.671596]]]}},{"type":"Feature","properties":{"featurecla":"Land","scalerank":1,"min_zoom":1},"bbox":[23.514978,34.919988,26.290003,35.705004],"geometry":{"type":"Polygon","coordinates":[[[23.69998,35.705004],[24.246665,35.368022],[25.025015,35.424996],[25.769208,35.354018],[25.745023,35.179998],[26.290003,35.29999],[26.164998,35.004995],[24.724982,34.919988],[24.735007,35.084991],[23.514978,35.279992],[23.69998,35.705004]]]}},{"type":"Feature","properties":{"featurecla":"Land","scalerank":1,"min_zoom":1},"bbox":[12.431004,36.619987,15.520376,38.231155],"geometry":{"type":"Polygon","coordinates":[[[15.520376,38.231155],[15.160243,37.444046],[15.309898,37.134219],[15.099988,36.619987],[14.335229,36.996631],[13.826733,37.104531],[12.431004,37.61295],[12.570944,38.126381],[13.741156,38.034966],[14.761249,38.143874],[15.520376,38.231155]]]}},{"type":"Feature","properties":{"featurecla":"Land","scalerank":1,"min_zoom":1},"bbox":[8.159998,38.906618,9.809975,41.209991],"geometry":{"type":"Polygon","coordinates":[[[9.210012,41.209991],[9.809975,40.500009],[9.669519,39.177376],[9.214818,39.240473],[8.806936,38.906618],[8.428302,39.171847],[8.388253,40.378311],[8.159998,40.950007],[8.709991,40.899984],[9.210012,41.209991]]]}},{"type":"Feature","properties":{"featurecla":"Land","scalerank":0,"min_zoom":0},"bbox":[129.408463,31.029579,141.914263,41.37856],"geometry":{"type":"Polygon","coordinates":[[[140.976388,37.142074],[140.59977,36.343983],[140.774074,35.842877],[140.253279,35.138114],[138.975528,34.6676],[137.217599,34.606286],[135.792983,33.464805],[135.120983,33.849071],[135.079435,34.596545],[133.340316,34.375938],[132.156771,33.904933],[130.986145,33.885761],[132.000036,33.149992],[131.33279,31.450355],[130.686318,31.029579],[130.20242,31.418238],[130.447676,32.319475],[129.814692,32.61031],[129.408463,33.296056],[130.353935,33.604151],[130.878451,34.232743],[131.884229,34.749714],[132.617673,35.433393],[134.608301,35.731618],[135.677538,35.527134],[136.723831,37.304984],[137.390612,36.827391],[138.857602,37.827485],[139.426405,38.215962],[140.05479,39.438807],[139.883379,40.563312],[140.305783,41.195005],[141.368973,41.37856],[141.914263,39.991616],[141.884601,39.180865],[140.959489,38.174001],[140.976388,37.142074]]]}},{"type":"Feature","properties":{"featurecla":"Land","scalerank":1,"min_zoom":1},"bbox":[8.544213,41.380007,9.560016,43.009985],"geometry":{"type":"Polygon","coordinates":[[[9.560016,42.152492],[9.229752,41.380007],[8.775723,41.583612],[8.544213,42.256517],[8.746009,42.628122],[9.390001,43.009985],[9.560016,42.152492]]]}},{"type":"Feature","properties":{"featurecla":"Land","scalerank":0,"min_zoom":0},"bbox":[139.817544,41.569556,145.543137,45.551483],"geometry":{"type":"Polygon","coordinates":[[[143.910162,44.1741],[144.613427,43.960883],[145.320825,44.384733],[145.543137,43.262088],[144.059662,42.988358],[143.18385,41.995215],[141.611491,42.678791],[141.067286,41.584594],[139.955106,41.569556],[139.817544,42.563759],[140.312087,43.333273],[141.380549,43.388825],[141.671952,44.772125],[141.967645,45.551483],[143.14287,44.510358],[143.910162,44.1741]]]}},{"type":"Feature","properties":{"featurecla":"Land","scalerank":0,"min_zoom":1},"bbox":[-64.39261,45.96818,-62.01208,47.03601],"geometry":{"type":"Polygon","coordinates":[[[-63.6645,46.55001],[-62.9393,46.41587],[-62.01208,46.44314],[-62.50391,46.03339],[-62.87433,45.96818],[-64.1428,46.39265],[-64.39261,46.72747],[-64.01486,47.03601],[-63.6645,46.55001]]]}},{"type":"Feature","properties":{"featurecla":"Land","scalerank":0,"min_zoom":1},"bbox":[-64.51912,49.08717,-61.806305,49.95718],"geometry":{"type":"Polygon","coordinates":[[[-61.806305,49.10506],[-62.29318,49.08717],[-63.58926,49.40069],[-64.51912,49.87304],[-64.17322,49.95718],[-62.85829,49.70641],[-61.835585,49.28855],[-61.806305,49.10506]]]}},{"type":"Feature","properties":{"featurecla":"Land","scalerank":1,"min_zoom":1},"bbox":[-128.444584,48.370846,-123.510002,50.770648],"geometry":{"type":"Polygon","coordinates":[[[-123.510002,48.510011],[-124.012891,48.370846],[-125.655013,48.825005],[-125.954994,49.179996],[-126.850004,49.53],[-127.029993,49.814996],[-128.059336,49.994959],[-128.444584,50.539138],[-128.358414,50.770648],[-127.308581,50.552574],[-126.695001,50.400903],[-125.755007,50.295018],[-125.415002,49.950001],[-124.920768,49.475275],[-123.922509,49.062484],[-123.510002,48.510011]]]}},{"type":"Feature","properties":{"featurecla":"Land","scalerank":0,"min_zoom":0},"bbox":[-59.419494,46.618292,-52.648099,51.632094],"geometry":{"type":"Polygon","coordinates":[[[-56.134036,50.68701],[-56.795882,49.812309],[-56.143105,50.150117],[-55.471492,49.935815],[-55.822401,49.587129],[-54.935143,49.313011],[-54.473775,49.556691],[-53.476549,49.249139],[-53.786014,48.516781],[-53.086134,48.687804],[-52.958648,48.157164],[-52.648099,47.535548],[-53.069158,46.655499],[-53.521456,46.618292],[-54.178936,46.807066],[-53.961869,47.625207],[-54.240482,47.752279],[-55.400773,46.884994],[-55.997481,46.91972],[-55.291219,47.389562],[-56.250799,47.632545],[-57.325229,47.572807],[-59.266015,47.603348],[-59.419494,47.899454],[-58.796586,48.251525],[-59.231625,48.523188],[-58.391805,49.125581],[-57.35869,50.718274],[-56.73865,51.287438],[-55.870977,51.632094],[-55.406974,51.588273],[-55.600218,51.317075],[-56.134036,50.68701]]]}},{"type":"Feature","properties":{"featurecla":"Land","scalerank":1,"min_zoom":1},"bbox":[-133.239664,52.180433,-131.179043,54.169975],"geometry":{"type":"Polygon","coordinates":[[[-132.710008,54.040009],[-132.710009,54.040009],[-132.710008,54.040009],[-132.710008,54.040009],[-131.74999,54.120004],[-132.04948,52.984621],[-131.179043,52.180433],[-131.57783,52.182371],[-132.180428,52.639707],[-132.549992,53.100015],[-133.054611,53.411469],[-133.239664,53.85108],[-133.180004,54.169975],[-132.710008,54.040009]]]}},{"type":"Feature","properties":{"featurecla":"Land","scalerank":0,"min_zoom":0},"bbox":[141.594076,45.966755,144.654148,54.365881],"geometry":{"type":"Polygon","coordinates":[[[143.648007,50.7476],[144.654148,48.976391],[143.173928,49.306551],[142.558668,47.861575],[143.533492,46.836728],[143.505277,46.137908],[142.747701,46.740765],[142.09203,45.966755],[141.906925,46.805929],[142.018443,47.780133],[141.904445,48.859189],[142.1358,49.615163],[142.179983,50.952342],[141.594076,51.935435],[141.682546,53.301966],[142.606934,53.762145],[142.209749,54.225476],[142.654786,54.365881],[142.914616,53.704578],[143.260848,52.74076],[143.235268,51.75666],[143.648007,50.7476]]]}},{"type":"Feature","properties":{"featurecla":"Land","scalerank":0,"min_zoom":0},"bbox":[-9.977086,51.669301,-5.661949,55.17286],"geometry":{"type":"Polygon","coordinates":[[[-6.788857,52.260118],[-8.561617,51.669301],[-9.977086,51.820455],[-9.166283,52.864629],[-9.688525,53.881363],[-8.327987,54.664519],[-7.572168,55.131622],[-6.733847,55.17286],[-5.661949,54.554603],[-6.197885,53.867565],[-6.032985,53.153164],[-6.788857,52.260118]]]}},{"type":"Feature","properties":{"featurecla":"Land","scalerank":1,"min_zoom":1},"bbox":[10.903914,54.800015,12.690006,56.111407],"geometry":{"type":"Polygon","coordinates":[[[12.690006,55.609991],[12.089991,54.800015],[11.043543,55.364864],[10.903914,55.779955],[12.370904,56.111407],[12.690006,55.609991]]]}},{"type":"Feature","properties":{"featurecla":"Land","scalerank":1,"min_zoom":1},"bbox":[-154.670993,56.734677,-152.141147,57.968968],"geometry":{"type":"Polygon","coordinates":[[[-153.006314,57.115842],[-154.00509,56.734677],[-154.516403,56.992749],[-154.670993,57.461196],[-153.76278,57.816575],[-153.228729,57.968968],[-152.564791,57.901427],[-152.141147,57.591059],[-153.006314,57.115842]]]}},{"type":"Feature","properties":{"featurecla":"Land","scalerank":0,"min_zoom":0},"bbox":[-6.149981,49.96,1.681531,58.635],"geometry":{"type":"Polygon","coordinates":[[[-3.005005,58.635],[-4.073828,57.553025],[-3.055002,57.690019],[-1.959281,57.6848],[-2.219988,56.870017],[-3.119003,55.973793],[-2.085009,55.909998],[-1.114991,54.624986],[-0.430485,54.464376],[0.184981,53.325014],[0.469977,52.929999],[1.681531,52.73952],[1.559988,52.099998],[1.050562,51.806761],[1.449865,51.289428],[0.550334,50.765739],[-0.787517,50.774989],[-2.489998,50.500019],[-2.956274,50.69688],[-3.617448,50.228356],[-4.542508,50.341837],[-5.245023,49.96],[-5.776567,50.159678],[-4.30999,51.210001],[-3.414851,51.426009],[-4.984367,51.593466],[-5.267296,51.9914],[-4.222347,52.301356],[-4.770013,52.840005],[-4.579999,53.495004],[-3.09208,53.404441],[-2.945009,53.985],[-3.630005,54.615013],[-4.844169,54.790971],[-5.082527,55.061601],[-4.719112,55.508473],[-5.047981,55.783986],[-5.586398,55.311146],[-5.644999,56.275015],[-6.149981,56.78501],[-5.786825,57.818848],[-5.009999,58.630013],[-4.211495,58.550845],[-3.005005,58.635]]]}},{"type":"Feature","properties":{"featurecla":"Land","scalerank":0,"min_zoom":1.5},"bbox":[-167.455277,59.754441,-165.579164,60.38417],"geometry":{"type":"Polygon","coordinates":[[[-165.579164,59.909987],[-166.19277,59.754441],[-166.848337,59.941406],[-167.455277,60.213069],[-166.467792,60.38417],[-165.67443,60.293607],[-165.579164,59.909987]]]}},{"type":"Feature","properties":{"featurecla":"Land","scalerank":0,"min_zoom":1.5},"bbox":[-80.36215,61.63308,-79.26582,62.3856],"geometry":{"type":"Polygon","coordinates":[[[-79.26582,62.158675],[-79.65752,61.63308],[-80.09956,61.7181],[-80.36215,62.01649],[-80.315395,62.085565],[-79.92939,62.3856],[-79.52002,62.36371],[-79.26582,62.158675]]]}},{"type":"Feature","properties":{"featurecla":"Land","scalerank":0,"min_zoom":1.5},"bbox":[-83.99367,62.15922,-81.87699,62.91409],"geometry":{"type":"Polygon","coordinates":[[[-81.89825,62.7108],[-83.06857,62.15922],[-83.77462,62.18231],[-83.99367,62.4528],[-83.25048,62.91409],[-81.87699,62.90458],[-81.89825,62.7108]]]}},{"type":"Feature","properties":{"featurecla":"Land","scalerank":1,"min_zoom":1.5},"bbox":[-171.791111,62.976931,-168.689439,63.782515],"geometry":{"type":"Polygon","coordinates":[[[-171.731657,63.782515],[-171.114434,63.592191],[-170.491112,63.694975],[-169.682505,63.431116],[-168.689439,63.297506],[-168.771941,63.188598],[-169.52944,62.976931],[-170.290556,63.194438],[-170.671386,63.375822],[-171.553063,63.317789],[-171.791111,63.405846],[-171.731657,63.782515]]]}},{"type":"Feature","properties":{"featurecla":"Land","scalerank":1,"min_zoom":0.5},"bbox":[-87.221983,63.052379,-80.103451,65.738778],"geometry":{"type":"Polygon","coordinates":[[[-85.161308,65.657285],[-84.975764,65.217518],[-84.464012,65.371772],[-83.882626,65.109618],[-82.787577,64.766693],[-81.642014,64.455136],[-81.55344,63.979609],[-80.817361,64.057486],[-80.103451,63.725981],[-80.99102,63.411246],[-82.547178,63.651722],[-83.108798,64.101876],[-84.100417,63.569712],[-85.523405,63.052379],[-85.866769,63.637253],[-87.221983,63.541238],[-86.35276,64.035833],[-86.224886,64.822917],[-85.883848,65.738778],[-85.161308,65.657285]]]}},{"type":"Feature","properties":{"featurecla":"Land","scalerank":0,"min_zoom":0},"bbox":[-24.326184,63.496383,-13.609732,66.526792],"geometry":{"type":"Polygon","coordinates":[[[-14.508695,66.455892],[-14.739637,65.808748],[-13.609732,65.126671],[-14.909834,64.364082],[-17.794438,63.678749],[-18.656246,63.496383],[-19.972755,63.643635],[-22.762972,63.960179],[-21.778484,64.402116],[-23.955044,64.89113],[-22.184403,65.084968],[-22.227423,65.378594],[-24.326184,65.611189],[-23.650515,66.262519],[-22.134922,66.410469],[-20.576284,65.732112],[-19.056842,66.276601],[-17.798624,65.993853],[-16.167819,66.526792],[-14.508695,66.455892]]]}},{"type":"Feature","properties":{"featurecla":"Land","scalerank":0,"min_zoom":1},"bbox":[-77.2364,67.09873,-75.10333,68.28721],"geometry":{"type":"Polygon","coordinates":[[[-75.86588,67.14886],[-76.98687,67.09873],[-77.2364,67.58809],[-76.81166,68.14856],[-75.89521,68.28721],[-75.1145,68.01036],[-75.10333,67.58202],[-75.21597,67.44425],[-75.86588,67.14886]]]}},{"type":"Feature","properties":{"featurecla":"Land","scalerank":0,"min_zoom":0},"bbox":[-180,64.25269,-169.89958,68.963636],"geometry":{"type":"Polygon","coordinates":[[[-175.01425,66.58435],[-174.33983,66.33556],[-174.57182,67.06219],[-171.85731,66.91308],[-169.89958,65.97724],[-170.89107,65.54139],[-172.53025,65.43791],[-172.555,64.46079],[-172.95533,64.25269],[-173.89184,64.2826],[-174.65392,64.63125],[-175.98353,64.92288],[-176.20716,65.35667],[-177.22266,65.52024],[-178.35993,65.39052],[-178.90332,65.74044],[-178.68611,66.11211],[-179.88377,65.87456],[-179.43268,65.40411],[-180,64.979709],[-180,68.963636],[-177.55,68.2],[-174.92825,67.20589],[-175.01425,66.58435]]]}},{"type":"Feature","properties":{"featurecla":"Land","scalerank":1,"min_zoom":1.5},"bbox":[-99.797401,68.75704,-95.647681,70.14354],"geometry":{"type":"Polygon","coordinates":[[[-95.647681,69.10769],[-96.269521,68.75704],[-97.617401,69.06003],[-98.431801,68.9507],[-99.797401,69.40003],[-98.917401,69.71003],[-98.218261,70.14354],[-97.157401,69.86003],[-96.557401,69.68003],[-96.257401,69.49003],[-95.647681,69.10769]]]}},{"type":"Feature","properties":{"featurecla":"Land","scalerank":0,"min_zoom":1},"bbox":[178.7253,70.78114,180,71.515714],"geometry":{"type":"Polygon","coordinates":[[[180,70.832199],[178.903425,70.78114],[178.7253,71.0988],[180,71.515714],[180,70.832199]]]}},{"type":"Feature","properties":{"featurecla":"Land","scalerank":0,"min_zoom":0},"bbox":[-180,70.832199,-177.577945,71.55762],"geometry":{"type":"Polygon","coordinates":[[[-178.69378,70.89302],[-180,70.832199],[-180,71.515714],[-179.871875,71.55762],[-179.02433,71.55553],[-177.577945,71.26948],[-177.663575,71.13277],[-178.69378,70.89302]]]}},{"type":"Feature","properties":{"featurecla":"Land","scalerank":0,"min_zoom":0},"bbox":[-168.110474,-53.856384,-34.72998,71.920471],"geometry":{"type":"Polygon","coordinates":[[[-90.547119,69.497681],[-90.551514,68.475098],[-89.215088,69.258728],[-88.019592,68.615112],[-88.317505,67.873474],[-87.350098,67.19873],[-86.306091,67.921509],[-85.576599,68.784485],[-85.521912,69.88208],[-84.100769,69.805481],[-82.622498,69.658325],[-81.280396,69.162109],[-81.220215,68.66571],[-81.964294,68.132507],[-81.259277,67.59729],[-81.386475,67.110901],[-83.344482,66.411682],[-84.735413,66.257324],[-85.769409,66.558289],[-86.067627,66.056274],[-87.031372,65.213074],[-87.323181,64.775696],[-88.48291,64.099121],[-89.914429,64.032715],[-90.703979,63.610291],[-90.77002,62.960327],[-91.933411,62.835083],[-93.156982,62.024719],[-94.241516,60.898682],[-94.629272,60.110291],[-94.684509,58.948914],[-93.215027,58.782104],[-92.764587,57.845703],[-92.296997,57.087097],[-90.897705,57.284729],[-89.03949,56.851685],[-88.039795,56.47168],[-87.324219,55.999084],[-86.071228,55.723877],[-85.01178,55.302673],[-83.360474,55.244873],[-82.272827,55.148315],[-82.436218,54.282288],[-82.125,53.2771],[-81.400696,52.157898],[-79.912903,51.208496],[-79.143005,51.533875],[-78.601929,52.562073],[-79.124207,54.141479],[-79.82959,54.667725],[-78.228699,55.136475],[-77.095581,55.837524],[-76.541382,56.534302],[-76.623108,57.202698],[-77.302185,58.052124],[-78.516907,58.804688],[-77.33667,59.852722],[-77.772705,60.757874],[-78.106812,62.319702],[-77.410583,62.550476],[-75.696228,62.278503],[-74.668213,62.181091],[-73.839905,62.443909],[-72.908508,62.105103],[-71.677002,61.52533],[-71.373718,61.137085],[-69.590393,61.061523],[-69.6203,60.221313],[-69.287903,58.957275],[-68.374512,58.801086],[-67.64978,58.212097],[-66.201782,58.767273],[-65.245178,59.870728],[-64.583496,60.335693],[-63.804687,59.442688],[-62.50238,58.167114],[-61.396484,56.967529],[-61.798584,56.339478],[-60.468506,55.775513],[-59.56958,55.204102],[-57.975098,54.945496],[-57.333191,54.626526],[-56.93689,53.780273],[-56.158081,53.647522],[-55.756287,53.270508],[-55.683289,52.146729],[-56.40918,51.770691],[-57.126892,51.419678],[-58.77478,51.06427],[-60.033081,50.24292],[-61.723572,50.080505],[-63.862488,50.291077],[-65.363281,50.298279],[-66.398987,50.228882],[-67.236328,49.511475],[-68.511108,49.068481],[-69.953613,47.744873],[-71.104492,46.821716],[-70.255188,46.986084],[-68.650024,48.30011],[-66.552429,49.133118],[-65.056213,49.23291],[-64.171021,48.742493],[-65.115479,48.070923],[-64.798523,46.993103],[-64.472107,46.238525],[-63.173279,45.739075],[-61.520691,45.883911],[-60.518127,47.007874],[-60.448608,46.282715],[-59.802795,45.920471],[-61.039795,45.26532],[-63.2547,44.670288],[-64.246582,44.265503],[-65.364075,43.545288],[-66.123413,43.618713],[-66.161682,44.465088],[-64.425476,45.292114],[-66.026001,45.259277],[-67.13739,45.137512],[-66.9646,44.809692],[-68.032471,44.325317],[-69.059998,43.980103],[-70.116089,43.684082],[-70.690002,43.03009],[-70.81488,42.865295],[-70.825012,42.335083],[-70.494995,41.805115],[-70.080017,41.78009],[-70.184998,42.145081],[-69.884888,41.922913],[-69.965027,41.637085],[-70.640015,41.475098],[-71.1203,41.494507],[-71.859985,41.320129],[-72.294983,41.270081],[-72.876404,41.220703],[-73.710022,40.931091],[-72.241211,41.119507],[-71.945007,40.930115],[-73.34491,40.630127],[-73.981995,40.628113],[-73.952271,40.750671],[-74.256714,40.473511],[-73.962402,40.427673],[-74.178406,39.70929],[-74.906006,38.939514],[-74.980408,39.196472],[-75.200012,39.248474],[-75.528076,39.498474],[-75.320007,38.960083],[-75.083496,38.781311],[-75.056702,38.404114],[-75.37738,38.015503],[-75.940186,37.216919],[-76.031189,37.256714],[-75.721985,37.937073],[-76.232788,38.319275],[-76.349976,39.150085],[-76.542725,38.717712],[-76.329285,38.083313],[-76.960022,38.23291],[-76.301575,37.918091],[-76.258728,36.966492],[-75.971802,36.897278],[-75.867981,36.551331],[-75.727478,35.55072],[-76.363098,34.808472],[-77.397583,34.512085],[-78.054871,33.925476],[-78.554321,33.861328],[-79.060608,33.49408],[-79.203491,33.158508],[-80.30127,32.509277],[-80.86499,32.033325],[-81.336304,31.440491],[-81.490417,30.730103],[-81.313721,30.035522],[-80.97998,29.180115],[-80.535583,28.472107],[-80.530029,28.0401],[-80.056519,26.880127],[-80.088013,26.205688],[-80.13147,25.816895],[-80.380981,25.206299],[-80.679993,25.080078],[-81.172119,25.201294],[-81.330017,25.640076],[-81.710022,25.870117],[-82.23999,26.730103],[-82.705078,27.495117],[-82.855286,27.886292],[-82.650024,28.55011],[-82.929993,29.100098],[-83.709595,29.936707],[-84.099976,30.090088],[-85.108826,29.636292],[-85.287781,29.686096],[-85.77301,30.15271],[-86.400024,30.400085],[-87.530273,30.274475],[-88.417786,30.384888],[-89.180481,30.316101],[-89.604919,30.176331],[-89.413696,29.894287],[-89.429993,29.488708],[-89.21759,29.291077],[-89.408203,29.159729],[-89.779297,29.307129],[-90.154602,29.117493],[-90.880188,29.148682],[-91.626709,29.677124],[-92.499084,29.552307],[-93.226379,29.783875],[-93.848389,29.713684],[-94.690002,29.480103],[-95.600281,28.738708],[-96.593994,28.307495],[-97.140015,27.830078],[-97.369995,27.380127],[-97.380005,26.690125],[-97.330017,26.210083],[-97.140198,25.869507],[-97.138611,25.86792],[-97.141785,25.865906],[-97.528076,24.992126],[-97.702881,24.272278],[-97.776001,22.932678],[-97.872375,22.444275],[-97.698975,21.898682],[-97.388977,21.411072],[-97.18927,20.635498],[-96.525513,19.89093],[-96.292114,19.320496],[-95.900879,18.828125],[-94.838989,18.562683],[-94.42572,18.144287],[-93.548584,18.423889],[-92.786072,18.524902],[-92.037292,18.704712],[-91.407898,18.876099],[-90.77179,19.284119],[-90.533508,19.867493],[-90.451477,20.70752],[-90.278625,20.999878],[-89.601318,21.261719],[-88.543884,21.493713],[-87.658386,21.458923],[-87.05188,21.543518],[-86.812012,21.331482],[-86.845886,20.849915],[-87.383301,20.255493],[-87.620972,19.646484],[-87.436707,19.472473],[-87.586487,19.0401],[-87.837219,18.259888],[-88.090576,18.516724],[-88.299988,18.500122],[-88.296326,18.353271],[-88.106812,18.348694],[-88.123413,18.076721],[-88.285278,17.644287],[-88.197876,17.489502],[-88.302612,17.131714],[-88.239502,17.036072],[-88.355408,16.530884],[-88.551819,16.265503],[-88.732422,16.233704],[-88.930603,15.887329],[-88.604614,15.706482],[-88.518311,15.85553],[-88.224976,15.727722],[-88.121094,15.688721],[-87.901794,15.864502],[-87.615601,15.878906],[-87.522888,15.797302],[-87.367676,15.846924],[-86.903198,15.756714],[-86.440918,15.782898],[-86.119202,15.893494],[-86.001892,16.005493],[-85.683289,15.953674],[-85.44397,15.885681],[-85.182373,15.909302],[-84.983704,15.995911],[-84.526978,15.8573],[-84.368225,15.835083],[-84.062988,15.648315],[-83.773987,15.424072],[-83.4104,15.270874],[-83.147217,14.995911],[-83.233215,14.899902],[-83.28418,14.676697],[-83.182129,14.31073],[-83.412476,13.970093],[-83.519775,13.567688],[-83.552185,13.127075],[-83.498474,12.869324],[-83.473328,12.419128],[-83.626099,12.320923],[-83.719604,11.893127],[-83.650879,11.629089],[-83.855408,11.373291],[-83.808899,11.103088],[-83.655579,10.938904],[-83.402283,10.395508],[-83.015686,9.993103],[-82.546204,9.566284],[-82.187073,9.20752],[-82.207581,8.995728],[-81.808594,8.950684],[-81.714111,9.032104],[-81.439209,8.786316],[-80.947327,8.858521],[-80.521912,9.111084],[-79.914612,9.312683],[-79.573303,9.611694],[-79.021179,9.552917],[-79.058411,9.454712],[-78.500916,9.420471],[-78.055908,9.247681],[-77.729492,8.946899],[-77.353271,8.670471],[-76.836609,8.638672],[-76.086304,9.336914],[-75.674622,9.443298],[-75.664673,9.774109],[-75.480408,10.61908],[-74.906921,11.08313],[-74.276672,11.102112],[-74.197205,11.310486],[-73.414673,11.227112],[-72.627808,11.732117],[-72.23822,11.955688],[-71.754089,12.437317],[-71.39978,12.376099],[-71.13739,12.113098],[-71.331604,11.776306],[-71.359985,11.5401],[-71.947021,11.423279],[-71.620789,10.969482],[-71.632996,10.446472],[-72.074097,9.865723],[-71.695618,9.072327],[-71.264587,9.137329],[-71.039978,9.860107],[-71.350098,10.211914],[-71.400574,10.969116],[-70.155212,11.375488],[-70.293823,11.846924],[-69.943176,12.162292],[-69.58429,11.459717],[-68.882996,11.443481],[-68.233276,10.885681],[-68.194092,10.554688],[-67.296204,10.545898],[-66.227783,10.648682],[-65.655212,10.200928],[-64.890381,10.077271],[-64.329407,10.389709],[-64.317993,10.641479],[-63.079285,10.701721],[-61.88092,10.715698],[-62.730103,10.420288],[-62.388489,9.948303],[-61.588684,9.873108],[-60.830505,9.381287],[-60.671204,8.580322],[-60.150085,8.602905],[-59.758301,8.367126],[-59.101685,7.999329],[-58.48291,7.347717],[-58.454895,6.832886],[-58.078125,6.809082],[-57.542175,6.321289],[-57.1474,5.973083],[-55.94928,5.772888],[-55.841797,5.953125],[-55.033203,6.02533],[-53.958008,5.756531],[-53.618408,5.646484],[-52.88208,5.409912],[-51.823303,4.565918],[-51.657776,4.156311],[-51.317078,4.203491],[-51.069702,3.650513],[-50.508789,1.901489],[-49.973999,1.736511],[-49.947083,1.046326],[-50.69928,0.223083],[-50.388184,-0.078369],[-48.620483,-0.235413],[-48.584412,-1.237793],[-47.82489,-0.581604],[-46.566589,-0.940979],[-44.905701,-1.551697],[-44.417603,-2.137695],[-44.581604,-2.691284],[-43.418701,-2.383118],[-41.472595,-2.911987],[-39.978577,-2.872986],[-38.500305,-3.700623],[-37.223206,-4.820923],[-36.452881,-5.109375],[-35.597778,-5.149475],[-35.235413,-5.464905],[-34.895996,-6.73822],[-34.72998,-7.343201],[-35.128174,-8.996399],[-35.636902,-9.649292],[-37.046509,-11.04071],[-37.683594,-12.171204],[-38.423889,-13.038086],[-38.673889,-13.057678],[-38.953186,-13.793396],[-38.882324,-15.666992],[-39.161011,-17.208374],[-39.267273,-17.867676],[-39.583496,-18.262207],[-39.760803,-19.599121],[-40.774719,-20.90448],[-40.944702,-21.937317],[-41.754089,-22.370605],[-41.988281,-22.970093],[-43.074707,-22.967712],[-44.647827,-23.35199],[-45.352112,-23.796814],[-46.472107,-24.088989],[-47.648987,-24.885193],[-48.495483,-25.877014],[-48.640991,-26.623718],[-48.47467,-27.175903],[-48.661499,-28.186096],[-48.888428,-28.674072],[-49.58728,-29.224487],[-50.696899,-30.984375],[-51.576172,-31.77771],[-52.256104,-32.2453],[-52.712097,-33.196594],[-53.373596,-33.768311],[-53.806396,-34.39679],[-54.935791,-34.952576],[-55.674011,-34.752686],[-56.21521,-34.859802],[-57.139709,-34.430481],[-57.81781,-34.462524],[-58.427002,-33.909485],[-58.495422,-34.431519],[-57.225769,-35.288025],[-57.362305,-35.977417],[-56.737488,-36.413086],[-56.788208,-36.901489],[-57.749084,-38.183899],[-59.231812,-38.720215],[-61.237427,-38.928406],[-62.335876,-38.827698],[-62.125793,-39.424072],[-62.330505,-40.172607],[-62.145996,-40.67688],[-62.745789,-41.028687],[-63.770508,-41.166809],[-64.732117,-40.802612],[-65.117981,-41.06427],[-64.978577,-42.057983],[-64.303406,-42.359009],[-63.75592,-42.043701],[-63.458008,-42.56311],[-64.378784,-42.873474],[-65.181824,-43.4953],[-65.328796,-44.501282],[-65.565186,-45.036804],[-66.509888,-45.039612],[-67.293823,-45.55188],[-67.580505,-46.301697],[-66.596985,-47.033875],[-65.640991,-47.236084],[-65.985107,-48.133301],[-67.166199,-48.697327],[-67.816101,-49.86969],[-68.728699,-50.264221],[-69.138489,-50.732483],[-68.815491,-51.771118],[-68.150024,-52.349976],[-68.571472,-52.299377],[-69.461304,-52.29187],[-69.942688,-52.537903],[-70.845093,-52.89917],[-71.006287,-53.833191],[-71.42981,-53.856384],[-72.557922,-53.531372],[-73.702698,-52.835083],[-74.946777,-52.262695],[-75.26001,-51.629272],[-74.976624,-51.043396],[-75.479675,-50.378296],[-75.607971,-48.673706],[-75.182678,-47.711914],[-74.126587,-46.939209],[-75.644409,-46.647583],[-74.692078,-45.763977],[-74.351685,-44.103027],[-73.240295,-44.454895],[-72.717712,-42.383301],[-73.388916,-42.117493],[-73.701294,-43.365784],[-74.331909,-43.224976],[-74.017883,-41.7948],[-73.677124,-39.9422],[-73.21759,-39.258606],[-73.505493,-38.282898],[-73.588013,-37.156311],[-73.166687,-37.123779],[-72.553101,-35.508789],[-71.861694,-33.909119],[-71.438477,-32.418884],[-71.668701,-30.920593],[-71.369995,-30.095703],[-71.489807,-28.861389],[-70.90509,-27.640381],[-70.724976,-25.705872],[-70.403992,-23.628906],[-70.091187,-21.393311],[-70.164429,-19.756409],[-70.372498,-18.3479],[-71.375183,-17.773804],[-71.461975,-17.363403],[-73.444519,-16.359375],[-75.237793,-15.265686],[-76.009216,-14.649292],[-76.423401,-13.823181],[-76.259216,-13.534973],[-77.106201,-12.222717],[-78.092102,-10.377686],[-79.036926,-8.386597],[-79.445923,-7.930786],[-79.760498,-7.194275],[-80.537476,-6.541687],[-81.25,-6.13678],[-80.92627,-5.690491],[-81.410889,-4.736694],[-81.099609,-4.036377],[-80.30249,-3.404785],[-79.770203,-2.657471],[-79.986511,-2.220703],[-80.368713,-2.685181],[-80.967712,-2.246887],[-80.764771,-1.965027],[-80.933594,-1.057373],[-80.583313,-0.906677],[-80.399292,-0.283691],[-80.020813,0.360474],[-80.090576,0.768494],[-79.542786,0.98291],[-78.855286,1.38092],[-78.990906,1.691284],[-78.617798,1.766479],[-78.662109,2.267273],[-78.427612,2.6297],[-77.931519,2.696716],[-77.510376,3.325073],[-77.127686,3.84967],[-77.496277,4.087708],[-77.307617,4.668091],[-77.533203,5.582886],[-77.318787,5.845276],[-77.476685,6.691101],[-77.881592,7.223877],[-78.214905,7.512329],[-78.429077,8.052124],[-78.182007,8.319275],[-78.435486,8.387695],[-78.62207,8.718079],[-79.1203,8.996094],[-79.5578,8.932495],[-79.760498,8.584473],[-80.16449,8.333313],[-80.382629,8.298523],[-80.480713,8.090271],[-80.003601,7.547485],[-80.276611,7.419678],[-80.421082,7.271484],[-80.886414,7.22052],[-81.059509,7.817871],[-81.189697,7.647888],[-81.51947,7.706726],[-81.721313,8.108887],[-82.131409,8.175476],[-82.390869,8.29248],[-82.820007,8.290894],[-82.850891,8.073914],[-82.965698,8.225098],[-83.508423,8.446899],[-83.711487,8.656921],[-83.596313,8.830505],[-83.632629,9.051514],[-83.909912,9.290894],[-84.303406,9.487488],[-84.647583,9.615479],[-84.713379,9.908081],[-84.975586,10.086731],[-84.911377,9.796082],[-85.110901,9.557129],[-85.339478,9.834473],[-85.660706,9.933289],[-85.797424,10.134888],[-85.791687,10.43927],[-85.659302,10.754272],[-85.941711,10.895325],[-85.712524,11.088501],[-86.058411,11.403503],[-86.525879,11.806885],[-86.745911,12.144104],[-87.16748,12.458313],[-87.668518,12.909912],[-87.557495,13.064697],[-87.392395,12.914124],[-87.316589,12.98468],[-87.48938,13.297485],[-87.793091,13.384521],[-87.904114,13.149109],[-88.483276,13.163879],[-88.843201,13.259705],[-89.256714,13.458679],[-89.812378,13.520691],[-90.095581,13.735474],[-90.608582,13.909912],[-91.232422,13.927917],[-91.689697,14.126282],[-92.227722,14.538879],[-93.359375,15.615479],[-93.875183,15.940308],[-94.691589,16.201111],[-95.250183,16.128296],[-96.053406,15.752075],[-96.557373,15.653503],[-97.263611,15.917114],[-98.013,16.1073],[-98.947693,16.566101],[-99.697388,16.706299],[-100.829529,17.171082],[-101.666077,17.649109],[-101.918518,17.916077],[-102.478088,17.975891],[-103.500977,18.292297],[-103.91748,18.748718],[-104.992004,19.316284],[-105.492981,19.946899],[-105.731384,20.434082],[-105.397705,20.531677],[-105.50061,20.816895],[-105.270691,21.076294],[-105.265808,21.422119],[-105.603088,21.871277],[-105.69342,22.269104],[-106.028687,22.773682],[-106.909912,23.767883],[-107.915405,24.548889],[-108.401917,25.172302],[-109.260193,25.580688],[-109.444092,25.82489],[-109.291626,26.442871],[-109.801392,26.676086],[-110.391724,27.162109],[-110.640991,27.859924],[-111.178894,27.941284],[-111.759583,28.468079],[-112.22821,28.954529],[-112.27179,29.266907],[-112.809509,30.021118],[-113.163818,30.786926],[-113.148682,31.171082],[-113.871887,31.567688],[-114.205688,31.524109],[-114.776428,31.799683],[-114.936707,31.393494],[-114.771179,30.913696],[-114.673889,30.16272],[-114.330994,29.750488],[-113.588806,29.061707],[-113.424011,28.826294],[-113.271912,28.754883],[-113.140015,28.411316],[-112.96228,28.425293],[-112.761597,27.780273],[-112.457886,27.525879],[-112.244873,27.171875],[-111.616516,26.662903],[-111.284607,25.732727],[-110.987793,25.294678],[-110.710022,24.826111],[-110.655029,24.298706],[-110.172791,24.265686],[-109.77179,23.811279],[-109.409119,23.364685],[-109.433411,23.18573],[-109.854187,22.818298],[-110.031311,22.82312],[-110.294983,23.431091],[-110.949524,24.001099],[-111.670593,24.484497],[-112.182007,24.738525],[-112.148987,25.470276],[-112.30072,26.012085],[-112.777283,26.322083],[-113.4646,26.768311],[-113.59668,26.639526],[-113.848877,26.900085],[-114.465698,27.14209],[-115.055115,27.722717],[-114.982178,27.798279],[-114.570312,27.741516],[-114.19928,28.115112],[-114.161987,28.566101],[-114.931824,29.27948],[-115.518677,29.556274],[-115.88739,30.180908],[-116.258301,30.836487],[-116.721497,31.635681],[-117.127686,32.535278],[-117.295898,33.046326],[-117.943909,33.621277],[-118.410583,33.740906],[-118.519897,34.027893],[-119.080994,34.078125],[-119.438782,34.348511],[-120.367798,34.447083],[-120.622803,34.608521],[-120.744324,35.156921],[-121.7146,36.161682],[-122.547485,37.55188],[-122.512024,37.783508],[-122.953186,38.113708],[-123.727112,38.951721],[-123.865112,39.76709],[-124.39801,40.313293],[-124.178772,41.14209],[-124.213684,41.999695],[-124.532776,42.766113],[-124.14209,43.708496],[-123.898926,45.523499],[-124.07959,46.864685],[-124.395691,47.720276],[-124.687195,48.184509],[-124.566101,48.3797],[-123.119995,48.0401],[-122.58728,47.09613],[-122.340027,47.360107],[-122.5,48.180115],[-122.840027,49.000122],[-122.974182,49.002686],[-124.910217,49.98468],[-125.624573,50.416687],[-127.435608,50.830688],[-127.992676,51.715881],[-127.850281,52.329712],[-129.1297,52.755493],[-129.305176,53.561707],[-130.514893,54.28772],[-130.536072,54.802673],[-131.085815,55.178894],[-131.967224,55.497925],[-132.25,56.370117],[-133.539185,57.178894],[-134.078003,58.123108],[-135.038208,58.187683],[-136.627991,58.21228],[-137.799988,58.500122],[-139.867798,59.537903],[-140.825195,59.727478],[-142.574402,60.084473],[-143.958801,59.999329],[-145.925476,60.458679],[-147.11438,60.884705],[-148.224304,60.673096],[-148.018005,59.978271],[-148.570801,59.914307],[-149.727783,59.705688],[-150.608215,59.368286],[-151.716309,59.155884],[-151.859375,59.745117],[-151.409729,60.725891],[-150.346924,61.033691],[-150.621094,61.284485],[-151.895813,60.727295],[-152.578308,60.061707],[-154.019104,59.350281],[-153.287476,58.864685],[-154.232483,58.146484],[-155.307495,57.727905],[-156.308289,57.422913],[-156.556091,56.980103],[-158.117187,56.463684],[-158.433289,55.99408],[-159.603271,55.566711],[-160.289673,55.643677],[-161.223022,55.364685],[-162.237793,55.024292],[-163.069397,54.68988],[-164.785583,54.404297],[-164.9422,54.572327],[-163.848328,55.03949],[-162.869995,55.348083],[-161.804199,55.895081],[-160.563599,56.008118],[-160.070496,56.418091],[-158.684387,57.016724],[-158.461121,57.216919],[-157.722778,57.570129],[-157.550293,58.328308],[-157.041687,58.918884],[-158.194702,58.615906],[-158.517212,58.787903],[-159.058594,58.424316],[-159.711609,58.931519],[-159.981201,58.572693],[-160.355286,59.071106],[-161.35498,58.670898],[-161.968811,58.671692],[-162.054993,59.266907],[-161.874084,59.633728],[-162.518005,59.989685],[-163.818298,59.798096],[-164.66217,60.267517],[-165.346375,60.507507],[-165.350769,61.073914],[-166.121399,61.500122],[-165.734375,62.075073],[-164.919189,62.633118],[-164.5625,63.146484],[-163.753296,63.219482],[-163.0672,63.059509],[-162.260498,63.54187],[-161.534424,63.455872],[-160.772522,63.766113],[-160.958313,64.2229],[-161.518005,64.402893],[-160.77771,64.788696],[-161.391907,64.777283],[-162.453003,64.559509],[-162.757813,64.338684],[-163.546387,64.559082],[-164.960815,64.447083],[-166.425293,64.686707],[-166.844971,65.088928],[-168.110474,65.670105],[-166.7052,66.088318],[-164.47467,66.576721],[-163.652527,66.576721],[-163.788513,66.077271],[-161.677795,66.116089],[-162.489685,66.735474],[-163.719727,67.116516],[-164.430908,67.616272],[-165.390198,68.042908],[-166.764404,68.358887],[-166.204712,68.883118],[-164.430786,68.915527],[-163.168579,69.371094],[-162.930481,69.858093],[-161.908875,70.333313],[-160.934814,70.447693],[-159.039185,70.891724],[-158.11969,70.824707],[-156.580811,71.35791],[-155.06781,71.147888],[-154.344177,70.696472],[-153.900024,70.890076],[-152.210022,70.830078],[-152.27002,70.600098],[-150.73999,70.430115],[-149.719971,70.53009],[-147.613281,70.214111],[-145.690002,70.120117],[-144.919983,69.990112],[-143.589417,70.152527],[-142.07251,69.851929],[-140.985901,69.712097],[-139.120483,69.47113],[-137.546387,68.990112],[-136.503601,68.898071],[-135.625671,69.315125],[-134.414612,69.627502],[-132.929199,69.50531],[-131.431274,69.944519],[-129.794678,70.193726],[-129.107727,69.779297],[-128.361511,70.012878],[-128.138184,70.483887],[-127.447083,70.377319],[-125.756287,69.480713],[-124.424805,70.158508],[-124.289612,69.399719],[-123.061096,69.563721],[-122.683411,69.85553],[-121.47229,69.797913],[-119.94281,69.37793],[-117.6026,69.011292],[-116.226379,68.841492],[-115.246887,68.905884],[-113.897888,68.398926],[-115.30481,67.90271],[-113.497192,67.688293],[-110.797913,67.806091],[-109.946106,67.981079],[-108.880188,67.381531],[-107.792419,67.887512],[-108.812988,68.311707],[-108.167175,68.653931],[-106.950012,68.700073],[-106.150024,68.80011],[-105.342773,68.561279],[-104.337891,68.018127],[-103.221069,68.0979],[-101.454285,67.646912],[-99.901978,67.805725],[-98.443176,67.781677],[-98.558594,68.403931],[-97.669495,68.578674],[-96.119873,68.239502],[-96.125793,67.293518],[-95.48938,68.090698],[-94.684998,68.063904],[-94.232788,69.069092],[-95.304077,69.68573],[-96.471313,70.089905],[-96.391113,71.194885],[-95.208801,71.920471],[-93.889893,71.760071],[-92.878113,71.318726],[-91.519592,70.191284],[-92.406921,69.700073],[-90.547119,69.497681]]]}},{"type":"Feature","properties":{"featurecla":"Land","scalerank":0,"min_zoom":0},"bbox":[-119.40199,68.53554,-100.98078,73.31459],"geometry":{"type":"Polygon","coordinates":[[[-114.16717,73.12145],[-114.66634,72.65277],[-112.44102,72.9554],[-111.05039,72.4504],[-109.92035,72.96113],[-109.00654,72.63335],[-108.18835,71.65089],[-107.68599,72.06548],[-108.39639,73.08953],[-107.51645,73.23598],[-106.52259,73.07601],[-105.40246,72.67259],[-104.77484,71.6984],[-104.46476,70.99297],[-102.78537,70.49776],[-100.98078,70.02432],[-101.08929,69.58447],[-102.73116,69.50402],[-102.09329,69.11962],[-102.43024,68.75282],[-104.24,68.91],[-105.96,69.18],[-107.12254,69.11922],[-109,68.78],[-111.9668,68.60446],[-113.3132,68.53554],[-113.85496,69.00744],[-115.22,69.28],[-116.10794,69.16821],[-117.34,69.96],[-116.67473,70.06655],[-115.13112,70.2373],[-113.72141,70.19237],[-112.4161,70.36638],[-114.35,70.6],[-116.48684,70.52045],[-117.9048,70.54056],[-118.43238,70.9092],[-116.11311,71.30918],[-117.65568,71.2952],[-119.40199,71.55859],[-118.56267,72.30785],[-117.86642,72.70594],[-115.18909,73.31459],[-114.16717,73.12145]]]}},{"type":"Feature","properties":{"featurecla":"Land","scalerank":0,"min_zoom":1.5},"bbox":[-106.94,72.76,-104.5,73.64],"geometry":{"type":"Polygon","coordinates":[[[-104.5,73.42],[-105.38,72.76],[-106.94,73.46],[-106.6,73.6],[-105.26,73.64],[-104.5,73.42]]]}},{"type":"Feature","properties":{"featurecla":"Land","scalerank":0,"min_zoom":1},"bbox":[-80.876099,72.742203,-76.251404,73.75972],"geometry":{"type":"Polygon","coordinates":[[[-76.34,73.102685],[-76.251404,72.826385],[-77.314438,72.855545],[-78.39167,72.876656],[-79.486252,72.742203],[-79.775833,72.802902],[-80.876099,73.333183],[-80.833885,73.693184],[-80.353058,73.75972],[-78.064438,73.651932],[-76.34,73.102685]]]}},{"type":"Feature","properties":{"featurecla":"Land","scalerank":0,"min_zoom":0},"bbox":[-90.20516,61.930897,-61.851981,73.803816],"geometry":{"type":"Polygon","coordinates":[[[-86.562179,73.157447],[-85.774371,72.534126],[-84.850112,73.340278],[-82.31559,73.750951],[-80.600088,72.716544],[-80.748942,72.061907],[-78.770639,72.352173],[-77.824624,72.749617],[-75.605845,72.243678],[-74.228616,71.767144],[-74.099141,71.33084],[-72.242226,71.556925],[-71.200015,70.920013],[-68.786054,70.525024],[-67.91497,70.121948],[-66.969033,69.186087],[-68.805123,68.720198],[-66.449866,68.067163],[-64.862314,67.847539],[-63.424934,66.928473],[-61.851981,66.862121],[-62.163177,66.160251],[-63.918444,64.998669],[-65.14886,65.426033],[-66.721219,66.388041],[-68.015016,66.262726],[-68.141287,65.689789],[-67.089646,65.108455],[-65.73208,64.648406],[-65.320168,64.382737],[-64.669406,63.392927],[-65.013804,62.674185],[-66.275045,62.945099],[-68.783186,63.74567],[-67.369681,62.883966],[-66.328297,62.280075],[-66.165568,61.930897],[-68.877367,62.330149],[-71.023437,62.910708],[-72.235379,63.397836],[-71.886278,63.679989],[-73.378306,64.193963],[-74.834419,64.679076],[-74.818503,64.389093],[-77.70998,64.229542],[-78.555949,64.572906],[-77.897281,65.309192],[-76.018274,65.326969],[-73.959795,65.454765],[-74.293883,65.811771],[-73.944912,66.310578],[-72.651167,67.284576],[-72.92606,67.726926],[-73.311618,68.069437],[-74.843307,68.554627],[-76.869101,68.894736],[-76.228649,69.147769],[-77.28737,69.76954],[-78.168634,69.826488],[-78.957242,70.16688],[-79.492455,69.871808],[-81.305471,69.743185],[-84.944706,69.966634],[-87.060003,70.260001],[-88.681713,70.410741],[-89.51342,70.762038],[-88.467721,71.218186],[-89.888151,71.222552],[-90.20516,72.235074],[-89.436577,73.129464],[-88.408242,73.537889],[-85.826151,73.803816],[-86.562179,73.157447]]]}},{"type":"Feature","properties":{"featurecla":"Land","scalerank":0,"min_zoom":0},"bbox":[-102.5,71.27285,-96.54,73.84389],"geometry":{"type":"Polygon","coordinates":[[[-100.35642,73.84389],[-99.16387,73.63339],[-97.38,73.76],[-97.12,73.47],[-98.05359,72.99052],[-96.54,72.56],[-96.72,71.66],[-98.35966,71.27285],[-99.32286,71.35639],[-100.01482,71.73827],[-102.5,72.51],[-102.48,72.83],[-100.43836,72.70588],[-101.54,73.36],[-100.35642,73.84389]]]}},{"type":"Feature","properties":{"featurecla":"Land","scalerank":0,"min_zoom":1},"bbox":[139.86312,73.20544,143.60385,73.85758],"geometry":{"type":"Polygon","coordinates":[[[143.60385,73.21244],[142.08763,73.20544],[140.038155,73.31692],[139.86312,73.36983],[140.81171,73.76506],[142.06207,73.85758],[143.48283,73.47525],[143.60385,73.21244]]]}},{"type":"Feature","properties":{"featurecla":"Land","scalerank":0,"min_zoom":0.5},"bbox":[-96.033745,72.024596,-90.509793,74.134907],"geometry":{"type":"Polygon","coordinates":[[[-93.196296,72.771992],[-94.269047,72.024596],[-95.409856,72.061881],[-96.033745,72.940277],[-96.018268,73.43743],[-95.495793,73.862417],[-94.503658,74.134907],[-92.420012,74.100025],[-90.509793,73.856732],[-92.003965,72.966244],[-93.196296,72.771992]]]}},{"type":"Feature","properties":{"featurecla":"Land","scalerank":0,"min_zoom":0},"bbox":[-125.92896,70.90164,-115.51081,74.44893],"geometry":{"type":"Polygon","coordinates":[[[-120.46,71.4],[-123.09219,70.90164],[-123.62,71.34],[-125.92896,71.86868],[-125.59271,72.19452],[-124.80729,73.02256],[-123.94,73.68],[-124.91775,74.29275],[-121.53788,74.44893],[-120.10978,74.24135],[-117.55564,74.18577],[-116.58442,73.89607],[-115.51081,73.47519],[-116.76794,73.22292],[-119.22,72.52],[-120.46,71.82],[-120.46,71.4]]]}},{"type":"Feature","properties":{"featurecla":"Land","scalerank":0,"min_zoom":1},"bbox":[146.11919,74.68892,150.73167,75.49682],"geometry":{"type":"Polygon","coordinates":[[[150.73167,75.08406],[149.575925,74.68892],[147.977465,74.778355],[146.11919,75.17298],[146.358485,75.49682],[148.22223,75.345845],[150.73167,75.08406]]]}},{"type":"Feature","properties":{"featurecla":"Land","scalerank":1,"min_zoom":1.5},"bbox":[-96.820932,74.592347,-93.612756,75.647218],"geometry":{"type":"Polygon","coordinates":[[[-93.612756,74.979997],[-94.156909,74.592347],[-95.608681,74.666864],[-96.820932,74.927623],[-96.288587,75.377828],[-94.85082,75.647218],[-93.977747,75.29649],[-93.612756,74.979997]]]}},{"type":"Feature","properties":{"featurecla":"Land","scalerank":0,"min_zoom":0},"bbox":[136.97439,74.61148,145.086285,76.13676],"geometry":{"type":"Polygon","coordinates":[[[145.086285,75.562625],[144.3,74.82],[140.61381,74.84768],[138.95544,74.61148],[136.97439,75.26167],[137.51176,75.94917],[138.831075,76.13676],[141.471615,76.09289],[145.086285,75.562625]]]}},{"type":"Feature","properties":{"featurecla":"Land","scalerank":0,"min_zoom":0},"bbox":[-102.56552,74.89744,-97.704415,76.72],"geometry":{"type":"Polygon","coordinates":[[[-98.5,76.72],[-97.735585,76.25656],[-97.704415,75.74344],[-98.16,75],[-99.80874,74.89744],[-100.88366,75.05736],[-100.86292,75.64075],[-102.50209,75.5638],[-102.56552,76.3366],[-101.48973,76.30537],[-99.98349,76.64634],[-98.57699,76.58859],[-98.5,76.72]]]}},{"type":"Feature","properties":{"featurecla":"Land","scalerank":0,"min_zoom":0},"bbox":[-117.7104,74.39427,-105.70498,76.79417],"geometry":{"type":"Polygon","coordinates":[[[-108.21141,76.20168],[-107.81943,75.84552],[-106.92893,76.01282],[-105.881,75.9694],[-105.70498,75.47951],[-106.31347,75.00527],[-109.7,74.85],[-112.22307,74.41696],[-113.74381,74.39427],[-113.87135,74.72029],[-111.79421,75.1625],[-116.31221,75.04343],[-117.7104,75.2222],[-116.34602,76.19903],[-115.40487,76.47887],[-112.59056,76.14134],[-110.81422,75.54919],[-109.0671,75.47321],[-110.49726,76.42982],[-109.5811,76.79417],[-108.54859,76.67832],[-108.21141,76.20168]]]}},{"type":"Feature","properties":{"featurecla":"Land","scalerank":0,"min_zoom":0},"bbox":[51.455754,70.632743,68.852211,76.939697],"geometry":{"type":"Polygon","coordinates":[[[57.535693,70.720464],[56.944979,70.632743],[53.677375,70.762658],[53.412017,71.206662],[51.601895,71.474759],[51.455754,72.014881],[52.478275,72.229442],[52.444169,72.774731],[54.427614,73.627548],[53.50829,73.749814],[55.902459,74.627486],[55.631933,75.081412],[57.868644,75.60939],[61.170044,76.251883],[64.498368,76.439055],[66.210977,76.809782],[68.15706,76.939697],[68.852211,76.544811],[68.180573,76.233642],[64.637326,75.737755],[61.583508,75.260885],[58.477082,74.309056],[56.986786,73.333044],[55.419336,72.371268],[55.622838,71.540595],[57.535693,70.720464]]]}},{"type":"Feature","properties":{"featurecla":"Land","scalerank":0,"min_zoom":0},"bbox":[-97.121379,74.392307,-79.833933,77.161389],"geometry":{"type":"Polygon","coordinates":[[[-94.684086,77.097878],[-93.573921,76.776296],[-91.605023,76.778518],[-90.741846,76.449597],[-90.969661,76.074013],[-89.822238,75.847774],[-89.187083,75.610166],[-87.838276,75.566189],[-86.379192,75.482421],[-84.789625,75.699204],[-82.753445,75.784315],[-81.128531,75.713983],[-80.057511,75.336849],[-79.833933,74.923127],[-80.457771,74.657304],[-81.948843,74.442459],[-83.228894,74.564028],[-86.097452,74.410032],[-88.15035,74.392307],[-89.764722,74.515555],[-92.422441,74.837758],[-92.768285,75.38682],[-92.889906,75.882655],[-93.893824,76.319244],[-95.962457,76.441381],[-97.121379,76.751078],[-96.745123,77.161389],[-94.684086,77.097878]]]}},{"type":"Feature","properties":{"featurecla":"Land","scalerank":1,"min_zoom":0.5},"bbox":[-122.854925,75.900019,-116.198587,77.645287],"geometry":{"type":"Polygon","coordinates":[[[-116.198587,77.645287],[-116.335813,76.876962],[-117.106051,76.530032],[-118.040412,76.481172],[-119.899318,76.053213],[-121.499995,75.900019],[-122.854924,76.116543],[-122.854925,76.116543],[-121.157535,76.864508],[-119.103939,77.51222],[-117.570131,77.498319],[-116.198587,77.645287]]]}},{"type":"Feature","properties":{"featurecla":"Land","scalerank":0,"min_zoom":0},"bbox":[-17.625,-34.819092,180,77.697876],"geometry":{"type":"Polygon","coordinates":[[[106.970276,76.974304],[107.240112,76.480103],[108.153931,76.723328],[111.077271,76.710083],[113.331482,76.22229],[114.134277,75.847717],[113.885498,75.327881],[112.779297,75.031921],[110.151306,74.476685],[109.400085,74.180115],[110.640076,74.0401],[112.119324,73.78772],[113.01947,73.976929],[113.529724,73.335083],[113.968872,73.59491],[115.567871,73.75293],[118.776306,73.587708],[119.020081,73.120117],[123.200684,72.971313],[123.257874,73.735107],[125.380127,73.56012],[126.976501,73.565491],[128.591309,73.038696],[129.051697,72.398682],[128.460083,71.980103],[129.716125,71.193115],[131.288696,70.787109],[132.253479,71.836304],[133.857727,71.386475],[135.562073,71.655273],[137.497681,71.347717],[138.234131,71.628113],[139.869873,71.487915],[139.147888,72.416321],[140.468079,72.849487],[149.500122,72.200073],[150.351318,71.606506],[152.968872,70.842285],[157.006897,71.031494],[158.997925,70.866699],[159.830322,70.453308],[159.708679,69.722107],[160.940674,69.437317],[162.279114,69.64209],[164.05249,69.668274],[165.940491,69.472107],[167.835693,69.582703],[169.577698,68.693909],[170.816895,69.013672],[170.008301,69.652893],[170.453491,70.097107],[173.643921,69.817505],[175.724121,69.877319],[178.600098,69.400085],[180,68.963722],[180,64.979584],[179.99292,64.974304],[178.707275,64.534912],[177.411316,64.608276],[178.31311,64.075928],[178.908325,63.252075],[179.370483,62.982727],[179.486511,62.569092],[179.228271,62.304077],[177.364319,62.521912],[174.569275,61.769287],[173.680115,61.65271],[172.150085,60.950073],[170.698486,60.336304],[170.330872,59.881897],[168.900513,60.573486],[166.295105,59.788696],[165.840088,60.160095],[164.876892,59.731689],[163.539307,59.868713],[163.217102,59.211121],[162.017273,58.243286],[162.053101,57.839111],[163.191895,57.615112],[163.057922,56.159302],[162.1297,56.122314],[161.701477,55.285706],[162.117493,54.855286],[160.368896,54.344482],[160.021729,53.202698],[158.530884,52.958679],[158.231323,51.942688],[156.789917,51.011108],[156.420105,51.700073],[155.991882,53.158875],[155.433716,55.381104],[155.91449,56.767883],[156.758301,57.364685],[156.810486,57.832092],[158.364319,58.055725],[160.150696,59.31488],[161.87207,60.343079],[163.669678,61.14093],[164.473694,62.55072],[163.258484,62.466309],[162.657898,61.642517],[160.121521,60.544312],[159.302307,61.774109],[156.720703,61.434509],[154.218079,59.758301],[155.043884,59.145081],[152.81189,58.883911],[151.265686,58.780884],[151.338074,59.504089],[149.783691,59.655701],[148.544922,59.16449],[145.487305,59.336487],[142.197876,59.0401],[138.958496,57.088074],[135.126282,54.729675],[136.701721,54.603699],[137.193481,53.977295],[138.164673,53.755127],[138.804688,54.2547],[139.901489,54.189697],[141.345276,53.089722],[141.379272,52.238892],[140.597473,51.239685],[140.513123,50.045471],[140.062073,48.446716],[138.554688,46.999695],[138.219727,46.307922],[136.862305,45.143494],[135.51532,43.989075],[134.869507,43.398315],[133.536926,42.811523],[132.906311,42.798523],[132.278076,43.284485],[130.935913,42.552673],[130.78009,42.220093],[130.400085,42.28009],[129.965881,41.941284],[129.66748,41.601074],[129.705322,40.882874],[129.18811,40.661926],[129.010498,40.485474],[128.633484,40.18988],[127.967529,40.025513],[127.533508,39.756897],[127.502075,39.323914],[127.385498,39.213501],[127.783325,39.050903],[128.34967,38.612305],[129.212891,37.432495],[129.46051,36.784302],[129.468323,35.63208],[129.091492,35.08252],[128.185913,34.890503],[127.386475,34.475708],[126.485718,34.390076],[126.373901,34.934692],[126.559326,35.684692],[126.117493,36.725525],[126.860291,36.893921],[126.174683,37.749695],[125.689087,37.940125],[125.568481,37.752075],[125.27533,37.669128],[125.240112,37.8573],[124.981079,37.948914],[124.71228,38.108276],[124.986084,38.548523],[125.221924,38.665894],[125.132874,38.848694],[125.386719,39.387878],[125.321106,39.551514],[124.737488,39.660278],[124.265686,39.928528],[122.867676,39.637878],[122.131531,39.170471],[121.054688,38.897522],[121.586121,39.360901],[121.376892,39.750305],[122.168701,40.422485],[121.640503,40.946472],[120.768677,40.593506],[119.639709,39.898071],[119.023499,39.252319],[118.042725,39.204285],[117.532715,38.737671],[118.059692,38.061523],[118.878296,37.897278],[118.911682,37.448486],[119.702881,37.156494],[120.823486,37.870483],[121.711304,37.481079],[122.35791,37.454529],[122.520081,36.930725],[121.104309,36.651306],[120.637085,36.111511],[119.664673,35.609924],[119.151306,34.909912],[120.227478,34.360474],[120.620483,33.376709],[121.229126,32.460327],[121.908081,31.692322],[121.891907,30.94928],[121.264282,30.676331],[121.503479,30.142883],[122.092102,29.83252],[121.938477,29.018127],[121.684509,28.225525],[121.125671,28.135681],[120.395508,27.053284],[119.58551,25.740906],[118.656921,24.547485],[117.281677,23.624512],[115.890686,22.782898],[114.763916,22.668091],[114.152527,22.223877],[113.806885,22.548279],[113.241089,22.051514],[111.843689,21.550476],[110.785522,21.397278],[110.444092,20.341125],[109.889893,20.282471],[109.627686,21.008301],[109.864502,21.395081],[108.522888,21.715271],[108.050293,21.55249],[106.715088,20.696899],[105.881714,19.752075],[105.662109,19.058289],[106.42688,18.004089],[107.361877,16.69751],[108.26947,16.079712],[108.877075,15.276672],[109.335327,13.426086],[109.200073,11.66687],[108.366089,11.008301],[107.220886,10.364502],[106.40509,9.530884],[105.158325,8.59967],[104.795288,9.241089],[105.076294,9.918518],[104.334473,10.486694],[103.497314,10.63269],[103.090698,11.153687],[102.585083,12.186707],[101.687073,12.645874],[100.831909,12.627075],[100.978516,13.41272],[100.0979,13.406921],[100.018677,12.307129],[99.478882,10.846497],[99.153687,9.963074],[99.222473,9.239319],[99.873901,9.207886],[100.279724,8.295288],[100.45929,7.429687],[101.017273,6.856873],[101.623108,6.740723],[102.141296,6.22168],[102.371277,6.128296],[102.961731,5.524475],[103.381287,4.855103],[103.438721,4.181702],[103.332092,3.726685],[103.429504,3.382874],[103.502502,2.791077],[103.854675,2.515503],[104.247925,1.631287],[104.228882,1.293091],[103.519714,1.226318],[102.57373,1.967102],[101.390686,2.760925],[101.273682,3.270325],[100.695496,3.939087],[100.557495,4.767273],[100.196716,5.3125],[100.306274,6.04071],[100.085876,6.464478],[99.690674,6.848328],[99.519714,7.343506],[98.988281,7.908081],[98.503906,8.382324],[98.339722,7.794495],[98.150085,8.350098],[98.259277,8.973877],[98.553528,9.933105],[98.457275,10.675293],[98.764526,11.441284],[98.428284,12.033081],[98.509705,13.122498],[98.103699,13.640503],[97.77771,14.83728],[97.597107,16.100708],[97.164673,16.928711],[96.50592,16.427307],[95.369324,15.714478],[94.808472,15.803528],[94.188904,16.038086],[94.533508,17.277283],[94.32489,18.213501],[93.541077,19.366516],[93.66333,19.727112],[93.078308,19.855286],[92.36853,20.670898],[92.082886,21.192322],[92.02533,21.701721],[91.8349,22.182922],[91.417114,22.765076],[90.496094,22.805115],[90.587097,22.392883],[90.272888,21.836487],[89.847473,22.039124],[89.702087,21.857117],[89.418884,21.966309],[89.032104,22.055725],[88.888916,21.690674],[88.208496,21.703308],[86.975708,21.495483],[87.033081,20.743286],[86.499329,20.151672],[85.060303,19.478699],[83.941101,18.302124],[83.18927,17.671326],[82.192871,17.016724],[82.191284,16.556702],[81.692688,16.310303],[80.792114,15.952087],[80.32489,15.899292],[80.025085,15.136475],[80.233276,13.835876],[80.286316,13.006287],[79.862488,12.056274],[79.858093,10.3573],[79.340515,10.308899],[78.885498,9.546082],[79.189697,9.216675],[78.278076,8.933105],[77.941284,8.25293],[77.539917,7.965515],[76.593079,8.899292],[76.130127,10.299683],[75.746521,11.308289],[75.396118,11.781311],[74.864929,12.741882],[74.616699,13.992676],[74.443909,14.61731],[73.534302,15.990723],[73.119873,17.928711],[72.820923,19.208313],[72.824524,20.419495],[72.630676,21.356079],[71.175293,20.757507],[70.47052,20.877319],[69.164124,22.089294],[69.644897,22.450684],[69.34967,22.843323],[68.176697,23.692078],[67.443726,23.944885],[67.145508,24.663696],[66.372925,25.425293],[64.530518,25.237122],[62.905701,25.218506],[61.497498,25.078308],[59.616089,25.380127],[58.525879,25.610107],[57.397278,25.739929],[56.970886,26.966125],[56.492126,27.143311],[55.723694,26.964722],[54.715088,26.480713],[53.493103,26.8125],[52.483704,27.580872],[51.520874,27.865723],[50.853088,28.814514],[50.115112,30.147888],[49.576904,29.985718],[48.941284,30.317078],[48.568115,29.92688],[47.974487,29.975891],[48.183289,29.534485],[48.093872,29.306274],[48.416077,28.552124],[48.807678,27.689697],[49.299683,27.461304],[49.470886,27.110107],[50.152527,26.689697],[50.213074,26.2771],[50.113281,25.944092],[50.239929,25.608093],[50.527527,25.327881],[50.660706,24.999878],[50.81012,24.754883],[50.743896,25.482483],[51.013489,26.00708],[51.286499,26.114685],[51.589111,25.801086],[51.606689,25.215698],[51.389709,24.627502],[51.579529,24.245483],[51.757507,24.294128],[51.794495,24.019897],[52.577087,24.17749],[53.404114,24.151306],[54.008118,24.121887],[54.693115,24.797913],[55.439087,25.439087],[56.070923,26.055481],[56.362122,26.395874],[56.485718,26.309082],[56.391479,25.896118],[56.261108,25.714722],[56.396912,24.924683],[56.845276,24.241699],[57.403503,23.878723],[58.137085,23.747925],[58.729309,23.565674],[59.180481,22.992493],[59.450073,22.660278],[59.808105,22.533691],[59.806274,22.310486],[59.442322,21.714478],[59.282471,21.433899],[58.861084,21.114075],[58.488098,20.429077],[58.034302,20.481506],[57.826477,20.243103],[57.665894,19.736084],[57.788696,19.067688],[57.694519,18.944702],[57.234314,18.94812],[56.60968,18.57428],[56.512329,18.087097],[56.283508,17.876099],[55.661499,17.884277],[55.270081,17.632324],[55.274902,17.228271],[54.791077,16.950684],[54.239319,17.045105],[53.570496,16.707703],[53.108704,16.651123],[52.385315,16.382507],[52.191711,15.938477],[52.168274,15.597473],[51.172485,15.175293],[49.574707,14.708679],[48.679321,14.003296],[48.239075,13.94812],[47.938904,14.007324],[47.354492,13.592285],[46.717102,13.399719],[45.877686,13.3479],[45.625122,13.291077],[45.406494,13.026917],[45.144287,12.953918],[44.989685,12.699707],[44.49469,12.72168],[44.17511,12.585876],[43.483093,12.636902],[43.2229,13.220886],[43.251526,13.7677],[43.088074,14.062683],[42.892273,14.802307],[42.604919,15.213318],[42.805115,15.262085],[42.702515,15.718872],[42.82373,15.911682],[42.77948,16.3479],[42.649719,16.774719],[42.348083,17.075928],[42.270874,17.47467],[41.754517,17.83313],[41.221497,18.671692],[40.93927,19.486511],[40.247681,20.174683],[39.801697,20.338928],[39.139526,21.29187],[39.023682,21.986877],[39.066284,22.579712],[38.49292,23.688477],[38.023926,24.078674],[37.483704,24.285522],[37.154907,24.858521],[37.209473,25.084473],[36.931702,25.603088],[36.639709,25.826294],[36.249084,26.570129],[35.64032,27.376526],[35.13031,28.063477],[34.632324,28.058472],[34.787903,28.607483],[34.832275,28.95752],[34.956116,29.356689],[34.922729,29.501282],[34.641724,29.099487],[34.426697,28.344116],[34.15448,27.823303],[33.921509,27.648682],[33.588074,27.971497],[33.136902,28.417725],[32.423279,29.851074],[32.320496,29.760498],[32.734924,28.705322],[33.348877,27.69989],[34.104675,26.142273],[34.473877,25.598694],[34.795105,25.033875],[35.692505,23.926697],[35.493713,23.752502],[35.526123,23.102478],[36.690674,22.204895],[36.866272,22.000122],[37.188721,21.018921],[36.969482,20.837524],[37.114685,19.808105],[37.481873,18.614075],[37.862671,18.36792],[38.410095,17.998291],[38.990723,16.840698],[39.266113,15.922729],[39.81427,15.43573],[41.179321,14.491089],[41.734924,13.921082],[42.276917,13.344116],[42.589722,13.000488],[43.081299,12.699707],[43.317871,12.390076],[43.286499,11.974915],[42.715881,11.735718],[43.145325,11.462097],[43.470703,11.27771],[43.666687,10.864319],[44.11792,10.445679],[44.614319,10.442322],[45.556885,10.69812],[46.645508,10.816528],[47.525696,11.127319],[48.021729,11.193115],[48.378906,11.375488],[48.948303,11.410706],[49.267883,11.430481],[49.728699,11.578918],[50.258911,11.679688],[50.732117,12.021912],[51.111328,12.024719],[51.133911,11.748291],[51.041504,11.166504],[51.045288,10.64093],[50.83429,10.279724],[50.55249,9.19873],[50.070923,8.081726],[49.452698,6.804688],[48.594482,5.339111],[47.740906,4.219482],[46.56488,2.855286],[45.564087,2.045898],[44.068298,1.052917],[43.136108,0.292297],[42.041687,-0.919189],[41.811096,-1.446411],[41.585083,-1.683228],[40.884888,-2.08252],[40.637878,-2.499817],[40.263123,-2.57312],[40.121277,-3.27771],[39.80011,-3.681091],[39.604919,-4.346497],[39.202271,-4.676697],[38.740479,-5.908875],[38.799683,-6.475586],[39.440125,-6.840027],[39.470093,-7.099976],[39.194702,-7.703918],[39.252075,-8.007812],[39.186523,-8.485474],[39.535889,-9.112305],[39.949707,-10.098389],[40.316711,-10.317078],[40.478516,-10.765381],[40.437317,-11.761719],[40.560913,-12.639099],[40.59967,-14.201904],[40.775513,-14.691711],[40.477295,-15.406311],[40.089294,-16.100708],[39.452698,-16.720886],[38.53833,-17.101013],[37.411072,-17.586304],[36.281311,-18.659607],[35.896484,-18.842285],[35.198486,-19.552795],[34.786499,-19.783997],[34.701904,-20.497009],[35.176086,-21.254272],[35.373474,-21.84082],[35.385925,-22.140015],[35.562683,-22.090027],[35.533875,-23.070801],[35.371887,-23.535278],[35.607483,-23.706482],[35.458679,-24.12262],[35.04071,-24.478271],[34.215881,-24.816284],[33.013306,-25.357483],[32.574707,-25.727295],[32.660278,-26.148499],[32.916077,-26.215881],[32.830078,-26.742188],[32.580322,-27.470093],[32.46228,-28.301025],[32.203491,-28.75238],[31.521118,-29.257385],[31.325684,-29.401978],[30.901672,-29.909912],[30.622925,-30.423706],[30.055725,-31.140198],[28.925476,-32.171997],[28.219727,-32.771912],[27.464722,-33.22699],[26.419495,-33.614929],[25.909729,-33.666992],[25.780701,-33.94458],[25.172913,-33.796875],[24.677917,-33.987183],[23.594116,-33.794495],[22.988281,-33.916382],[22.57428,-33.864075],[21.542908,-34.258789],[20.689087,-34.417175],[20.071289,-34.795105],[19.616516,-34.819092],[19.193298,-34.462585],[18.855286,-34.444275],[18.424683,-33.997803],[18.377502,-34.136475],[18.244507,-33.867676],[18.250122,-33.281372],[17.925293,-32.611206],[18.247925,-32.429077],[18.22168,-31.661621],[17.566895,-30.725708],[17.064514,-29.878601],[17.062927,-29.875977],[16.345093,-28.576721],[15.601929,-27.821228],[15.21051,-27.090881],[14.989685,-26.11731],[14.743286,-25.392883],[14.408081,-23.853027],[14.385681,-22.656677],[14.25769,-22.111206],[13.868713,-21.698975],[13.352478,-20.872803],[12.826904,-19.673096],[12.608704,-19.045288],[11.794922,-18.069092],[11.734314,-17.30188],[11.640076,-16.673096],[11.778687,-15.793823],[12.123718,-14.878296],[12.17572,-14.449097],[12.500122,-13.547729],[12.738525,-13.137878],[13.312927,-12.483582],[13.633728,-12.038574],[13.738708,-11.297791],[13.686523,-10.731079],[13.387329,-10.373596],[13.121094,-9.766907],[12.875488,-9.16687],[12.929077,-8.959106],[13.236511,-8.562622],[12.933105,-7.596497],[12.728271,-6.927124],[12.227478,-6.294373],[12.32251,-6.100098],[12.182312,-5.789917],[11.9151,-5.037903],[11.093689,-3.978821],[10.066284,-2.969482],[9.405273,-2.144287],[8.798096,-1.111328],[8.830078,-0.778992],[9.048523,-0.45929],[9.291321,0.268677],[9.49292,1.010071],[9.305725,1.160889],[9.649292,2.283875],[9.795288,3.073486],[9.40448,3.734497],[8.94812,3.904114],[8.744873,4.352295],[8.488892,4.495728],[8.500305,4.772095],[7.462097,4.412109],[7.082703,4.464722],[6.69812,4.240723],[5.898315,4.262512],[5.362915,4.888123],[5.033691,5.611877],[4.325684,6.270691],[3.57428,6.258301],[2.691711,6.258911],[1.865295,6.142273],[1.06012,5.928894],[-0.507629,5.343506],[-1.063599,5.000488],[-1.964722,4.71051],[-2.856079,4.994507],[-3.311096,4.984314],[-4.008789,5.179871],[-4.649902,5.168274],[-5.834412,4.993713],[-6.528687,4.705078],[-7.518921,4.338318],[-7.712097,4.364685],[-7.974121,4.355896],[-9.004822,4.83252],[-9.913391,5.593689],[-10.765381,6.140686],[-11.438782,6.785889],[-11.708191,6.860107],[-12.428101,7.262878],[-12.948975,7.798706],[-13.124023,8.163879],[-13.246521,8.903076],[-13.685181,9.494873],[-14.073975,9.886292],[-14.330078,10.015686],[-14.579712,10.214478],[-14.693176,10.656311],[-14.839478,10.876709],[-15.13031,11.040527],[-15.664185,11.458496],[-16.085205,11.524719],[-16.314697,11.806519],[-16.308899,11.958679],[-16.61377,12.170898],[-16.677429,12.384888],[-16.841492,13.151489],[-16.713684,13.595093],[-17.126099,14.373474],[-17.625,14.729675],[-17.185181,14.919495],[-16.700684,15.621521],[-16.463013,16.135071],[-16.549683,16.673889],[-16.270508,17.167114],[-16.146301,18.108521],[-16.256897,19.09668],[-16.377625,19.593872],[-16.277771,20.092529],[-16.536316,20.567871],[-17.063416,20.999878],[-17.020386,21.422302],[-16.973206,21.885681],[-16.589111,22.158325],[-16.261902,22.679321],[-16.326416,23.017883],[-15.982605,23.723511],[-15.426025,24.359131],[-15.089294,24.520325],[-14.824585,25.103516],[-14.800903,25.636292],[-14.43988,26.254517],[-13.773804,26.618896],[-13.139893,27.640076],[-12.618774,28.03833],[-11.688904,28.148682],[-10.900879,28.832275],[-10.399597,29.098694],[-9.564819,29.933716],[-9.814697,31.177673],[-9.434814,32.038086],[-9.30072,32.564697],[-8.65741,33.240295],[-7.654175,33.697083],[-6.912476,34.110474],[-6.244324,35.145874],[-5.929993,35.760071],[-5.193787,35.75531],[-4.591003,35.330688],[-3.640076,35.399902],[-2.604309,35.179077],[-2.169922,35.168518],[-1.208618,35.714905],[-0.12738,35.888672],[0.503906,36.301331],[1.466919,36.605713],[3.161682,36.783875],[4.815674,36.865112],[5.320129,36.716492],[6.261902,37.110718],[7.330505,37.11853],[7.737122,36.885681],[8.421082,36.946472],[9.510071,37.350098],[10.210083,37.230103],[10.180725,36.724121],[11.028931,37.092102],[11.100098,36.900085],[10.600098,36.410095],[10.593323,35.94751],[10.939514,35.699097],[10.807922,34.833496],[10.149719,34.330688],[10.339722,33.785889],[10.856873,33.768677],[11.108521,33.293274],[11.488892,33.137085],[12.66333,32.792908],[13.083313,32.878906],[13.918701,32.712097],[15.245728,32.265076],[15.713928,31.376282],[16.611694,31.182312],[18.021118,30.763489],[19.086487,30.266479],[19.574097,30.525879],[20.053284,30.985901],[19.820312,31.751892],[20.134094,32.238281],[20.854492,32.706909],[21.543091,32.843323],[22.895874,32.638489],[23.236877,32.191528],[23.609131,32.187317],[23.92749,32.016724],[24.921082,31.899475],[25.164917,31.569275],[26.4953,31.585693],[27.457703,31.321289],[28.4505,31.025879],[28.913513,30.870117],[29.683472,31.18689],[30.095093,31.473511],[30.976929,31.555908],[31.68811,31.429688],[31.96051,30.933716],[32.192505,31.260315],[32.993896,31.024109],[33.773499,30.967529],[34.265503,31.219482],[34.556519,31.548889],[34.488098,31.60553],[34.752686,32.072876],[34.955505,32.827515],[35.098511,33.080688],[35.126099,33.090881],[35.4823,33.905518],[35.979675,34.610107],[35.998474,34.644897],[35.90509,35.410095],[36.149902,35.821472],[35.782104,36.275085],[36.160889,36.650696],[35.551086,36.565491],[34.714478,36.795471],[34.026917,36.220093],[32.509277,36.107483],[31.699707,36.644287],[30.621704,36.677917],[30.391113,36.263123],[29.700073,36.144287],[28.73291,36.67688],[27.641296,36.658875],[27.048889,37.653503],[26.318298,38.20813],[26.804688,38.985901],[26.170898,39.463684],[27.28009,40.420105],[28.820129,40.460083],[29.240112,41.220093],[31.145874,41.087708],[32.348083,41.736328],[33.513306,42.019104],[35.167725,42.040283],[36.913086,41.33551],[38.347717,40.94873],[39.512695,41.102905],[40.373474,41.013672],[41.554077,41.535706],[41.703308,41.963074],[41.453491,42.645081],[40.875488,43.013672],[40.321472,43.128723],[39.955078,43.43512],[38.680115,44.28009],[37.539124,44.657288],[36.675476,45.24469],[37.40332,45.40448],[38.233093,46.240906],[37.673706,46.636719],[39.147705,47.044678],[39.121277,47.263489],[38.223694,47.102295],[37.42511,47.022278],[36.759888,46.69873],[35.82373,46.645874],[34.96228,46.273315],[35.020874,45.651306],[35.510071,45.410095],[36.53009,45.470093],[36.334717,45.113281],[35.240112,44.940125],[33.882507,44.361511],[33.326477,44.56488],[33.546875,45.034912],[32.454285,45.327515],[32.63092,45.519287],[33.588074,45.851685],[33.298706,46.080688],[31.74408,46.333496],[31.675293,46.706299],[30.748901,46.58313],[30.377686,46.032471],[29.603271,45.293274],[29.626526,45.035522],[29.141724,44.820312],[28.837891,44.913879],[28.558105,43.70752],[28.039124,43.293274],[27.673889,42.577881],[27.996704,42.007507],[28.115479,41.622925],[28.988525,41.299927],[28.806519,41.054871],[27.61908,40.999878],[27.192505,40.690674],[26.358093,40.1521],[26.043274,40.617676],[26.056885,40.824097],[25.447693,40.852478],[24.925903,40.947083],[23.714905,40.687073],[24.408081,40.125122],[23.900085,39.962097],[23.343079,39.961121],[22.814087,40.476074],[22.626282,40.256531],[22.84967,39.659302],[23.350098,39.190125],[22.973083,38.970886],[23.53009,38.510071],[24.025085,38.220093],[24.0401,37.65509],[23.115112,37.920105],[23.410095,37.410095],[22.775085,37.305115],[23.154297,36.422485],[22.490112,36.410095],[21.670105,36.845093],[21.295105,37.645081],[21.120117,38.310303],[20.730103,38.770081],[20.217712,39.340271],[20.150085,39.625122],[19.980103,39.695129],[19.960083,39.9151],[19.406128,40.250916],[19.319092,40.727295],[19.403687,41.409485],[19.5401,41.720093],[19.371887,41.877686],[19.162476,41.955078],[18.88208,42.281494],[18.450073,42.480103],[17.509888,42.850098],[16.930115,43.210083],[16.015503,43.507324],[15.1745,44.243286],[15.376282,44.317871],[14.920288,44.738525],[14.901672,45.076111],[14.258728,45.233887],[13.952271,44.802124],[13.657104,45.137085],[13.679504,45.484131],[13.715088,45.500305],[13.937683,45.591125],[13.141724,45.736694],[12.328674,45.381897],[12.383911,44.885498],[12.261475,44.600525],[12.589294,44.091492],[13.526917,43.587708],[14.029907,42.761108],[15.1427,41.955078],[15.926331,41.961304],[16.169922,41.740295],[15.889282,41.541077],[16.785095,41.179688],[17.519287,40.877075],[18.376709,40.355713],[18.480286,40.168884],[18.293518,39.810913],[17.738525,40.27771],[16.86969,40.442322],[16.44873,39.795471],[17.171509,39.424683],[17.052917,38.902893],[16.635071,38.843689],[16.101074,37.985901],[15.684082,37.908875],[15.68811,38.214722],[15.89209,38.750916],[16.109314,38.964478],[15.718872,39.544128],[15.413696,40.048279],[14.998474,40.173096],[14.703308,40.604675],[14.06073,40.786499],[13.628113,41.188293],[12.888123,41.253113],[12.106689,41.704529],[11.191895,42.35553],[10.512085,42.931519],[10.200073,43.920105],[9.702515,44.036316],[8.888916,44.366272],[8.428711,44.231323],[7.850891,43.767273],[7.435303,43.693909],[6.529297,43.128906],[4.556885,43.399719],[3.100525,43.075317],[2.986084,42.473083],[3.03949,41.89209],[2.091919,41.226074],[0.810486,41.014709],[0.721313,40.678284],[0.106689,40.124084],[-0.278687,39.31012],[0.111328,38.738525],[-0.467102,38.29248],[-0.683411,37.642273],[-1.438293,37.443115],[-2.146423,36.674072],[-3.41571,36.658875],[-4.368896,36.677917],[-4.995178,36.324707],[-5.377075,35.946899],[-5.866394,36.029907],[-6.236694,36.367676],[-6.520203,36.942871],[-7.453674,37.0979],[-7.855591,36.838318],[-8.382812,36.978882],[-8.898804,36.868896],[-8.746094,37.651489],[-8.840027,38.266296],[-9.287476,38.358521],[-9.526489,38.737488],[-9.446899,39.39209],[-9.048279,39.755127],[-8.977295,40.159302],[-8.768677,40.760681],[-8.790771,41.184326],[-8.990784,41.543518],[-9.03479,41.880676],[-8.984375,42.592896],[-9.392883,43.026672],[-7.97821,43.748474],[-6.754517,43.567871],[-5.411804,43.57428],[-4.347778,43.403503],[-3.517517,43.455872],[-1.901306,43.422913],[-1.384216,44.022705],[-1.193787,46.014893],[-2.225708,47.064514],[-2.963196,47.570312],[-4.491577,47.955078],[-4.592285,48.684082],[-3.295776,48.901672],[-1.616516,48.64447],[-1.933411,49.776489],[-0.98938,49.347473],[1.338684,50.127319],[1.639099,50.946716],[2.513489,51.148499],[3.315125,51.345886],[3.830322,51.620483],[4.706116,53.091919],[6.07428,53.510498],[6.905273,53.4823],[7.100525,53.693909],[7.936279,53.748291],[8.121704,53.527893],[8.80072,54.020874],[8.572083,54.395691],[8.526306,54.962891],[8.1203,55.5177],[8.090088,56.5401],[8.256714,56.81012],[8.543518,57.110107],[9.4245,57.172119],[9.775696,57.447876],[10.580078,57.730103],[10.546082,57.215881],[10.250122,56.890076],[10.370117,56.610107],[10.912292,56.458679],[10.667908,56.081482],[10.370117,56.190125],[9.650085,55.470093],[9.921875,54.983093],[9.939697,54.59668],[10.950073,54.363708],[10.939514,54.008728],[11.956299,54.196472],[12.518494,54.47052],[13.647522,54.0755],[14.11969,53.75708],[14.802917,54.05072],[16.363525,54.513306],[17.622925,54.851685],[18.620911,54.682678],[18.696289,54.438721],[19.660706,54.426086],[19.888489,54.866089],[21.268494,55.190491],[21.055908,56.031128],[21.090515,56.783875],[21.581909,57.411926],[22.524475,57.753479],[23.318481,57.006287],[24.120728,57.025696],[24.312927,57.793518],[24.429077,58.383484],[24.061279,58.257507],[23.426697,58.612671],[23.339905,59.187317],[24.604309,59.465881],[25.864319,59.611084],[26.94928,59.445923],[27.981079,59.475525],[29.117676,60.028076],[28.070129,60.503479],[26.25531,60.423889],[24.496704,60.057312],[22.86969,59.846497],[22.290894,60.391907],[21.322327,60.720276],[21.544922,61.705322],[21.059326,62.607483],[21.536072,63.18988],[22.442688,63.817871],[24.73053,64.902283],[25.398071,65.111511],[25.294128,65.534485],[23.903503,66.006897],[22.183289,65.723877],[21.213501,65.026123],[21.36969,64.413696],[19.778931,63.60968],[17.8479,62.749512],[17.11969,61.341309],[17.831482,60.636719],[18.78772,60.081909],[17.869324,58.953918],[16.829285,58.71991],[16.447693,57.041077],[15.879883,56.104309],[14.666687,56.200928],[14.100708,55.407898],[12.942871,55.361877],[12.625122,56.307129],[11.788086,57.441895],[11.027283,58.856079],[10.356689,59.46991],[8.38208,58.313293],[7.048889,58.078918],[5.665894,58.588074],[5.308289,59.66333],[4.992126,61.97113],[5.912903,62.614502],[8.553528,63.454102],[10.52771,64.486084],[12.358276,65.8797],[14.761292,67.81073],[16.435913,68.563293],[19.184082,69.817505],[21.378479,70.25531],[23.023682,70.202087],[24.546692,71.030518],[26.370117,70.986328],[28.165527,71.185486],[31.293518,70.453918],[30.005493,70.186279],[31.101074,69.558105],[32.13269,69.905884],[33.775513,69.301514],[36.514099,69.063477],[40.29248,67.932495],[41.059875,67.457275],[41.126099,66.791687],[40.01593,66.266296],[38.382874,65.999512],[33.918701,66.759705],[33.184509,66.632507],[34.81488,65.900085],[34.943909,64.41449],[36.231323,64.109497],[37.012878,63.849915],[37.14209,64.334717],[36.5177,64.780273],[37.176086,65.143311],[39.593506,64.520874],[40.43573,64.764526],[39.762695,65.496887],[42.093079,66.476318],[43.016113,66.418701],[43.94989,66.069092],[44.532288,66.756287],[43.698486,67.352478],[44.187927,67.9505],[43.452881,68.570923],[46.250122,68.250122],[46.821289,67.68988],[45.555298,67.566528],[45.562073,67.010071],[46.349121,66.667725],[47.894287,66.884521],[48.138672,67.522522],[50.227722,67.998718],[53.717529,68.857483],[54.47168,68.808289],[53.485901,68.201294],[54.726318,68.097107],[55.442688,68.438721],[57.317078,68.466309],[58.802124,68.88092],[59.941528,68.278503],[61.077881,68.940674],[60.03009,69.520081],[60.55011,69.850098],[63.504089,69.547485],[64.888123,69.234924],[68.512085,68.092285],[69.180725,68.615723],[68.16449,69.144287],[68.135315,69.356506],[66.930115,69.454712],[67.259888,69.928711],[66.724915,70.708923],[66.694702,71.029114],[68.5401,71.934509],[69.196289,72.843506],[69.940125,73.0401],[72.587524,72.776306],[72.796082,72.220093],[71.848083,71.409119],[72.470093,71.090271],[72.79187,70.391113],[72.564697,69.020874],[73.667908,68.407898],[73.238708,67.740479],[71.28009,66.320129],[72.423096,66.172729],[72.820679,66.532715],[73.921082,66.78949],[74.186523,67.284302],[75.052124,67.760498],[74.469299,68.329102],[74.935913,68.989319],[73.842285,69.071472],[73.601929,69.627686],[74.399902,70.631897],[73.101074,71.447083],[74.89093,72.121277],[74.659302,72.832275],[75.158081,72.855103],[75.683472,72.300476],[75.289124,71.335693],[76.359131,71.152893],[75.903076,71.874084],[77.576721,72.267273],[79.6521,72.320129],[81.500122,71.750122],[80.610718,72.582886],[80.511108,73.648315],[82.250122,73.850098],[84.655273,73.805908],[86.822327,73.93689],[86.009705,74.459717],[87.16687,75.116516],[88.315674,75.143921],[90.260071,75.640076],[92.900696,75.773315],[93.234314,76.047302],[95.860107,76.140076],[96.678284,75.915527],[98.922485,76.446899],[100.759705,76.430298],[101.035278,76.861877],[101.990906,77.287476],[104.351685,77.697876],[106.066711,77.373901],[104.705078,77.127502],[106.970276,76.974304]],[[49.110291,41.282288],[49.618896,40.572876],[50.0849,40.526306],[50.392883,40.256531],[49.569275,40.176086],[49.395325,39.399475],[49.223328,39.049316],[48.856506,38.815491],[48.883301,38.320313],[49.199707,37.582886],[50.147888,37.374695],[50.842285,36.872925],[52.264099,36.7005],[53.825928,36.965088],[53.921692,37.198914],[53.735474,37.906128],[53.88092,38.952087],[53.101074,39.29071],[53.35791,39.975281],[52.694092,40.033691],[52.915283,40.876526],[53.858276,40.631104],[54.736877,40.951111],[54.008301,41.551331],[53.72168,42.123291],[52.916687,41.868103],[52.814697,41.135498],[52.502502,41.783325],[52.446289,42.027283],[52.692078,42.443909],[52.501526,42.792297],[51.342529,43.133118],[50.891296,44.031128],[50.339111,44.284119],[50.305725,44.609924],[51.278503,44.514893],[51.316895,45.246094],[52.16748,45.408508],[53.040894,45.259094],[53.220886,46.23468],[53.042725,46.853088],[52.042114,46.804687],[51.192078,47.048706],[50.034119,46.609131],[49.101318,46.399475],[48.645508,45.806274],[47.675903,45.641479],[46.682129,44.609314],[47.590881,43.660278],[47.492493,42.986694],[48.584473,41.808899],[49.110291,41.282288]]]}},{"type":"Feature","properties":{"featurecla":"Land","scalerank":1,"min_zoom":1.5},"bbox":[-96.436304,77.491343,-93.720656,77.834629],"geometry":{"type":"Polygon","coordinates":[[[-93.840003,77.519997],[-94.295608,77.491343],[-96.169654,77.555111],[-96.436304,77.834629],[-94.422577,77.820005],[-93.720656,77.634331],[-93.840003,77.519997]]]}},{"type":"Feature","properties":{"featurecla":"Land","scalerank":1,"min_zoom":1},"bbox":[-113.534279,77.409229,-109.854452,78.152956],"geometry":{"type":"Polygon","coordinates":[[[-110.186938,77.697015],[-112.051191,77.409229],[-113.534279,77.732207],[-112.724587,78.05105],[-111.264443,78.152956],[-109.854452,77.996325],[-110.186938,77.697015]]]}},{"type":"Feature","properties":{"featurecla":"Land","scalerank":1,"min_zoom":1},"bbox":[20.72601,77.44493,24.72412,78.45494],"geometry":{"type":"Polygon","coordinates":[[[24.72412,77.85385],[22.49032,77.44493],[20.72601,77.67704],[21.41611,77.93504],[20.8119,78.25463],[22.88426,78.45494],[23.28134,78.07954],[24.72412,77.85385]]]}},{"type":"Feature","properties":{"featurecla":"Land","scalerank":1,"min_zoom":1.5},"bbox":[-112.542091,78.40692,-109.663146,78.849994],"geometry":{"type":"Polygon","coordinates":[[[-109.663146,78.601973],[-110.881314,78.40692],[-112.542091,78.407902],[-112.525891,78.550555],[-111.50001,78.849994],[-110.963661,78.804441],[-109.663146,78.601973]]]}},{"type":"Feature","properties":{"featurecla":"Land","scalerank":1,"min_zoom":1},"bbox":[-98.631984,77.850597,-95.559278,78.87193],"geometry":{"type":"Polygon","coordinates":[[[-95.830295,78.056941],[-97.309843,77.850597],[-98.124289,78.082857],[-98.552868,78.458105],[-98.631984,78.87193],[-97.337231,78.831984],[-96.754399,78.765813],[-95.559278,78.418315],[-95.830295,78.056941]]]}},{"type":"Feature","properties":{"featurecla":"Land","scalerank":1,"min_zoom":0.5},"bbox":[-105.492289,77.907545,-99.670939,79.301594],"geometry":{"type":"Polygon","coordinates":[[[-100.060192,78.324754],[-99.670939,77.907545],[-101.30394,78.018985],[-102.949809,78.343229],[-105.176133,78.380332],[-104.210429,78.67742],[-105.41958,78.918336],[-105.492289,79.301594],[-103.529282,79.165349],[-100.825158,78.800462],[-100.060192,78.324754]]]}},{"type":"Feature","properties":{"featurecla":"Land","scalerank":0,"min_zoom":0.5},"bbox":[99.43814,77.921,105.37243,79.34641],"geometry":{"type":"Polygon","coordinates":[[[105.07547,78.30689],[99.43814,77.921],[101.2649,79.23399],[102.08635,79.34641],[102.837815,79.28129],[105.37243,78.71334],[105.07547,78.30689]]]}},{"type":"Feature","properties":{"featurecla":"Land","scalerank":0,"min_zoom":0},"bbox":[10.44453,76.77045,21.54383,80.05086],"geometry":{"type":"Polygon","coordinates":[[[18.25183,79.70175],[21.54383,78.95611],[19.02737,78.5626],[18.47172,77.82669],[17.59441,77.63796],[17.1182,76.80941],[15.91315,76.77045],[13.76259,77.38035],[14.66956,77.73565],[13.1706,78.02493],[11.22231,78.8693],[10.44453,79.65239],[13.17077,80.01046],[13.71852,79.66039],[15.14282,79.67431],[15.52255,80.01608],[16.99085,80.05086],[18.25183,79.70175]]]}},{"type":"Feature","properties":{"featurecla":"Land","scalerank":0,"min_zoom":0},"bbox":[17.368015,79.400012,27.407506,80.657144],"geometry":{"type":"Polygon","coordinates":[[[25.447625,80.40734],[27.407506,80.056406],[25.924651,79.517834],[23.024466,79.400012],[20.075188,79.566823],[19.897266,79.842362],[18.462264,79.85988],[17.368015,80.318896],[20.455992,80.598156],[21.907945,80.357679],[22.919253,80.657144],[25.447625,80.40734]]]}},{"type":"Feature","properties":{"featurecla":"Land","scalerank":1,"min_zoom":1},"bbox":[44.846958,80.010181,51.522933,80.918885],"geometry":{"type":"Polygon","coordinates":[[[51.136187,80.54728],[49.793685,80.415428],[48.894411,80.339567],[48.754937,80.175468],[47.586119,80.010181],[46.502826,80.247247],[47.072455,80.559424],[44.846958,80.58981],[46.799139,80.771918],[48.318477,80.78401],[48.522806,80.514569],[49.09719,80.753986],[50.039768,80.918885],[51.522933,80.699726],[51.136187,80.54728]]]}},{"type":"Feature","properties":{"featurecla":"Land","scalerank":0,"min_zoom":0},"bbox":[91.18107,78.7562,100.186655,81.2504],"geometry":{"type":"Polygon","coordinates":[[[99.93976,78.88094],[97.75794,78.7562],[94.97259,79.044745],[93.31288,79.4265],[92.5454,80.14379],[91.18107,80.34146],[93.77766,81.0246],[95.940895,81.2504],[97.88385,80.746975],[100.186655,79.780135],[99.93976,78.88094]]]}},{"type":"Feature","properties":{"featurecla":"Land","scalerank":0,"min_zoom":0},"bbox":[-96.70972,78.21533,-85.81435,81.25739],"geometry":{"type":"Polygon","coordinates":[[[-87.02,79.66],[-85.81435,79.3369],[-87.18756,79.0393],[-89.03535,78.28723],[-90.80436,78.21533],[-92.87669,78.34333],[-93.95116,78.75099],[-93.93574,79.11373],[-93.14524,79.3801],[-94.974,79.37248],[-96.07614,79.70502],[-96.70972,80.15777],[-96.01644,80.60233],[-95.32345,80.90729],[-94.29843,80.97727],[-94.73542,81.20646],[-92.40984,81.25739],[-91.13289,80.72345],[-89.45,80.509322],[-87.81,80.32],[-87.02,79.66]]]}},{"type":"Feature","properties":{"featurecla":"Land","scalerank":0,"min_zoom":0},"bbox":[-91.58702,76.17812,-61.85,83.23324],"geometry":{"type":"Polygon","coordinates":[[[-68.5,83.106322],[-65.82735,83.02801],[-63.68,82.9],[-61.85,82.6286],[-61.89388,82.36165],[-64.334,81.92775],[-66.75342,81.72527],[-67.65755,81.50141],[-65.48031,81.50657],[-67.84,80.9],[-69.4697,80.61683],[-71.18,79.8],[-73.2428,79.63415],[-73.88,79.430162],[-76.90773,79.32309],[-75.52924,79.19766],[-76.22046,79.01907],[-75.39345,78.52581],[-76.34354,78.18296],[-77.88851,77.89991],[-78.36269,77.50859],[-79.75951,77.20968],[-79.61965,76.98336],[-77.91089,77.022045],[-77.88911,76.777955],[-80.56125,76.17812],[-83.17439,76.45403],[-86.11184,76.29901],[-87.6,76.42],[-89.49068,76.47239],[-89.6161,76.95213],[-87.76739,77.17833],[-88.26,77.9],[-87.65,77.970222],[-84.97634,77.53873],[-86.34,78.18],[-87.96192,78.37181],[-87.15198,78.75867],[-85.37868,78.9969],[-85.09495,79.34543],[-86.50734,79.73624],[-86.93179,80.25145],[-84.19844,80.20836],[-83.408696,80.1],[-81.84823,80.46442],[-84.1,80.58],[-87.59895,80.51627],[-89.36663,80.85569],[-90.2,81.26],[-91.36786,81.5531],[-91.58702,81.89429],[-90.1,82.085],[-88.93227,82.11751],[-86.97024,82.27961],[-85.5,82.652273],[-84.260005,82.6],[-83.18,82.32],[-82.42,82.86],[-81.1,83.02],[-79.30664,83.13056],[-76.25,83.172059],[-75.71878,83.06404],[-72.83153,83.23324],[-70.665765,83.169781],[-68.5,83.106322]]]}},{"type":"Feature","properties":{"featurecla":"Land","scalerank":0,"min_zoom":0},"bbox":[-73.297,60.03676,-12.20855,83.64513],"geometry":{"type":"Polygon","coordinates":[[[-27.10046,83.51966],[-20.84539,82.72669],[-22.69182,82.34165],[-26.51753,82.29765],[-31.9,82.2],[-31.39646,82.02154],[-27.85666,82.13178],[-24.84448,81.78697],[-22.90328,82.09317],[-22.07175,81.73449],[-23.16961,81.15271],[-20.62363,81.52462],[-15.76818,81.91245],[-12.77018,81.71885],[-12.20855,81.29154],[-16.28533,80.58004],[-16.85,80.35],[-20.04624,80.17708],[-17.73035,80.12912],[-18.9,79.4],[-19.70499,78.75128],[-19.67353,77.63859],[-18.47285,76.98565],[-20.03503,76.94434],[-21.67944,76.62795],[-19.83407,76.09808],[-19.59896,75.24838],[-20.66818,75.15585],[-19.37281,74.29561],[-21.59422,74.22382],[-20.43454,73.81713],[-20.76234,73.46436],[-22.17221,73.30955],[-23.56593,73.30663],[-22.31311,72.62928],[-22.29954,72.18409],[-24.27834,72.59788],[-24.79296,72.3302],[-23.44296,72.08016],[-22.13281,71.46898],[-21.75356,70.66369],[-23.53603,70.471],[-24.30702,70.85649],[-25.54341,71.43094],[-25.20135,70.75226],[-26.36276,70.22646],[-23.72742,70.18401],[-22.34902,70.12946],[-25.02927,69.2588],[-27.74737,68.47046],[-30.67371,68.12503],[-31.77665,68.12078],[-32.81105,67.73547],[-34.20196,66.67974],[-36.35284,65.9789],[-37.04378,65.93768],[-38.37505,65.69213],[-39.81222,65.45848],[-40.66899,64.83997],[-40.68281,64.13902],[-41.1887,63.48246],[-42.81938,62.68233],[-42.41666,61.90093],[-42.86619,61.07404],[-43.3784,60.09772],[-44.7875,60.03676],[-46.26364,60.85328],[-48.26294,60.85843],[-49.23308,61.40681],[-49.90039,62.38336],[-51.63325,63.62691],[-52.14014,64.27842],[-52.27659,65.1767],[-53.66166,66.09957],[-53.30161,66.8365],[-53.96911,67.18899],[-52.9804,68.35759],[-51.47536,68.72958],[-51.08041,69.14781],[-50.87122,69.9291],[-52.013585,69.574925],[-52.55792,69.42616],[-53.45629,69.283625],[-54.68336,69.61003],[-54.75001,70.28932],[-54.35884,70.821315],[-53.431315,70.835755],[-51.39014,70.56978],[-53.10937,71.20485],[-54.00422,71.54719],[-55,71.406537],[-55.83468,71.65444],[-54.71819,72.58625],[-55.32634,72.95861],[-56.12003,73.64977],[-57.32363,74.71026],[-58.59679,75.09861],[-58.58516,75.51727],[-61.26861,76.10238],[-63.39165,76.1752],[-66.06427,76.13486],[-68.50438,76.06141],[-69.66485,76.37975],[-71.40257,77.00857],[-68.77671,77.32312],[-66.76397,77.37595],[-71.04293,77.63595],[-73.297,78.04419],[-73.15938,78.43271],[-69.37345,78.91388],[-65.7107,79.39436],[-65.3239,79.75814],[-68.02298,80.11721],[-67.15129,80.51582],[-63.68925,81.21396],[-62.23444,81.3211],[-62.65116,81.77042],[-60.28249,82.03363],[-57.20744,82.19074],[-54.13442,82.19962],[-53.04328,81.88833],[-50.39061,82.43883],[-48.00386,82.06481],[-46.59984,81.985945],[-44.523,81.6607],[-46.9007,82.19979],[-46.76379,82.62796],[-43.40644,83.22516],[-39.89753,83.18018],[-38.62214,83.54905],[-35.08787,83.64513],[-27.10046,83.51966]]]}}],"bbox":[-180,-90,180,83.64513],"china":{"provinces":[{"type":"Feature","properties":{"name":"北京","adcode":110000,"center":[116.405285,39.904989]},"bbox":[115.4263,39.4426,117.5149,41.0594],"geometry":{"type":"MultiPolygon","coordinates":[[[[117.3486,40.5811],[117.4299,40.5761],[117.5149,40.6602],[116.9649,40.7096],[116.7136,40.9099],[116.6477,41.0594],[116.5984,40.9745],[116.4555,40.9808],[116.4771,40.8999],[116.3397,40.9293],[116.466,40.7745],[116.2473,40.7917],[116.1629,40.6625],[115.7552,40.5402],[115.7718,40.4437],[115.9689,40.264],[115.8476,40.147],[115.7737,40.1763],[115.4546,40.0298],[115.4263,39.9505],[115.5673,39.8164],[115.4435,39.7856],[115.4786,39.6507],[115.518,39.5973],[115.6677,39.6152],[115.8063,39.51],[115.9104,39.6005],[115.9572,39.5608],[116.1987,39.5894],[116.2578,39.5003],[116.4346,39.4426],[116.4019,39.528],[116.4438,39.51],[116.5245,39.5963],[116.7906,39.5959],[116.9495,39.7787],[116.9181,39.8463],[116.7844,39.8913],[116.7813,40.0349],[117.0252,40.0303],[117.3492,40.1365],[117.3899,40.228],[117.226,40.369],[117.2636,40.4424],[117.2088,40.5016],[117.3486,40.5811]]]]}},{"type":"Feature","properties":{"name":"天津","adcode":120000,"center":[117.190182,39.125596]},"bbox":[116.708,38.5561,118.0649,40.249],"geometry":{"type":"MultiPolygon","coordinates":[[[[117.7656,39.4005],[117.8715,39.4116],[117.9338,39.5742],[117.7668,39.5986],[117.7157,39.5299],[117.6541,39.5751],[117.6689,39.6668],[117.5777,39.7267],[117.5081,39.9019],[117.5463,39.9991],[117.7816,39.9666],[117.7761,40.0596],[117.6751,40.082],[117.5488,40.2325],[117.4157,40.249],[117.3492,40.1365],[117.1922,40.0665],[117.1626,39.8766],[117.2519,39.8343],[117.1564,39.8173],[117.2057,39.764],[117.162,39.7488],[117.178,39.6452],[116.9643,39.6433],[116.9322,39.7065],[116.8121,39.6157],[116.785,39.4657],[116.8762,39.4347],[116.8183,39.3737],[116.8897,39.3381],[116.8559,39.2158],[116.9125,39.1109],[116.7542,39.0347],[116.708,38.9319],[116.7462,38.7543],[116.8589,38.7412],[116.8774,38.6805],[117.0684,38.6805],[117.1096,38.5847],[117.2131,38.6399],[117.2531,38.5561],[117.7293,38.6801],[117.741,38.7538],[117.6461,38.8289],[117.8475,38.8555],[117.898,38.9486],[117.8377,39.057],[117.8715,39.1225],[118.0649,39.2311],[117.8506,39.364],[117.6695,39.3228],[117.5211,39.357],[117.6011,39.4195],[117.7656,39.4005]]],[[[117.805,39.3732],[117.8469,39.4079],[117.7656,39.4005],[117.805,39.3732]]]]}},{"type":"Feature","properties":{"name":"河北省","adcode":130000,"center":[114.502461,38.045474]},"bbox":[113.4651,36.0522,119.8721,42.6127],"geometry":{"type":"MultiPolygon","coordinates":[[[[117.4675,40.6497],[117.4299,40.5761],[117.2698,40.5607],[117.2088,40.5016],[117.2636,40.4424],[117.226,40.369],[117.3511,40.2298],[117.5488,40.2325],[117.6751,40.082],[117.7761,40.0596],[117.7816,39.9666],[117.5463,39.9991],[117.5149,39.9468],[117.5463,39.7759],[117.6689,39.6668],[117.6375,39.6032],[117.7157,39.5299],[117.7668,39.5986],[117.9338,39.5742],[117.8106,39.3547],[118.0243,39.2895],[118.0649,39.2561],[118.0261,39.2019],[118.1253,39.1828],[118.2251,39.0347],[118.3661,39.0161],[118.4912,38.9091],[118.6045,38.9715],[118.5331,39.0909],[118.5786,39.1309],[118.9513,39.1787],[118.8903,39.1188],[118.926,39.1234],[119.2728,39.3635],[119.3172,39.4107],[119.2697,39.4985],[119.3664,39.735],[119.5364,39.8091],[119.5407,39.8881],[119.8721,39.9606],[119.8543,40.033],[119.7366,40.1049],[119.7458,40.2079],[119.6393,40.2316],[119.5592,40.548],[119.2562,40.5434],[119.1447,40.6325],[119.1847,40.6802],[119.0548,40.6647],[118.846,40.8221],[118.902,40.9609],[119.0006,40.9673],[118.9371,41.0526],[119.0806,41.0959],[119.2395,41.3143],[118.8909,41.3008],[118.8435,41.3745],[118.7419,41.3242],[118.3489,41.3426],[118.3489,41.4284],[118.2719,41.4714],[118.3027,41.5526],[118.1327,41.7332],[118.1783,41.8149],[118.2922,41.773],[118.3353,41.8452],[118.2688,41.9303],[118.3138,41.9882],[118.2399,42.0247],[118.2965,42.0575],[118.2393,42.0926],[118.1943,42.0313],[118.1167,42.0371],[118.1555,42.0811],[118.0976,42.1051],[118.1062,42.1721],[117.9775,42.2297],[118.06,42.2984],[118.0243,42.3851],[117.8013,42.6127],[117.4755,42.6026],[117.3905,42.4619],[117.0955,42.484],[116.9218,42.4036],[116.9033,42.1907],[116.7893,42.2005],[116.8904,42.0926],[116.8799,42.0184],[116.7961,41.978],[116.5534,41.9286],[116.3101,41.9971],[116.1943,41.8617],[116.1229,41.8617],[116.0989,41.7765],[116.0071,41.7975],[115.9166,41.945],[115.8346,41.9383],[115.3468,41.7122],[115.3776,41.6031],[114.8608,41.6009],[114.9027,41.6957],[114.8688,41.8136],[114.9391,41.8461],[114.9021,42.0158],[114.7943,42.1495],[114.511,42.1108],[114.4679,42.026],[114.5116,41.982],[114.3521,41.9535],[114.2005,41.7899],[114.2591,41.6233],[114.2307,41.5136],[114.1014,41.5378],[113.9332,41.4871],[113.871,41.4131],[113.9449,41.3925],[113.8994,41.3161],[114.0164,41.232],[113.8193,41.0977],[114.0576,40.9252],[114.0447,40.8307],[114.2831,40.5907],[114.312,40.3726],[114.5307,40.3453],[114.4697,40.2682],[114.0977,40.1937],[114.0866,40.0715],[113.9893,40.1123],[113.9104,40.0156],[114.0293,39.9858],[114.0472,39.9161],[114.2122,39.9188],[114.2159,39.8619],[114.3952,39.8674],[114.4081,39.6521],[114.5689,39.5737],[114.4309,39.3075],[114.4161,39.2427],[114.4759,39.2162],[114.3884,39.1768],[114.3459,39.0751],[114.1088,39.0524],[114.0509,39.136],[113.8981,39.0677],[113.7675,38.9598],[113.8556,38.8289],[113.8396,38.7585],[113.6129,38.6459],[113.5618,38.5585],[113.5446,38.2706],[113.8316,38.1685],[113.8722,37.9905],[114.0447,37.7618],[113.9936,37.7069],[114.1396,37.6757],[113.8864,37.2391],[113.7731,37.1519],[113.7731,36.8551],[113.6967,36.8824],[113.6807,36.7899],[113.4651,36.7079],[113.5889,36.548],[113.5871,36.4609],[113.8131,36.3323],[113.9628,36.354],[114.1704,36.2459],[114.3453,36.2556],[114.5886,36.1184],[114.9126,36.1406],[114.9144,36.0522],[114.9982,36.0696],[115.0629,36.1783],[115.2014,36.2102],[115.3129,36.0884],[115.3659,36.0991],[115.4835,36.1489],[115.4749,36.2484],[115.4232,36.3222],[115.3665,36.3091],[115.2729,36.4975],[115.4799,36.7602],[115.6837,36.8081],[115.9695,37.2396],[115.9757,37.3372],[116.2362,37.3614],[116.2855,37.4042],[116.2245,37.4798],[116.2763,37.467],[116.336,37.5814],[116.4339,37.4731],[116.8047,37.8488],[117.4385,37.854],[117.587,38.0716],[117.7711,38.1347],[117.9578,38.3762],[117.781,38.3739],[117.6449,38.5276],[117.6855,38.5393],[117.6381,38.5449],[117.6393,38.6268],[117.2531,38.5561],[117.2131,38.6399],[117.1096,38.5847],[117.0684,38.6805],[116.8774,38.6805],[116.8589,38.7412],[116.7462,38.7543],[116.708,38.9319],[116.7542,39.0347],[116.9125,39.1109],[116.8559,39.2158],[116.8897,39.3381],[116.8183,39.3737],[116.8762,39.4347],[116.785,39.4657],[116.8121,39.6157],[116.5245,39.5963],[116.4438,39.51],[116.4019,39.528],[116.4346,39.4426],[116.2578,39.5003],[116.1987,39.5894],[115.9572,39.5608],[115.9104,39.6005],[115.7527,39.5156],[115.6677,39.6152],[115.518,39.5973],[115.4866,39.7419],[115.4398,39.752],[115.5673,39.8164],[115.4263,39.9505],[115.4546,40.0298],[115.7737,40.1763],[115.8476,40.147],[115.9689,40.264],[115.7718,40.4437],[115.7552,40.5402],[116.1629,40.6625],[116.2473,40.7917],[116.4537,40.7659],[116.3397,40.9293],[116.4771,40.8999],[116.4555,40.9808],[116.5984,40.9745],[116.6156,41.0531],[116.6883,41.0445],[116.7136,40.9099],[116.9649,40.7096],[117.5149,40.6602],[117.4675,40.6497]]],[[[117.21,40.082],[116.7813,40.0349],[116.7844,39.8913],[116.9181,39.8463],[116.9495,39.7787],[116.8897,39.6876],[117.178,39.6452],[117.162,39.7488],[117.2057,39.764],[117.1564,39.8173],[117.2519,39.8343],[117.1626,39.8766],[117.1509,39.945],[117.21,40.082]]],[[[117.7847,39.3769],[117.6011,39.4195],[117.5211,39.357],[117.6695,39.3228],[117.7847,39.3769]]],[[[118.8694,39.1429],[118.8201,39.1086],[118.8577,39.0988],[118.8694,39.1429]]]]}},{"type":"Feature","properties":{"name":"山西省","adcode":140000,"center":[112.549248,37.857014]},"bbox":[110.2296,34.6006,114.5689,40.7373],"geometry":{"type":"MultiPolygon","coordinates":[[[[110.3793,34.6006],[110.71,34.605],[110.7494,34.6523],[110.8246,34.6159],[110.9201,34.7301],[110.9761,34.7065],[111.1486,34.8077],[111.5705,34.8431],[111.6641,34.9844],[111.8101,35.0624],[112.062,35.056],[112.0589,35.2801],[112.3047,35.2517],[112.2881,35.22],[112.6373,35.2258],[112.6281,35.2635],[112.7728,35.2077],[112.9921,35.2962],[112.9964,35.3621],[113.1263,35.3323],[113.1898,35.4489],[113.3044,35.427],[113.3124,35.4811],[113.499,35.5323],[113.5476,35.6568],[113.6253,35.6325],[113.5828,35.8181],[113.661,35.837],[113.6487,35.9941],[113.6949,36.027],[113.6554,36.1252],[113.7127,36.1295],[113.6511,36.1745],[113.6979,36.1817],[113.7312,36.3631],[113.5544,36.4946],[113.5889,36.548],[113.4651,36.7079],[113.6807,36.7899],[113.6967,36.8824],[113.7731,36.8551],[113.7731,37.1519],[113.8864,37.2391],[114.1396,37.6757],[113.9936,37.7069],[114.0447,37.7618],[113.8722,37.9905],[113.8316,38.1685],[113.5446,38.2706],[113.5618,38.5585],[113.6129,38.6459],[113.8396,38.7585],[113.8556,38.8289],[113.7675,38.9598],[113.8981,39.0677],[114.0509,39.136],[114.1088,39.0524],[114.3459,39.0751],[114.3884,39.1768],[114.4759,39.2162],[114.4161,39.2427],[114.4309,39.3075],[114.5689,39.5737],[114.4081,39.6521],[114.3952,39.8674],[114.2159,39.8619],[114.2122,39.9188],[114.0472,39.9161],[114.0293,39.9858],[113.9104,40.0156],[113.9893,40.1123],[114.0866,40.0715],[114.0977,40.1937],[114.4697,40.2682],[114.5307,40.3453],[114.312,40.3726],[114.2831,40.5907],[114.1346,40.7373],[114.0638,40.7069],[114.062,40.5288],[113.8507,40.4606],[113.7946,40.5179],[113.56,40.3485],[113.3167,40.3197],[113.2514,40.4132],[113.0333,40.369],[112.8984,40.3293],[112.8486,40.2069],[112.7445,40.1672],[112.4562,40.3001],[112.3102,40.2563],[111.9702,39.7966],[111.9382,39.6231],[111.7836,39.5889],[111.4972,39.6618],[111.3586,39.4324],[111.143,39.4079],[111.1258,39.3663],[111.2477,39.3024],[111.1381,39.0644],[110.9804,38.9701],[111.0094,38.8476],[110.8806,38.6268],[110.9201,38.5819],[110.8745,38.4536],[110.7778,38.4409],[110.5092,38.1921],[110.5228,37.9551],[110.7359,37.7704],[110.7063,37.7055],[110.7753,37.6809],[110.795,37.5586],[110.7402,37.4494],[110.6441,37.4351],[110.6903,37.2872],[110.4267,37.0086],[110.383,37.022],[110.4242,36.9637],[110.3762,36.8824],[110.447,36.7376],[110.3947,36.6767],[110.4969,36.5821],[110.447,36.1643],[110.6096,35.632],[110.3749,35.2517],[110.3737,35.1344],[110.2308,34.8809],[110.2296,34.6927],[110.2955,34.611],[110.3793,34.6006]]]]}},{"type":"Feature","properties":{"name":"内蒙古自治区","adcode":150000,"center":[111.670801,40.818311]},"bbox":[97.1729,37.4066,126.0592,53.3373],"geometry":{"type":"Polygon","coordinates":[[[97.1729,42.7953],[97.8467,41.6564],[97.6139,41.4773],[97.6293,41.4405],[97.9718,41.0977],[98.3333,40.9189],[98.3444,40.5684],[98.6278,40.6779],[98.5699,40.7468],[98.6684,40.7731],[98.8027,40.607],[98.791,40.7056],[98.985,40.7826],[99.102,40.6765],[99.1729,40.7473],[99.1747,40.8583],[99.5658,40.847],[99.673,40.9329],[100.1079,40.8755],[100.2372,40.7169],[100.2427,40.6189],[100.1694,40.5411],[100.1694,40.2777],[100.0075,40.2001],[99.8412,40.0133],[99.4408,39.8858],[99.8221,39.8601],[99.9046,39.7856],[100.2501,39.6853],[100.3265,39.5091],[100.5008,39.4814],[100.499,39.4005],[100.8421,39.4056],[100.8353,39.0259],[100.9615,39.0059],[100.9696,38.9468],[101.2289,39.0208],[101.1987,38.9431],[101.243,38.8606],[101.3354,38.8471],[101.3311,38.7772],[101.5627,38.7132],[101.6015,38.6553],[101.777,38.6604],[102.0752,38.8914],[101.8337,39.0891],[101.9027,39.1118],[102.4534,39.2552],[102.6166,39.1717],[103.0077,39.0998],[103.3446,39.3316],[103.8534,39.4615],[104.0899,39.4199],[104.0474,39.2978],[104.1712,39.1606],[104.1965,38.9882],[104.0443,38.8951],[103.8595,38.6445],[103.4161,38.4048],[103.5349,38.1568],[103.3686,38.089],[103.3625,38.0376],[103.4074,37.8607],[103.6834,37.7779],[104.1835,37.4066],[104.4077,37.4646],[104.4336,37.5154],[105.028,37.5809],[105.315,37.7022],[105.599,37.6994],[105.6224,37.7779],[105.7609,37.7997],[105.8404,38.0041],[105.7677,38.1215],[105.8663,38.2964],[105.8213,38.3668],[105.8527,38.6417],[105.9925,38.8574],[105.971,38.9091],[106.0609,38.9687],[106.1459,39.1531],[106.2851,39.1462],[106.2802,39.2621],[106.5118,39.2723],[106.6023,39.3755],[106.7816,39.3718],[106.7957,39.2144],[106.9719,39.0263],[106.954,38.9412],[106.7095,38.7188],[106.5999,38.3898],[106.4822,38.3194],[106.9423,38.1323],[107.1905,38.154],[107.4406,37.9957],[107.4117,37.948],[107.982,37.7874],[108.0251,37.6496],[108.7778,37.6837],[108.7975,38.048],[108.9349,37.9225],[109.0698,38.023],[109.0692,38.0913],[108.9386,38.2076],[109.0544,38.4339],[109.2767,38.623],[109.3673,38.6277],[109.3389,38.7015],[109.6241,38.8546],[109.6654,38.9817],[109.7621,39.0575],[109.8514,39.123],[109.9222,39.1072],[109.8939,39.1411],[109.961,39.1917],[109.8717,39.2436],[109.9025,39.2718],[109.9623,39.2121],[110.2179,39.2811],[110.1366,39.3917],[110.1526,39.4541],[110.3854,39.3103],[110.4347,39.3811],[110.524,39.383],[110.6262,39.2668],[110.7026,39.2737],[110.8911,39.5091],[111.1369,39.5871],[111.1486,39.5313],[111.0586,39.4477],[111.0876,39.376],[111.337,39.4209],[111.4972,39.6618],[111.7836,39.5889],[111.9382,39.6231],[111.9702,39.7966],[112.3102,40.2563],[112.4562,40.3001],[112.7445,40.1672],[112.8486,40.2069],[112.8984,40.3293],[113.0333,40.369],[113.2514,40.4132],[113.3167,40.3197],[113.5002,40.3343],[113.7946,40.5179],[113.8507,40.4606],[114.062,40.5288],[114.0638,40.7069],[114.1346,40.7373],[114.0447,40.8307],[114.0576,40.9252],[113.8193,41.0977],[114.0164,41.232],[113.8994,41.3161],[113.9449,41.3925],[113.871,41.4131],[114.0324,41.5297],[114.2307,41.5136],[114.2591,41.6233],[114.2005,41.7899],[114.3521,41.9535],[114.5116,41.982],[114.4802,42.0647],[114.5603,42.1326],[114.7943,42.1495],[114.8627,42.098],[114.9391,41.8461],[114.8688,41.8136],[114.9027,41.6957],[114.8608,41.6009],[115.0992,41.6237],[115.2039,41.5714],[115.2901,41.6228],[115.3776,41.6031],[115.3468,41.7122],[115.8346,41.9383],[115.9166,41.945],[116.0071,41.7975],[116.0989,41.7765],[116.1229,41.8617],[116.1943,41.8617],[116.3101,41.9971],[116.5534,41.9286],[116.7961,41.978],[116.8799,42.0184],[116.8904,42.0926],[116.7893,42.2005],[116.9033,42.1907],[116.9218,42.4036],[117.0955,42.484],[117.3905,42.4619],[117.4755,42.6026],[117.7798,42.6185],[118.0243,42.3851],[118.06,42.2984],[117.9775,42.2297],[118.1062,42.1721],[118.0976,42.1051],[118.1555,42.0811],[118.1167,42.0371],[118.1943,42.0313],[118.2393,42.0926],[118.2965,42.0575],[118.2399,42.0247],[118.3138,41.9882],[118.2688,41.9303],[118.3353,41.8452],[118.2922,41.773],[118.1783,41.8149],[118.1327,41.7332],[118.3027,41.5526],[118.2719,41.4714],[118.3489,41.4284],[118.3803,41.3121],[118.5281,41.3552],[118.7419,41.3242],[118.8435,41.3745],[118.8909,41.3008],[119.1977,41.2828],[119.3763,41.4221],[119.4065,41.5033],[119.3621,41.5664],[119.42,41.5678],[119.3079,41.6573],[119.2925,41.7908],[119.3849,42.0895],[119.2377,42.2009],[119.5026,42.3882],[119.6171,42.2528],[119.8419,42.2155],[119.8456,42.0971],[120.0415,41.8189],[120.036,41.7082],[120.0963,41.6971],[120.1887,41.8484],[120.2866,41.88],[120.2719,41.9254],[120.4566,42.0162],[120.4665,42.1055],[120.8835,42.2696],[121.0707,42.2541],[121.3861,42.4743],[121.6078,42.5162],[121.699,42.4385],[121.8899,42.5568],[121.9392,42.6885],[122.0624,42.7236],[122.2047,42.6854],[122.2047,42.7329],[122.3962,42.6841],[122.4609,42.7553],[122.3513,42.8304],[122.4369,42.8431],[122.7332,42.786],[122.8489,42.7122],[122.8871,42.7702],[123.2278,42.8317],[123.1699,42.8598],[123.2592,42.9934],[123.4747,43.0424],[123.5727,43.0035],[123.7039,43.3705],[123.6084,43.3661],[123.4864,43.4453],[123.4199,43.41],[123.3158,43.4922],[123.3047,43.5507],[123.4526,43.546],[123.4212,43.5984],[123.537,43.634],[123.468,43.8536],[123.3312,44.029],[123.3867,44.1618],[123.1286,44.3671],[123.1249,44.5098],[122.7609,44.3696],[122.6753,44.2857],[122.2712,44.2557],[122.286,44.4778],[122.1314,44.5776],[122.103,44.6739],[122.1616,44.7283],[122.1024,44.7364],[122.169,44.7704],[122.1,44.7823],[122.0495,44.913],[122.1098,45.1422],[122.2299,45.2068],[122.2392,45.2763],[122.1474,45.2957],[122.1683,45.4399],[122.0026,45.5079],[121.97,45.693],[121.7138,45.7017],[121.6442,45.7523],[121.8173,45.8753],[121.7618,45.9989],[121.8437,46.0243],[122.0402,45.959],[122.254,45.7982],[122.3728,45.8562],[122.3624,45.9174],[122.4461,45.917],[122.5046,45.7869],[122.5564,45.8216],[122.6716,45.7005],[122.7418,45.7051],[122.7923,45.7661],[122.7522,45.8349],[122.8286,45.9124],[122.7929,46.0733],[123.046,46.0999],[123.1785,46.2482],[123.0116,46.435],[123.0023,46.5746],[123.6035,46.6893],[123.6053,46.8913],[123.5068,46.827],[123.5283,46.9448],[123.4236,46.9342],[123.3017,47],[123.4045,46.9354],[123.3743,46.8377],[123.2216,46.8504],[123.1637,46.7402],[123.0036,46.7307],[122.9068,46.8074],[122.8951,46.9604],[122.7744,46.9738],[122.8526,47.0722],[122.6155,47.1243],[122.4184,47.3506],[122.594,47.5473],[123.1618,47.7819],[123.3004,47.9537],[123.5795,48.0454],[124.2595,48.5364],[124.3143,48.5039],[124.318,48.351],[124.4221,48.2459],[124.419,48.1817],[124.475,48.1737],[124.4159,48.0878],[124.5298,48.147],[124.5797,48.2973],[124.5188,48.378],[124.5077,48.4456],[124.5557,48.4678],[124.5206,48.5562],[124.8083,49.0207],[124.8095,49.1159],[124.9068,49.1841],[125.1175,49.1261],[125.2197,49.1891],[125.2708,49.4544],[125.2302,49.5954],[125.1273,49.6551],[125.2197,49.6691],[125.2228,49.799],[125.1778,49.8295],[125.2456,49.872],[125.1901,49.9598],[125.3281,50.066],[125.2585,50.1036],[125.4488,50.2163],[125.5363,50.42],[125.8295,50.5617],[125.7894,50.6797],[125.8258,50.7036],[125.7586,50.7468],[125.8467,50.7695],[125.9619,50.9011],[125.9976,50.8727],[126.0592,51.0435],[125.9761,51.0845],[125.9939,51.1191],[125.8646,51.1465],[125.8504,51.2136],[125.7617,51.2264],[125.3515,51.6238],[125.1285,51.6591],[124.8643,51.3798],[124.6265,51.3275],[124.4904,51.3805],[124.4067,51.2721],[124.2391,51.3447],[123.9262,51.3005],[123.7113,51.3981],[123.662,51.3192],[123.4403,51.271],[123.0029,51.3121],[122.8545,51.4776],[122.8742,51.5613],[122.7061,51.8902],[122.7264,51.9787],[122.6254,52.0675],[122.6291,52.1366],[122.7381,52.1535],[122.7874,52.2525],[122.4782,52.2961],[122.4474,52.3941],[122.169,52.5137],[121.9478,52.2983],[121.7144,52.318],[121.6399,52.4444],[121.1822,52.5992],[121.5912,52.8247],[121.7858,53.0185],[121.8179,53.0616],[121.6651,53.1705],[121.6799,53.2407],[121.4994,53.3373],[120.8207,53.269],[120.2971,52.8699],[120.0316,52.7737],[120.076,52.5861],[120.4622,52.6453],[120.7344,52.537],[120.6273,52.3239],[120.7554,52.2584],[120.7868,52.1579],[120.6568,51.9263],[120.0871,51.678],[119.9713,51.4003],[119.9109,51.391],[119.9466,51.3607],[119.8111,51.2811],[119.8216,51.2144],[119.7606,51.2125],[119.7643,51.092],[119.4915,50.8788],[119.5069,50.7638],[119.2814,50.6016],[119.2174,50.4147],[119.1256,50.3891],[119.3584,50.359],[119.3504,50.1661],[119.0905,49.9856],[118.5749,49.9313],[118.4838,49.8307],[118.3859,49.8272],[118.0828,49.6167],[117.866,49.5915],[117.8093,49.5213],[117.069,49.6954],[116.7179,49.8473],[116.0484,48.8733],[116.0779,48.8225],[115.7995,48.515],[115.8229,48.2594],[115.5291,48.1553],[115.5802,47.9216],[115.9393,47.6833],[116.2658,47.8767],[116.453,47.8374],[116.7912,47.8976],[117.0948,47.8241],[117.3843,47.6414],[117.8136,48.0162],[118.1247,48.0474],[118.5682,47.9922],[118.7733,47.771],[119.1342,47.6643],[119.1521,47.5405],[119.3658,47.4774],[119.3221,47.4272],[119.7163,47.1955],[119.8598,46.917],[119.9269,46.904],[119.9115,46.6696],[119.8044,46.6819],[119.6775,46.5849],[119.558,46.6338],[119.3744,46.6034],[119.1231,46.6429],[119.0116,46.7459],[118.9125,46.7332],[118.9143,46.775],[118.8453,46.7717],[118.7881,46.6872],[118.3163,46.7393],[117.7484,46.5219],[117.5962,46.6034],[117.4201,46.582],[117.4478,46.5281],[117.372,46.3603],[116.8343,46.3842],[116.5855,46.2925],[116.2719,45.9669],[116.243,45.8762],[116.2867,45.7752],[116.1746,45.6888],[116.0354,45.685],[115.6997,45.4596],[115.3647,45.3924],[114.9834,45.3794],[114.745,45.4382],[114.551,45.3874],[114.4599,45.2135],[114.1168,44.957],[113.9074,44.9151],[113.6314,44.7453],[112.8504,44.8405],[112.5997,44.9308],[112.439,45.0717],[112.0712,45.0962],[111.9037,45.0523],[111.7645,44.9693],[111.6247,44.7785],[111.5699,44.5763],[111.4159,44.3572],[111.6629,44.0612],[111.8704,43.9403],[111.9598,43.8234],[111.9511,43.6933],[111.7941,43.6721],[111.5643,43.4904],[111.0204,43.33],[110.4372,42.7812],[110.1082,42.6427],[109.7338,42.5793],[109.544,42.4725],[109.026,42.4584],[108.8456,42.3957],[108.2383,42.4602],[107.9395,42.4036],[107.5743,42.4129],[107.4665,42.4588],[107.2718,42.3643],[106.7859,42.2913],[105.7418,41.949],[105.2306,41.7511],[105.0095,41.583],[104.9233,41.6541],[104.5241,41.6617],[104.5303,41.8751],[103.8688,41.8024],[103.4185,41.8822],[102.712,42.153],[102.449,42.1441],[102.0702,42.2324],[101.8035,42.5039],[100.863,42.6713],[100.3253,42.6902],[100.2723,42.6365],[99.9693,42.648],[99.5122,42.5682],[98.1954,42.6533],[97.1729,42.7953]]]}},{"type":"Feature","properties":{"name":"辽宁省","adcode":210000,"center":[123.429096,41.796767]},"bbox":[118.846,38.723,125.7913,43.49],"geometry":{"type":"MultiPolygon","coordinates":[[[[123.5345,39.7884],[124.103,39.8233],[124.151,39.7456],[124.2416,39.9285],[124.3722,40.0216],[124.3469,40.0798],[124.7393,40.3717],[124.9136,40.482],[125.0442,40.4665],[125.0158,40.5339],[125.2794,40.6552],[125.4223,40.6357],[125.5856,40.7885],[125.6853,40.769],[125.641,40.7985],[125.7075,40.8669],[125.6521,40.9162],[125.5843,40.8918],[125.5893,40.9311],[125.6749,40.9745],[125.7913,41.1676],[125.548,41.401],[125.447,41.676],[125.317,41.6769],[125.2948,41.8229],[125.3078,41.9245],[125.3515,41.9281],[125.2985,41.9744],[125.4901,42.1361],[125.3681,42.1827],[125.3059,42.1464],[125.2992,42.29],[125.1754,42.3081],[125.1864,42.4279],[125.0688,42.4994],[125.0971,42.6224],[125.0109,42.6321],[124.9752,42.8027],[124.8742,42.79],[124.8409,43.0324],[124.8828,43.1342],[124.6869,43.0512],[124.5865,42.9054],[124.4664,42.8471],[124.3716,42.8808],[124.4424,42.9588],[124.3334,42.9974],[124.4258,43.0761],[124.2736,43.1788],[124.2761,43.2333],[124.0328,43.2808],[123.7969,43.49],[123.71,43.417],[123.5727,43.0035],[123.4747,43.0424],[123.2592,42.9934],[123.1699,42.8598],[123.2278,42.8317],[122.8871,42.7702],[122.8489,42.7122],[122.7332,42.786],[122.4369,42.8431],[122.3513,42.8304],[122.4609,42.7553],[122.3962,42.6841],[122.2047,42.7329],[122.2047,42.6854],[122.0624,42.7236],[121.9392,42.6885],[121.8899,42.5568],[121.699,42.4385],[121.6078,42.5162],[121.3861,42.4743],[121.0707,42.2541],[120.8835,42.2696],[120.4665,42.1055],[120.4566,42.0162],[120.2719,41.9254],[120.2866,41.88],[120.1887,41.8484],[120.0963,41.6971],[120.036,41.7082],[120.0415,41.8189],[119.8456,42.0971],[119.8419,42.2155],[119.6171,42.2528],[119.5026,42.3882],[119.2377,42.2009],[119.3849,42.0895],[119.2925,41.7908],[119.3079,41.6573],[119.4157,41.5902],[119.3621,41.5664],[119.4015,41.4723],[119.0806,41.0959],[118.9371,41.0526],[119.0006,40.9673],[118.902,40.9609],[118.846,40.8221],[119.0548,40.6647],[119.1847,40.6802],[119.1447,40.6325],[119.2562,40.5434],[119.5592,40.548],[119.6393,40.2316],[119.7458,40.2079],[119.7366,40.1049],[119.8543,39.9886],[120.4917,40.2001],[120.6192,40.4601],[120.8225,40.5943],[120.8299,40.6711],[121.0325,40.7092],[120.9716,40.8058],[121.0867,40.7981],[121.1262,40.8691],[121.4391,40.8302],[121.4403,40.8818],[121.4994,40.88],[121.553,40.8175],[121.816,40.8949],[121.9343,40.7981],[121.9515,40.6806],[122.1486,40.672],[122.1338,40.6143],[122.2459,40.5198],[122.1985,40.3822],[122.0402,40.322],[122.0267,40.2449],[121.9404,40.2421],[121.9953,40.1283],[121.7643,39.9335],[121.5419,39.8743],[121.4723,39.8022],[121.5025,39.7032],[121.4502,39.6249],[121.2266,39.5548],[121.3017,39.4763],[121.2457,39.4569],[121.2703,39.3742],[121.4329,39.3575],[121.5154,39.2867],[121.7249,39.3644],[121.6725,39.2756],[121.5894,39.263],[121.6312,39.2264],[121.5912,39.2287],[121.6041,39.1661],[121.6824,39.1179],[121.6319,39.0779],[121.5906,39.155],[121.5992,39.0988],[121.508,39.0342],[121.3707,39.0603],[121.3411,38.9808],[121.0892,38.9221],[121.1379,38.723],[121.3596,38.8224],[121.7088,38.8727],[121.7193,38.9203],[121.6189,38.95],[121.6713,39.0101],[121.7901,39.0226],[121.8634,38.9426],[121.9207,38.9696],[121.853,39.0356],[122.0618,39.0603],[122.0482,39.1011],[122.1671,39.1587],[122.1172,39.2139],[122.4129,39.4116],[122.533,39.4199],[122.8607,39.6046],[122.9728,39.5949],[123.0109,39.6553],[123.213,39.6659],[123.2869,39.7042],[123.2746,39.7539],[123.3928,39.7239],[123.5345,39.7884]]],[[[122.6395,39.2862],[122.5089,39.2904],[122.679,39.2686],[122.6395,39.2862]]],[[[122.3186,39.1708],[122.3987,39.162],[122.3932,39.2134],[122.3186,39.1708]]],[[[122.6919,39.2329],[122.7516,39.2297],[122.6284,39.232],[122.6919,39.2329]]],[[[122.7387,39.0347],[122.7048,39.0445],[122.7578,39.0096],[122.7387,39.0347]]],[[[123.0226,39.5465],[122.945,39.5202],[122.9955,39.4953],[123.0226,39.5465]]],[[[122.5034,39.2413],[122.5022,39.2241],[122.5478,39.2292],[122.5034,39.2413]]],[[[120.7868,40.4738],[120.833,40.492],[120.8053,40.5257],[120.7868,40.4738]]],[[[123.0867,39.4269],[123.0904,39.4509],[123.0541,39.4578],[123.0867,39.4269]]],[[[123.1606,39.0254],[123.2056,39.057],[123.1458,39.0919],[123.1606,39.0254]]],[[[123.7168,39.7451],[123.7568,39.7543],[123.7199,39.7631],[123.7168,39.7451]]]]}},{"type":"Feature","properties":{"name":"吉林省","adcode":220000,"center":[125.3245,43.886841]},"bbox":[121.6442,40.8669,131.3187,46.3037],"geometry":{"type":"MultiPolygon","coordinates":[[[[129.6015,42.4151],[129.6274,42.4628],[129.7044,42.427],[129.7487,42.4712],[129.8165,42.851],[129.8682,42.9737],[129.9544,43.0109],[130.1441,42.9764],[130.1022,42.9229],[130.1361,42.9036],[130.2778,42.8922],[130.2575,42.7109],[130.4466,42.6075],[130.4355,42.5533],[130.5229,42.6224],[130.5815,42.4354],[130.6455,42.4266],[130.5654,42.5065],[130.6338,42.6035],[130.5925,42.6713],[130.4071,42.7315],[130.802,42.8795],[131.0434,42.8628],[131.0342,42.9291],[131.1457,42.9365],[131.1025,43.021],[131.2079,43.1316],[131.3187,43.4995],[131.1426,43.4257],[131.0268,43.5087],[130.8642,43.4379],[130.6307,43.6223],[130.4127,43.6526],[130.3382,43.964],[130.3653,44.044],[130.0795,43.835],[129.9513,44.0273],[129.8682,44.0126],[129.7432,43.876],[129.2547,43.8195],[129.2116,43.7845],[129.2301,43.5932],[129.0139,43.523],[128.8784,43.5399],[128.7293,43.737],[128.7607,43.8575],[128.6363,43.8911],[128.4719,44.1575],[128.4817,44.3756],[128.3727,44.5145],[128.2113,44.4316],[128.1725,44.347],[128.0499,44.35],[128.1017,44.2934],[128.0912,44.133],[127.7832,44.072],[127.7124,44.1991],[127.6816,44.1669],[127.5905,44.2279],[127.6237,44.278],[127.4864,44.4103],[127.4654,44.5166],[127.5572,44.5755],[127.1821,44.6445],[127.0497,44.567],[126.9844,44.8239],[127.0928,44.9469],[126.964,45.1321],[126.7928,45.1355],[126.5692,45.2527],[126.2354,45.1401],[125.9982,45.1621],[125.6952,45.3521],[125.6878,45.5142],[125.4248,45.4856],[125.362,45.3928],[125.0971,45.3828],[125.0257,45.4932],[124.9111,45.536],[124.8865,45.4428],[124.3987,45.4407],[124.3488,45.5469],[124.2644,45.5553],[124.2268,45.6336],[124.1621,45.6164],[124.002,45.7707],[124.0642,45.8024],[124.0611,45.8862],[123.9737,45.974],[124.0402,46.0197],[123.9601,46.2884],[123.9176,46.2569],[123.896,46.3037],[123.5696,46.2238],[123.2481,46.2731],[123.046,46.0999],[122.7929,46.0733],[122.8286,45.9124],[122.7522,45.8349],[122.7923,45.7661],[122.7418,45.7051],[122.6716,45.7005],[122.5564,45.8216],[122.5046,45.7869],[122.4461,45.917],[122.3624,45.9174],[122.3728,45.8562],[122.254,45.7982],[122.0402,45.959],[121.8437,46.0243],[121.7618,45.9989],[121.8173,45.8753],[121.6442,45.7523],[121.7138,45.7017],[121.97,45.693],[122.0026,45.5079],[122.1683,45.4399],[122.1474,45.2957],[122.2392,45.2763],[122.2299,45.2068],[122.1098,45.1422],[122.0495,44.913],[122.1,44.7823],[122.169,44.7704],[122.1024,44.7364],[122.1616,44.7283],[122.103,44.6739],[122.1314,44.5776],[122.286,44.4778],[122.2712,44.2557],[122.6753,44.2857],[122.7609,44.3696],[123.1249,44.5098],[123.1286,44.3671],[123.3867,44.1618],[123.3312,44.029],[123.5203,43.7084],[123.5117,43.5928],[123.4212,43.5984],[123.4526,43.546],[123.3047,43.5507],[123.4199,43.41],[123.4864,43.4453],[123.6084,43.3661],[123.7039,43.3705],[123.7476,43.4722],[123.8579,43.4592],[123.896,43.3613],[124.0328,43.2808],[124.2761,43.2333],[124.2736,43.1788],[124.4258,43.0761],[124.3334,42.9974],[124.4424,42.9588],[124.3716,42.8808],[124.4664,42.8471],[124.5865,42.9054],[124.6869,43.0512],[124.8828,43.1342],[124.8409,43.0324],[124.8742,42.79],[124.9752,42.8027],[125.0109,42.6321],[125.0971,42.6224],[125.0688,42.4994],[125.1864,42.4279],[125.1754,42.3081],[125.2992,42.29],[125.3059,42.1464],[125.3681,42.1827],[125.4901,42.1361],[125.2918,41.9588],[125.3515,41.9281],[125.3078,41.9245],[125.317,41.6769],[125.447,41.676],[125.548,41.401],[125.7913,41.1676],[125.5843,40.8918],[125.8172,40.8669],[126.0414,40.9289],[126.1245,41.0923],[126.2951,41.1717],[126.4374,41.3534],[126.539,41.3669],[126.4972,41.4068],[126.608,41.6693],[126.6881,41.6743],[126.6949,41.7511],[126.8002,41.7029],[126.9314,41.8127],[127.1784,41.6],[127.1186,41.54],[127.2886,41.5019],[127.2535,41.4867],[127.5473,41.4773],[127.6366,41.4136],[128,41.4427],[128.1146,41.3642],[128.3179,41.5758],[128.1128,41.7935],[128.1066,41.9499],[128.0339,42.0002],[128.9529,42.0255],[128.9714,42.0971],[129.2159,42.2084],[129.1833,42.2621],[129.2603,42.3355],[129.2406,42.3762],[129.3262,42.3899],[129.3681,42.4593],[129.5461,42.3616],[129.6015,42.4151]]]]}},{"type":"Feature","properties":{"name":"黑龙江省","adcode":230000,"center":[126.642464,45.756967]},"bbox":[121.1822,43.4257,135.0957,53.5633],"geometry":{"type":"MultiPolygon","coordinates":[[[[123.5696,46.2238],[123.9601,46.2884],[124.0402,46.0197],[123.9687,45.9366],[124.0673,45.8403],[124.002,45.7707],[124.1621,45.6164],[124.2268,45.6336],[124.2644,45.5553],[124.3488,45.5469],[124.3987,45.4407],[124.8865,45.4428],[124.9111,45.536],[125.0257,45.4932],[125.0971,45.3828],[125.362,45.3928],[125.4248,45.4856],[125.6878,45.5142],[125.6952,45.3521],[125.9982,45.1621],[126.2354,45.1401],[126.5692,45.2527],[126.7928,45.1355],[126.964,45.1321],[127.0928,44.9469],[126.9844,44.8239],[127.0497,44.567],[127.1821,44.6445],[127.5572,44.5755],[127.4654,44.5166],[127.4864,44.4103],[127.6237,44.278],[127.5905,44.2279],[127.6816,44.1669],[127.7124,44.1991],[127.7832,44.072],[128.0912,44.133],[128.1017,44.2934],[128.0499,44.35],[128.1725,44.347],[128.2113,44.4316],[128.3727,44.5145],[128.4817,44.3756],[128.4719,44.1575],[128.6363,43.8911],[128.7607,43.8575],[128.7293,43.737],[128.8784,43.5399],[129.0139,43.523],[129.2301,43.5932],[129.2116,43.7845],[129.2547,43.8195],[129.7432,43.876],[129.8682,44.0126],[129.9513,44.0273],[130.0795,43.835],[130.3653,44.044],[130.3382,43.964],[130.4127,43.6526],[130.6307,43.6223],[130.8642,43.4379],[131.0268,43.5087],[131.1426,43.4257],[131.3046,43.5021],[131.2005,43.5321],[131.2171,43.8363],[131.2658,44.0346],[131.3107,44.0466],[131.1118,44.71],[130.9652,44.8507],[131.161,44.9482],[131.2079,44.9138],[131.3551,44.9901],[131.5017,44.9778],[131.6957,45.1321],[131.6507,45.16],[131.6815,45.2152],[131.7936,45.2118],[131.8879,45.3424],[132.0037,45.2544],[132.954,45.0231],[133.1394,45.1275],[133.0957,45.2468],[133.1438,45.4307],[133.2035,45.5167],[133.4714,45.6311],[133.4456,45.7051],[133.5053,45.7857],[133.4677,45.8349],[133.6765,45.9432],[133.7455,46.0754],[133.7061,46.1633],[133.91,46.2544],[133.9229,46.3309],[133.8693,46.3384],[133.9488,46.4012],[133.8496,46.4754],[133.9198,46.596],[134.011,46.6379],[134.064,46.98],[134.1428,47.0933],[134.2223,47.1052],[134.2303,47.1821],[134.157,47.2484],[134.1773,47.3263],[134.3073,47.4288],[134.5684,47.4782],[134.7797,47.7159],[134.5543,47.9822],[134.6793,48.2562],[135.0957,48.4376],[134.9275,48.4515],[134.7643,48.3701],[134.5019,48.419],[134.2038,48.3824],[133.7406,48.2547],[133.546,48.1214],[133.1302,48.135],[132.8192,47.9369],[132.6615,47.9449],[132.6873,47.8851],[132.558,47.7183],[132.372,47.7654],[131.9766,47.6732],[131.6901,47.707],[131.5904,47.6607],[131.5435,47.736],[131.4561,47.7473],[131.0299,47.6946],[130.8913,47.9273],[130.6665,48.105],[130.8451,48.2965],[130.7478,48.4043],[130.7675,48.5078],[130.6209,48.496],[130.6055,48.5942],[130.5383,48.612],[130.6806,48.8811],[130.2378,48.8686],[129.9372,49.0403],[129.7302,49.2884],[129.5627,49.2997],[129.5183,49.4237],[129.3902,49.4326],[129.3582,49.3559],[129.2153,49.3991],[129.0847,49.3598],[129.0139,49.4571],[128.7613,49.482],[128.8131,49.5582],[128.7441,49.595],[128.1854,49.5395],[127.8153,49.5939],[127.6779,49.6977],[127.6748,49.7642],[127.5319,49.8261],[127.5018,50.0568],[127.5874,50.1378],[127.6034,50.2393],[127.3324,50.3406],[127.3644,50.4383],[127.2936,50.4657],[127.3706,50.5814],[127.2948,50.6634],[127.2954,50.7551],[126.9228,51.0619],[126.9,51.2005],[126.9838,51.3189],[126.887,51.3219],[126.9086,51.2466],[126.8205,51.2811],[126.8372,51.345],[126.9302,51.3592],[126.9086,51.4074],[126.7916,51.4324],[126.8372,51.536],[126.6789,51.6022],[126.7411,51.6424],[126.7343,51.7114],[126.4627,51.9485],[126.451,52.0277],[126.5144,52.0373],[126.5563,52.1362],[126.3068,52.2056],[126.4331,52.2986],[126.3278,52.3103],[126.3536,52.3893],[126.2686,52.4751],[126.2052,52.4663],[126.2132,52.5253],[126.1473,52.573],[125.9687,52.6304],[126.1165,52.7682],[126.0524,52.8001],[125.9668,52.7599],[125.8276,52.8991],[125.6786,52.8608],[125.665,52.9136],[125.7426,52.994],[125.6139,53.0836],[125.5307,53.0512],[125.1421,53.2042],[124.8877,53.1644],[124.8723,53.099],[124.6789,53.207],[124.4356,53.2239],[124.2391,53.3798],[124.1258,53.348],[123.8652,53.4896],[123.6207,53.5501],[123.5314,53.5071],[123.5172,53.5583],[123.4994,53.4978],[123.2746,53.5633],[122.8945,53.4629],[122.435,53.4447],[122.35,53.5056],[122.1111,53.4269],[121.6978,53.3927],[121.4994,53.3373],[121.6799,53.2407],[121.6651,53.1705],[121.8179,53.0616],[121.5912,52.8247],[121.1822,52.5992],[121.6399,52.4444],[121.7144,52.318],[121.8413,52.2825],[121.9478,52.2983],[122.169,52.5137],[122.4474,52.3941],[122.4782,52.2961],[122.7874,52.2525],[122.7381,52.1535],[122.6291,52.1366],[122.6254,52.0675],[122.7264,51.9787],[122.7061,51.8902],[122.8742,51.5613],[122.8545,51.4776],[123.0029,51.3121],[123.4403,51.271],[123.662,51.3192],[123.7113,51.3981],[123.9262,51.3005],[124.2391,51.3447],[124.4067,51.2721],[124.4904,51.3805],[124.6265,51.3275],[124.8643,51.3798],[125.1285,51.6591],[125.3515,51.6238],[125.7617,51.2264],[125.8504,51.2136],[125.8646,51.1465],[125.9939,51.1191],[125.9761,51.0845],[126.0592,51.0435],[125.9976,50.8727],[125.9619,50.9011],[125.8467,50.7695],[125.7586,50.7468],[125.8258,50.7036],[125.7894,50.6797],[125.8295,50.5617],[125.5363,50.42],[125.4488,50.2163],[125.2585,50.1036],[125.3281,50.066],[125.1901,49.9598],[125.2456,49.872],[125.1778,49.8295],[125.2228,49.799],[125.2197,49.6691],[125.1273,49.6551],[125.2302,49.5954],[125.2708,49.4544],[125.2197,49.1891],[125.1175,49.1261],[124.9068,49.1841],[124.8095,49.1159],[124.8083,49.0207],[124.5206,48.5562],[124.5557,48.4678],[124.5077,48.4456],[124.5188,48.378],[124.5797,48.2973],[124.5298,48.147],[124.4159,48.0878],[124.475,48.1737],[124.419,48.1817],[124.4221,48.2459],[124.318,48.351],[124.3143,48.5039],[124.2595,48.5364],[123.5795,48.0454],[123.3004,47.9537],[123.1618,47.7819],[122.594,47.5473],[122.4184,47.3506],[122.6155,47.1243],[122.8526,47.0722],[122.7744,46.9738],[122.8951,46.9604],[122.9068,46.8074],[123.0263,46.7188],[123.1637,46.7402],[123.2216,46.8504],[123.3743,46.8377],[123.4045,46.9354],[123.3017,47],[123.4236,46.9342],[123.5283,46.9448],[123.5068,46.827],[123.6053,46.8913],[123.6035,46.6893],[123.0023,46.5746],[123.0116,46.435],[123.1785,46.2482],[123.5696,46.2238]]]]}},{"type":"Feature","properties":{"name":"上海","adcode":310000,"center":[121.472644,31.231706]},"bbox":[120.881,30.6772,122.1228,31.8685],"geometry":{"type":"MultiPolygon","coordinates":[[[[120.9013,31.0173],[120.9894,31.0143],[120.9919,30.8371],[121.0978,30.8572],[121.1231,30.7791],[121.2167,30.7857],[121.2746,30.6772],[121.6811,30.8186],[121.9435,30.777],[121.994,30.8628],[121.9774,31.0163],[121.7224,31.3036],[121.3436,31.512],[121.242,31.4931],[121.1138,31.3746],[121.1428,31.2755],[121.0603,31.2453],[121.0769,31.1583],[120.881,31.1347],[120.9013,31.0173]]],[[[121.9749,31.617],[121.5998,31.7031],[121.3233,31.8685],[121.1188,31.7591],[121.3719,31.5533],[121.4341,31.5905],[121.8191,31.438],[121.9817,31.464],[121.9749,31.617]]],[[[121.7957,31.3302],[121.7421,31.4073],[121.5099,31.4824],[121.7957,31.3302]]],[[[121.8019,31.3568],[121.8407,31.2954],[122.0975,31.2555],[122.1228,31.3072],[121.8019,31.3568]]],[[[121.6269,31.4451],[121.6319,31.4569],[121.5795,31.4798],[121.6269,31.4451]]],[[[121.9435,31.2156],[121.9959,31.1608],[122.0088,31.2212],[121.9435,31.2156]]],[[[121.8825,31.2407],[121.909,31.1951],[121.9238,31.234],[121.8825,31.2407]]]]}},{"type":"Feature","properties":{"name":"江苏省","adcode":320000,"center":[118.767413,32.041544]},"bbox":[116.3693,30.758,121.9749,35.1153],"geometry":{"type":"MultiPolygon","coordinates":[[[[117.3117,34.5617],[117.2482,34.4512],[117.1663,34.4344],[117.0702,34.7138],[116.7893,34.9751],[116.7813,34.9168],[116.445,34.8957],[116.3693,34.7492],[116.3742,34.64],[116.4302,34.6508],[116.5922,34.4936],[116.7739,34.4537],[116.8281,34.389],[116.9692,34.389],[116.9692,34.2838],[117.0511,34.2214],[117.0252,34.1675],[117.1306,34.1016],[117.3572,34.0882],[117.4355,34.0282],[117.5149,34.0609],[117.5691,33.9851],[117.6295,34.0287],[117.7151,33.8793],[117.7539,33.8912],[117.7502,33.7107],[118.0656,33.7659],[118.161,33.7356],[118.1074,33.4754],[118.0508,33.4919],[117.9424,33.2249],[118.0385,33.1348],[118.1783,33.2179],[118.2171,33.1919],[118.2448,32.9984],[118.3039,32.9687],[118.2331,32.9145],[118.2503,32.8482],[118.3015,32.8461],[118.3754,32.7188],[118.7566,32.7375],[118.7431,32.8532],[118.8102,32.8537],[118.849,32.9567],[119.0209,32.9557],[119.1133,32.823],[119.1847,32.8255],[119.2309,32.607],[119.0849,32.4526],[119.0412,32.5152],[118.8909,32.553],[118.9082,32.5924],[118.5688,32.5858],[118.5922,32.4814],[118.6914,32.4723],[118.7031,32.3288],[118.6439,32.2099],[118.5109,32.1942],[118.501,32.1217],[118.3945,32.0761],[118.3637,31.9304],[118.5047,31.8415],[118.4819,31.7785],[118.5577,31.7301],[118.6415,31.7586],[118.6975,31.7097],[118.6433,31.6497],[118.7363,31.6333],[118.7739,31.6828],[118.8028,31.6191],[118.8589,31.6237],[118.8521,31.3936],[118.7209,31.3225],[118.7948,31.2294],[119.1053,31.2351],[119.1582,31.2949],[119.3381,31.2591],[119.3504,31.301],[119.3917,31.1741],[119.5999,31.1091],[119.6781,31.168],[119.9214,31.17],[120.1111,30.9558],[120.371,30.9486],[120.3581,30.887],[120.4351,30.9209],[120.5047,30.758],[120.5897,30.8541],[120.7135,30.8849],[120.6981,30.9706],[120.9013,31.0173],[120.881,31.1347],[121.0769,31.1583],[121.0603,31.2453],[121.1428,31.2755],[121.1138,31.3746],[121.3719,31.5533],[121.1188,31.7591],[121.2001,31.8349],[121.3233,31.8685],[121.5998,31.7031],[121.9749,31.617],[121.8561,31.9553],[121.7594,32.0594],[121.4588,32.1775],[121.4939,32.2635],[121.4255,32.4309],[120.9617,32.612],[120.9161,32.7012],[120.9814,32.8597],[120.8718,33.047],[120.8336,33.275],[120.7412,33.3375],[120.3673,34.0917],[120.3119,34.307],[119.6411,34.5691],[119.4656,34.673],[119.526,34.7335],[119.3818,34.7522],[119.497,34.7542],[119.4397,34.7851],[119.2383,34.7994],[119.2112,34.9815],[119.2383,35.0487],[119.3073,35.033],[119.287,35.1153],[118.8626,35.0256],[118.8607,34.9442],[118.7191,34.7453],[118.7837,34.7232],[118.461,34.6563],[118.3797,34.4152],[118.1795,34.3796],[118.1327,34.4833],[118.1851,34.5439],[118.0791,34.5696],[118.084,34.6558],[117.9516,34.6784],[117.7939,34.6518],[117.8019,34.5188],[117.6843,34.5474],[117.5925,34.4626],[117.465,34.4848],[117.3708,34.5848],[117.3117,34.5617]]]]}},{"type":"Feature","properties":{"name":"浙江省","adcode":330000,"center":[120.153576,30.287459]},"bbox":[118.0422,27.1424,122.836,31.17],"geometry":{"type":"MultiPolygon","coordinates":[[[[118.4339,28.2883],[118.4906,28.2383],[118.7197,28.312],[118.8022,28.2404],[118.7302,27.9706],[118.8182,27.9167],[118.9137,27.6196],[118.8694,27.54],[118.9076,27.461],[119.0209,27.4981],[119.2691,27.4222],[119.3603,27.5247],[119.4668,27.5262],[119.5013,27.6498],[119.606,27.6747],[119.7686,27.3079],[120.0082,27.3754],[120.0526,27.3387],[120.1345,27.4201],[120.2626,27.4328],[120.2731,27.3892],[120.3408,27.3999],[120.4616,27.1424],[120.546,27.1568],[120.5804,27.3212],[120.6654,27.3579],[120.703,27.4785],[120.6346,27.5772],[120.7775,27.7749],[120.8404,27.759],[120.942,27.8966],[121.1342,27.7871],[121.1921,27.8225],[121.1625,27.9072],[120.9919,27.95],[121.059,28.0963],[121.1083,28.1391],[121.1409,28.0314],[121.2611,28.0346],[121.489,28.3015],[121.6275,28.252],[121.6928,28.4074],[121.5407,28.6555],[121.6891,28.7191],[121.6873,28.8633],[121.7748,28.8638],[121.6084,29.1689],[121.7156,29.125],[121.768,29.1668],[121.7803,29.1099],[121.9663,29.0529],[121.9484,29.1935],[122.002,29.2603],[121.9447,29.2843],[121.938,29.384],[122.0002,29.5825],[121.9663,29.6361],[121.8333,29.6532],[122.14,29.9015],[122.007,29.8917],[121.9712,29.9555],[121.9195,29.9207],[121.7212,29.9928],[121.3719,30.371],[121.2253,30.4045],[121.0929,30.516],[121.0584,30.5639],[121.2395,30.6489],[121.2721,30.7235],[121.2167,30.7857],[121.1231,30.7791],[121.0978,30.8572],[120.9919,30.8371],[120.9894,31.0143],[120.6981,30.9706],[120.7135,30.8849],[120.5897,30.8541],[120.5047,30.758],[120.4351,30.9209],[120.3581,30.887],[120.371,30.9486],[120.1111,30.9558],[119.9214,31.17],[119.6781,31.168],[119.6239,31.1301],[119.5758,30.8299],[119.4798,30.7724],[119.4447,30.6504],[119.3905,30.6859],[119.2389,30.6092],[119.2371,30.5469],[119.3264,30.533],[119.4028,30.3746],[119.2014,30.2909],[118.9544,30.3601],[118.8805,30.3152],[118.9297,30.2025],[118.8527,30.1668],[118.8952,30.1487],[118.8946,29.9378],[118.7406,29.8149],[118.7449,29.739],[118.5004,29.5757],[118.4961,29.5195],[118.3298,29.495],[118.3163,29.4226],[118.1931,29.3955],[118.1783,29.2979],[118.0779,29.2906],[118.0422,29.2102],[118.0976,28.999],[118.2276,28.9424],[118.1955,28.9042],[118.2701,28.9188],[118.4284,28.6813],[118.4148,28.4973],[118.4745,28.4789],[118.432,28.4021],[118.4801,28.3273],[118.4339,28.2883]]],[[[122.1634,29.9881],[122.3223,29.9404],[122.3439,30.0203],[122.294,30.1006],[121.9349,30.1616],[122.0279,29.9912],[122.1634,29.9881]]],[[[122.2139,30.1865],[122.1788,30.1994],[122.1437,30.1632],[122.2139,30.1865]]],[[[122.2293,29.712],[122.2108,29.7006],[122.27,29.6855],[122.2293,29.712]]],[[[122.4276,30.7384],[122.427,30.6978],[122.533,30.6967],[122.4276,30.7384]]],[[[122.1628,30.3297],[122.0581,30.2919],[122.2318,30.2346],[122.2281,30.3297],[122.1628,30.3297]]],[[[122.3174,30.2496],[122.278,30.2428],[122.4172,30.2387],[122.3174,30.2496]]],[[[122.0261,29.1783],[122.0131,29.1517],[122.0759,29.1762],[122.0261,29.1783]]],[[[122.3722,29.8932],[122.4159,29.8289],[122.4116,29.9518],[122.3309,29.9378],[122.3722,29.8932]]],[[[122.4301,30.4087],[122.278,30.4716],[122.2817,30.4185],[122.4301,30.4087]]],[[[121.8376,28.7705],[121.8628,28.782],[121.8616,28.814],[121.8376,28.7705]]],[[[122.265,29.8455],[122.2213,29.8325],[122.31,29.7666],[122.3192,29.8294],[122.265,29.8455]]],[[[121.7908,29.0821],[121.8326,29.0502],[121.8431,29.0821],[121.7908,29.0821]]],[[[121.2013,27.6233],[121.1976,27.618],[121.1988,27.617],[121.2013,27.6233]]],[[[121.9435,30.777],[121.9971,30.6587],[122.1332,30.5953],[121.9435,30.777]]],[[[121.8893,28.4716],[121.9189,28.4973],[121.8819,28.5026],[121.8893,28.4716]]],[[[122.1825,29.6506],[122.2004,29.7125],[122.084,29.7832],[122.0476,29.7198],[122.1825,29.6506]]],[[[122.4615,29.9441],[122.4511,29.941],[122.456,29.9264],[122.4615,29.9441]]],[[[122.5705,30.6442],[122.5595,30.6798],[122.5465,30.652],[122.5705,30.6442]]],[[[121.8696,28.4237],[121.9109,28.44],[121.8899,28.451],[121.8696,28.4237]]],[[[122.0655,30.1797],[122.0556,30.2004],[122.0174,30.1865],[122.0655,30.1797]]],[[[122.3913,29.9705],[122.4116,30.026],[122.3784,30.0239],[122.3913,29.9705]]],[[[121.8505,29.9773],[121.933,29.9949],[121.8487,30.1011],[121.8505,29.9773]]],[[[121.0664,27.4785],[121.0664,27.4615],[121.1071,27.444],[121.0664,27.4785]]],[[[121.9521,29.1877],[121.9792,29.16],[121.9768,29.1919],[121.9521,29.1877]]],[[[122.0384,29.7593],[122.0113,29.7463],[122.0298,29.7167],[122.0384,29.7593]]],[[[121.9404,30.1145],[121.9103,30.0892],[121.946,30.0643],[121.9404,30.1145]]],[[[121.9577,30.2878],[121.9891,30.34],[121.9213,30.3074],[121.9577,30.2878]]],[[[122.193,29.9653],[122.1523,29.971],[122.1554,29.9705],[122.193,29.9653]]],[[[122.2878,29.7239],[122.2583,29.7536],[122.2133,29.7718],[122.2878,29.7239]]],[[[121.1342,27.7871],[121.1342,27.786],[121.1348,27.7871],[121.1342,27.7871]]],[[[122.7603,30.142],[122.7812,30.1327],[122.7707,30.1389],[122.7603,30.142]]],[[[122.2644,30.2697],[122.254,30.2371],[122.3155,30.2501],[122.2644,30.2697]]],[[[122.2829,29.8605],[122.3088,29.8496],[122.3433,29.8829],[122.2829,29.8605]]],[[[122.7812,30.6942],[122.7997,30.7163],[122.7787,30.7297],[122.7812,30.6942]]],[[[121.0984,27.9373],[121.1527,27.9616],[121.0381,27.9489],[121.0984,27.9373]]],[[[121.1859,27.9632],[121.2377,27.9881],[121.1976,28.0007],[121.1859,27.9632]]],[[[122.4541,29.9565],[122.4455,29.9524],[122.4591,29.9508],[122.4541,29.9565]]],[[[122.836,30.6988],[122.8311,30.7286],[122.8077,30.7142],[122.836,30.6988]]],[[[122.2004,29.9695],[122.2336,29.9467],[122.2737,29.9321],[122.2004,29.9695]]],[[[122.0291,29.955],[122.0439,29.9306],[122.0587,29.956],[122.0291,29.955]]],[[[121.0442,27.9791],[121.0898,27.9986],[121.0738,28.0076],[121.0442,27.9791]]],[[[122.4714,29.9275],[122.4708,29.9259],[122.4732,29.9254],[122.4714,29.9275]]],[[[122.1523,29.971],[122.1554,29.9705],[122.1542,29.971],[122.1523,29.971]]]]}},{"type":"Feature","properties":{"name":"安徽省","adcode":340000,"center":[117.283042,31.86119]},"bbox":[114.883,29.4189,119.6337,34.6508],"geometry":{"type":"MultiPolygon","coordinates":[[[[116.5996,34.0143],[116.631,33.8877],[116.567,33.9081],[116.437,33.8012],[116.1555,33.7097],[115.9578,34.0079],[115.6585,34.0614],[115.5476,33.8748],[115.632,33.8698],[115.6141,33.7759],[115.563,33.7729],[115.64,33.5851],[115.3456,33.5028],[115.3135,33.377],[115.3616,33.2985],[115.2895,33.1318],[115.0413,33.0867],[114.9662,33.1473],[114.9027,33.1298],[114.9255,33.0169],[114.883,32.9903],[115.1971,32.8562],[115.2008,32.5919],[115.4115,32.5752],[115.523,32.442],[115.6264,32.4051],[115.7047,32.495],[115.7891,32.4688],[115.9104,32.5672],[115.8457,32.5016],[115.9418,32.1663],[115.9147,31.8146],[115.6763,31.7785],[115.4952,31.6731],[115.3714,31.4957],[115.3721,31.3491],[115.4435,31.3445],[115.5858,31.1439],[115.701,31.2013],[115.7786,31.1122],[115.8673,31.1475],[115.9387,31.0471],[116.0588,31.0127],[116.0718,30.9568],[115.8654,30.8644],[115.8513,30.7569],[115.7829,30.7518],[115.7626,30.6854],[115.9104,30.519],[115.903,30.3136],[116.0656,30.2046],[116.1352,29.8195],[116.2806,29.7889],[116.5522,29.9098],[116.5855,30.0457],[116.6668,30.0767],[116.9002,29.9493],[116.6735,29.7099],[116.705,29.6886],[116.652,29.6371],[116.7216,29.5648],[117.1127,29.712],[117.1367,29.7754],[117.0733,29.832],[117.2168,29.927],[117.2531,29.8346],[117.4151,29.8507],[117.4539,29.6881],[117.5432,29.5887],[118.004,29.5783],[118.1438,29.4898],[118.1364,29.4189],[118.3163,29.4226],[118.3298,29.495],[118.4961,29.5195],[118.5737,29.6382],[118.647,29.6434],[118.8386,29.9347],[118.8946,29.9378],[118.8952,30.1487],[118.8527,30.1668],[118.9297,30.2025],[118.8805,30.3152],[118.9544,30.3601],[119.2014,30.2909],[119.4028,30.3746],[119.3264,30.533],[119.2371,30.5469],[119.2389,30.6092],[119.3905,30.6859],[119.4447,30.6504],[119.6337,31.0194],[119.6239,31.1301],[119.3917,31.1741],[119.3504,31.301],[119.3381,31.2591],[119.1582,31.2949],[119.1053,31.2351],[118.7948,31.2294],[118.7209,31.3225],[118.8521,31.3936],[118.8589,31.6237],[118.8028,31.6191],[118.7739,31.6828],[118.7363,31.6333],[118.6433,31.6497],[118.6975,31.7097],[118.6415,31.7586],[118.522,31.7433],[118.5047,31.8415],[118.3637,31.9304],[118.3945,32.0761],[118.501,32.1217],[118.5109,32.1942],[118.6439,32.2099],[118.7031,32.3288],[118.6914,32.4723],[118.5922,32.4814],[118.5688,32.5858],[118.9082,32.5924],[118.8909,32.553],[119.0412,32.5152],[119.0849,32.4526],[119.2309,32.607],[119.1847,32.8255],[119.1133,32.823],[119.0209,32.9557],[118.849,32.9567],[118.8102,32.8537],[118.7431,32.8532],[118.7566,32.7375],[118.3754,32.7188],[118.3015,32.8461],[118.2503,32.8482],[118.2331,32.9145],[118.3039,32.9687],[118.2448,32.9984],[118.2171,33.1919],[118.1783,33.2179],[118.0385,33.1348],[117.9424,33.2249],[118.0508,33.4919],[118.1074,33.4754],[118.161,33.7356],[118.0656,33.7659],[117.7502,33.7107],[117.7539,33.8912],[117.7151,33.8793],[117.6295,34.0287],[117.5691,33.9851],[117.5149,34.0609],[117.1922,34.0689],[117.0252,34.1675],[117.0511,34.2214],[116.9692,34.2838],[116.9692,34.389],[116.8281,34.389],[116.7739,34.4537],[116.5922,34.4936],[116.4302,34.6508],[116.2479,34.5518],[116.1968,34.576],[116.1623,34.4596],[116.2134,34.3821],[116.3723,34.2659],[116.5824,34.2664],[116.5282,34.1229],[116.5996,34.0143]]],[[[118.8657,31.5191],[118.857,31.5064],[118.8835,31.5003],[118.8657,31.5191]]],[[[116.6988,29.7078],[116.6538,29.6948],[116.705,29.6886],[116.6988,29.7078]]],[[[115.5088,32.4688],[115.5094,32.4667],[115.5106,32.4683],[115.5088,32.4688]]]]}},{"type":"Feature","properties":{"name":"福建省","adcode":350000,"center":[119.306239,26.075302]},"bbox":[115.8556,23.5504,120.4616,28.312],"geometry":{"type":"MultiPolygon","coordinates":[[[[119.0049,24.97],[119.0166,25.0584],[118.9451,25.0286],[118.8922,25.0926],[118.9852,25.169],[118.9156,25.2567],[119.0745,25.2112],[119.0289,25.1397],[119.1342,25.1061],[119.1194,25.0129],[119.1656,25.1457],[119.1318,25.2231],[119.2691,25.1597],[119.295,25.2372],[119.3806,25.2502],[119.1447,25.3881],[119.2198,25.4687],[119.3535,25.4119],[119.359,25.5216],[119.4527,25.4935],[119.4385,25.4124],[119.4915,25.4433],[119.4865,25.3697],[119.5487,25.366],[119.5777,25.446],[119.5974,25.3346],[119.6491,25.3427],[119.6701,25.4357],[119.6227,25.4341],[119.675,25.4681],[119.7736,25.3957],[119.7643,25.4335],[119.8666,25.4551],[119.8111,25.507],[119.8838,25.5464],[119.7859,25.6679],[119.6836,25.5929],[119.7157,25.5119],[119.675,25.4751],[119.5869,25.5923],[119.4785,25.6317],[119.6029,25.6851],[119.6282,25.8721],[119.6953,25.9044],[119.7237,26.0115],[119.6042,26.169],[119.6762,26.2629],[119.9547,26.3525],[119.8358,26.434],[119.7883,26.5834],[119.5777,26.6225],[119.6645,26.7262],[119.874,26.6428],[119.9429,26.7845],[120.0618,26.769],[119.8284,26.524],[120.1382,26.638],[120.1364,26.7978],[120.0544,26.8635],[120.1265,26.9206],[120.2331,26.9078],[120.2829,27.0897],[120.392,27.0811],[120.4616,27.1424],[120.4043,27.2042],[120.4302,27.259],[120.2626,27.4328],[120.1345,27.4201],[120.0526,27.3387],[120.0082,27.3754],[119.7686,27.3079],[119.606,27.6747],[119.5013,27.6498],[119.4668,27.5262],[119.3603,27.5247],[119.2691,27.4222],[119.0209,27.4981],[118.9076,27.461],[118.8694,27.54],[118.9137,27.6196],[118.8182,27.9167],[118.7302,27.9706],[118.8022,28.2404],[118.7197,28.312],[118.4906,28.2383],[118.424,28.2915],[118.3144,28.2219],[118.3754,28.1866],[118.3563,28.0916],[118.1536,28.062],[118.097,27.9706],[117.8561,27.9458],[117.7403,27.8003],[117.6098,27.8633],[117.5217,27.9822],[117.3418,27.8559],[117.2802,27.8712],[117.2963,27.7643],[117.2045,27.6838],[117.1146,27.6922],[117.0942,27.6276],[117.0406,27.67],[117.0037,27.6254],[117.0166,27.5634],[117.1035,27.5331],[117.1047,27.3308],[117.1718,27.2904],[117.053,27.1003],[116.9365,27.0193],[116.6791,26.9783],[116.5485,26.84],[116.5393,26.5593],[116.6384,26.4774],[116.6015,26.3729],[116.5196,26.4104],[116.413,26.2978],[116.3921,26.1711],[116.4764,26.1727],[116.4894,26.1136],[116.3699,25.9631],[116.1321,25.8603],[116.1808,25.7789],[116.0675,25.704],[116.0083,25.3194],[115.8556,25.2096],[115.9283,25.0503],[115.8734,25.0199],[115.9252,24.9608],[115.8704,24.9597],[116.0681,24.8501],[116.1919,24.8772],[116.2442,24.7936],[116.3951,24.8777],[116.3754,24.8039],[116.4851,24.7202],[116.53,24.6049],[116.6009,24.6544],[116.8152,24.6549],[116.7592,24.5456],[116.8608,24.4601],[116.9335,24.2202],[116.9988,24.1792],[116.9304,24.0645],[116.9815,23.8556],[117.0554,23.694],[117.1928,23.6294],[117.1928,23.5619],[117.3024,23.5504],[117.4638,23.5849],[117.5014,23.7045],[117.6018,23.7017],[117.672,23.878],[117.7927,23.9065],[118.0194,24.1972],[118.1586,24.2698],[118.0489,24.4181],[118.1216,24.5701],[118.243,24.5124],[118.5127,24.6082],[118.5583,24.5124],[118.6144,24.5216],[118.6803,24.582],[118.6526,24.6539],[118.7862,24.7767],[118.6476,24.8435],[118.9889,24.8788],[118.9186,24.9326],[119.0049,24.97]]],[[[118.4123,24.5145],[118.3748,24.459],[118.2984,24.4775],[118.2824,24.4132],[118.4579,24.4121],[118.4123,24.5145]]],[[[119.4711,25.1971],[119.5253,25.1576],[119.5666,25.2101],[119.4736,25.2599],[119.4711,25.1971]]],[[[119.5802,25.6274],[119.6116,25.6695],[119.5808,25.6501],[119.5802,25.6274]]],[[[119.9768,26.191],[120.0162,26.2173],[119.999,26.2356],[119.9768,26.191]]],[[[118.2306,24.4012],[118.2738,24.441],[118.2337,24.4459],[118.2306,24.4012]]],[[[119.9066,26.6899],[119.9269,26.6648],[119.951,26.6926],[119.9066,26.6899]]],[[[118.2042,24.5047],[118.145,24.5608],[118.0686,24.4633],[118.1432,24.4208],[118.2042,24.5047]]],[[[119.9294,26.1341],[119.9602,26.147],[119.9195,26.1722],[119.9294,26.1341]]],[[[119.643,26.1292],[119.6652,26.1556],[119.627,26.1733],[119.643,26.1292]]],[[[120.0341,26.4887],[120.0668,26.4983],[120.0717,26.5213],[120.0341,26.4887]]],[[[119.6621,25.6468],[119.6738,25.6328],[119.7187,25.635],[119.6621,25.6468]]],[[[119.7606,26.6134],[119.7766,26.6],[119.8185,26.6166],[119.7606,26.6134]]],[[[120.1357,26.5508],[120.1671,26.5717],[120.1536,26.6048],[120.1357,26.5508]]],[[[120.3606,26.9169],[120.3944,26.934],[120.3279,26.9639],[120.3606,26.9169]]],[[[120.1505,26.7989],[120.14,26.7952],[120.1635,26.7984],[120.1505,26.7989]]],[[[119.6682,26.6284],[119.7489,26.6813],[119.6738,26.6808],[119.6682,26.6284]]]]}},{"type":"Feature","properties":{"name":"江西省","adcode":360000,"center":[115.892151,28.676493]},"bbox":[113.5791,24.4862,118.4801,30.0767],"geometry":{"type":"MultiPolygon","coordinates":[[[[118.1931,29.3955],[118.004,29.5783],[117.5432,29.5887],[117.4539,29.6881],[117.4151,29.8507],[117.2531,29.8346],[117.2168,29.927],[117.0733,29.832],[117.1367,29.7754],[117.1127,29.712],[116.7216,29.5648],[116.6538,29.6948],[116.9002,29.9493],[116.6668,30.0767],[116.5855,30.0457],[116.5522,29.9098],[116.2806,29.7889],[116.1728,29.8284],[115.9098,29.7239],[115.6677,29.8502],[115.5119,29.8403],[115.4706,29.7395],[115.2858,29.6184],[115.1134,29.685],[115.154,29.5101],[115.0006,29.5721],[114.8602,29.4763],[114.8885,29.4361],[114.9471,29.4653],[114.8953,29.3976],[114.673,29.396],[114.5196,29.3256],[114.3071,29.3652],[114.2591,29.3438],[114.2523,29.2347],[114.0632,29.205],[113.9523,29.0926],[113.9739,28.9377],[114.009,28.9555],[114.0767,28.8345],[114.1537,28.8292],[114.086,28.5583],[114.2184,28.4847],[114.1722,28.4326],[114.2523,28.3958],[114.2529,28.3194],[114.1075,28.1829],[113.9924,28.1613],[114.0256,28.0314],[113.7521,27.9336],[113.7632,27.7992],[113.5791,27.5454],[113.6271,27.4997],[113.6166,27.3457],[113.8729,27.385],[113.7719,27.0966],[113.9271,26.9489],[113.8359,26.8064],[113.8605,26.6642],[114.1088,26.5695],[113.9628,26.1507],[114.1815,26.2146],[114.2375,26.1523],[114.0084,26.0158],[114.0281,25.8931],[113.9135,25.7013],[113.9831,25.5993],[113.9449,25.4416],[114.0034,25.4427],[114.0503,25.3643],[114.0398,25.2507],[114.1901,25.3167],[114.3829,25.3173],[114.5412,25.4168],[114.7432,25.2745],[114.6859,25.1733],[114.7358,25.1218],[114.5615,25.0774],[114.3958,24.951],[114.3361,24.749],[114.1691,24.6897],[114.1907,24.6566],[114.3915,24.5635],[114.4291,24.4862],[114.665,24.5837],[114.705,24.526],[114.7296,24.6087],[114.8688,24.5624],[114.9095,24.6615],[115.0573,24.7033],[115.1047,24.668],[115.4127,24.793],[115.6893,24.545],[115.8439,24.5624],[115.7564,24.749],[115.8242,24.9092],[115.9073,24.8799],[115.8704,24.9597],[115.9252,24.9608],[115.8556,25.2096],[116.0083,25.3194],[116.0675,25.704],[116.1808,25.7789],[116.1321,25.8603],[116.3699,25.9631],[116.4894,26.1136],[116.4764,26.1727],[116.3921,26.1711],[116.413,26.2978],[116.5196,26.4104],[116.6015,26.3729],[116.6384,26.4774],[116.5393,26.5593],[116.5485,26.84],[116.6791,26.9783],[116.9365,27.0193],[117.053,27.1003],[117.1718,27.2904],[117.1047,27.3308],[117.1035,27.5331],[117.0166,27.5634],[117.0037,27.6254],[117.2045,27.6838],[117.2963,27.7643],[117.2802,27.8712],[117.3418,27.8559],[117.5217,27.9822],[117.6098,27.8633],[117.7403,27.8003],[117.8561,27.9458],[118.097,27.9706],[118.1536,28.062],[118.3563,28.0916],[118.3754,28.1866],[118.3144,28.2219],[118.4801,28.3273],[118.3643,28.8135],[118.3002,28.8261],[118.2701,28.9188],[118.1955,28.9042],[118.2276,28.9424],[118.0976,28.999],[118.0378,29.102],[118.0779,29.2906],[118.1783,29.2979],[118.1931,29.3955]]]]}},{"type":"Feature","properties":{"name":"山东省","adcode":370000,"center":[117.000923,36.675807]},"bbox":[114.8189,34.3796,122.7141,38.3734],"geometry":{"type":"MultiPolygon","coordinates":[[[[116.3742,34.64],[116.445,34.8957],[116.7813,34.9168],[116.7893,34.9751],[117.0702,34.7138],[117.1663,34.4344],[117.2482,34.4512],[117.2729,34.5568],[117.3708,34.5848],[117.5383,34.467],[117.6843,34.5474],[117.8019,34.5188],[117.7939,34.6518],[117.9516,34.6784],[118.084,34.6558],[118.0791,34.5696],[118.1851,34.5439],[118.1327,34.4833],[118.1795,34.3796],[118.3797,34.4152],[118.461,34.6563],[118.7837,34.7232],[118.7191,34.7453],[118.8607,34.9442],[118.8626,35.0256],[119.25,35.1246],[119.3738,35.0785],[119.428,35.1211],[119.4508,35.2854],[119.5383,35.2967],[119.59,35.3728],[119.6621,35.5892],[119.9251,35.6374],[119.9263,35.7599],[120.0138,35.7142],[120.0643,35.8734],[120.2078,35.9476],[120.2023,35.8918],[120.3051,35.9718],[120.2571,36.0251],[120.1986,35.9955],[120.2392,36.0623],[120.1166,36.1029],[120.1813,36.2039],[120.3624,36.1962],[120.286,36.0473],[120.7123,36.1266],[120.663,36.3318],[120.7443,36.3279],[120.6944,36.3901],[120.8287,36.4667],[120.8718,36.367],[120.9654,36.4662],[120.9833,36.5461],[120.8471,36.6186],[121.0288,36.573],[121.4009,36.7012],[121.5653,36.8306],[121.4853,36.7861],[121.6516,36.7237],[121.6319,36.8009],[122.0088,36.9622],[122.0427,36.8718],[122.1412,36.9383],[122.1197,36.8919],[122.1757,36.8943],[122.1745,36.8426],[122.3445,36.8282],[122.4547,36.879],[122.4344,36.9144],[122.5324,36.9015],[122.5835,37.0373],[122.4671,37.0373],[122.4843,37.129],[122.6241,37.191],[122.5736,37.2962],[122.6075,37.3643],[122.7141,37.3924],[122.3371,37.4142],[122.2527,37.4679],[122.1665,37.4389],[122.1505,37.5572],[121.9238,37.4731],[121.6355,37.494],[121.5715,37.4413],[121.4773,37.476],[121.391,37.6254],[121.2173,37.5828],[121.149,37.6264],[121.136,37.7235],[121.0375,37.7188],[120.9408,37.8195],[120.7332,37.8337],[120.2275,37.6937],[120.2725,37.6368],[120.2152,37.6212],[120.2466,37.5567],[119.8438,37.3767],[119.8924,37.2639],[119.7403,37.1337],[119.3276,37.1156],[119.2044,37.2801],[119.1367,37.231],[119.0541,37.2548],[118.9396,37.5273],[119.024,37.642],[119.2623,37.6605],[119.2919,37.8696],[119.1613,37.8191],[118.9082,38.1394],[118.6261,38.1384],[118.5522,38.0555],[118.5047,38.1139],[118.0188,38.2024],[117.8956,38.3016],[117.7046,38.0763],[117.5574,38.0461],[117.4385,37.854],[116.8047,37.8488],[116.4339,37.4731],[116.336,37.5814],[116.2763,37.467],[116.2245,37.4798],[116.2855,37.4042],[116.2362,37.3614],[115.9757,37.3372],[115.9695,37.2396],[115.6837,36.8081],[115.4799,36.7602],[115.3554,36.6273],[115.2729,36.4975],[115.3665,36.3091],[115.4626,36.2763],[115.4842,36.1257],[115.4478,36.0125],[115.3628,35.9718],[115.3351,35.7968],[116.0995,36.1121],[116.049,35.9703],[115.9116,35.9602],[115.8599,35.8579],[115.7348,35.8332],[115.6936,35.754],[115.486,35.7103],[115.345,35.5537],[115.356,35.4904],[115.0431,35.3767],[114.9323,35.1984],[114.8614,35.1823],[114.883,35.0986],[114.8189,35.0516],[114.9237,34.9688],[115.1282,35.0046],[115.2193,34.9604],[115.2563,34.8451],[115.4269,34.8053],[115.4614,34.6371],[115.5531,34.5686],[115.8272,34.5582],[115.9911,34.6154],[116.2479,34.5518],[116.3742,34.64]]],[[[120.7295,37.9471],[120.7215,37.9173],[120.7646,37.8951],[120.7295,37.9471]]],[[[120.6925,37.9839],[120.7326,37.9617],[120.7246,37.9876],[120.6925,37.9839]]],[[[120.99,36.4132],[120.9783,36.4286],[120.9506,36.4147],[120.99,36.4132]]],[[[120.7504,38.1502],[120.7874,38.1587],[120.7424,38.1991],[120.7504,38.1502]]],[[[120.9186,38.3452],[120.9149,38.3734],[120.8952,38.3631],[120.9186,38.3452]]],[[[120.1591,35.7652],[120.1696,35.7404],[120.193,35.7569],[120.1591,35.7652]]],[[[120.6266,37.9457],[120.6316,37.981],[120.602,37.9787],[120.6266,37.9457]]],[[[120.8022,38.2842],[120.8484,38.3058],[120.8163,38.318],[120.8022,38.2842]]],[[[121.4896,37.5771],[121.4896,37.5776],[121.4896,37.5785],[121.4896,37.5771]]],[[[121.4859,37.5785],[121.4877,37.578],[121.4877,37.5785],[121.4859,37.5785]]],[[[121.4877,37.5785],[121.4877,37.5776],[121.489,37.5785],[121.4877,37.5785]]],[[[115.4952,35.8962],[115.4879,35.8807],[115.5131,35.8904],[115.4952,35.8962]]]]}},{"type":"Feature","properties":{"name":"河南省","adcode":410000,"center":[113.665412,34.757975]},"bbox":[110.3608,31.3838,116.6434,36.3631],"geometry":{"type":"MultiPolygon","coordinates":[[[[112.7167,32.3576],[112.9921,32.3783],[113.0259,32.4253],[113.1559,32.3809],[113.212,32.4319],[113.4288,32.2706],[113.6505,32.4127],[113.7355,32.4107],[113.7823,32.1846],[113.7287,32.0832],[113.8544,31.843],[113.9579,31.8527],[113.9887,31.75],[114.1919,31.8522],[114.2929,31.7525],[114.5861,31.7622],[114.5609,31.561],[114.6416,31.5824],[114.83,31.4589],[115.0961,31.5084],[115.1645,31.6048],[115.2359,31.5554],[115.2113,31.4421],[115.3012,31.3838],[115.3739,31.4058],[115.3714,31.4957],[115.4952,31.6731],[115.6763,31.7785],[115.8864,31.7764],[115.9418,32.1663],[115.8457,32.5016],[115.9104,32.5672],[115.7891,32.4688],[115.7047,32.495],[115.6264,32.4051],[115.523,32.442],[115.4115,32.5752],[115.2008,32.5919],[115.1971,32.8562],[114.883,32.9903],[114.9255,33.0169],[114.9027,33.1298],[115.1682,33.0887],[115.3037,33.1498],[115.3616,33.2985],[115.3135,33.377],[115.3456,33.5028],[115.64,33.5851],[115.563,33.7729],[115.6141,33.7759],[115.632,33.8698],[115.5476,33.8748],[115.6073,34.0302],[115.7361,34.0768],[115.9578,34.0079],[116.0742,33.7814],[116.1555,33.7097],[116.2633,33.7301],[116.567,33.9081],[116.6434,33.8967],[116.6415,33.9781],[116.5282,34.1229],[116.5824,34.2664],[116.3723,34.2659],[116.1623,34.4596],[116.1968,34.576],[116.1013,34.606],[115.8272,34.5582],[115.5156,34.5824],[115.4269,34.8053],[115.2563,34.8451],[115.2193,34.9604],[115.1282,35.0046],[114.9237,34.9688],[114.8189,35.0516],[114.883,35.0986],[114.8614,35.1823],[114.9323,35.1984],[115.0431,35.3767],[115.356,35.4904],[115.345,35.5537],[115.486,35.7103],[115.6936,35.754],[115.7348,35.8332],[115.8599,35.8579],[115.9116,35.9602],[116.049,35.9703],[116.0995,36.1121],[115.4879,35.8807],[115.3634,35.7798],[115.3536,35.9389],[115.4478,36.0125],[115.4651,36.1701],[115.3129,36.0884],[115.2421,36.1914],[115.1251,36.2097],[114.9982,36.0696],[114.9144,36.0522],[114.9126,36.1406],[114.5886,36.1184],[114.3453,36.2556],[114.1704,36.2459],[114.0564,36.3294],[113.7312,36.3631],[113.6979,36.1817],[113.6511,36.1745],[113.7127,36.1295],[113.6554,36.1252],[113.6949,36.027],[113.6487,35.9941],[113.661,35.837],[113.5828,35.8181],[113.6253,35.6325],[113.5476,35.6568],[113.499,35.5323],[113.3124,35.4811],[113.3044,35.427],[113.1898,35.4489],[113.1263,35.3323],[112.9964,35.3621],[112.9921,35.2962],[112.7728,35.2077],[112.6281,35.2635],[112.6373,35.2258],[112.2881,35.22],[112.3047,35.2517],[112.0589,35.2801],[112.062,35.056],[111.8101,35.0624],[111.6641,34.9844],[111.5705,34.8431],[111.1486,34.8077],[110.9761,34.7065],[110.9201,34.7301],[110.8246,34.6159],[110.7494,34.6523],[110.71,34.605],[110.3793,34.6006],[110.3608,34.5168],[110.5037,34.3371],[110.4396,34.2432],[110.6423,34.161],[110.5874,34.0233],[110.6657,33.9379],[110.5874,33.8877],[110.7821,33.7963],[110.824,33.6858],[111.0038,33.5787],[111.026,33.3305],[110.9847,33.2555],[111.1794,33.1152],[111.1529,33.0395],[111.2588,33.0064],[111.2551,32.8838],[111.4756,32.7601],[111.5779,32.5934],[111.6407,32.6347],[112.0146,32.4501],[112.0639,32.4743],[112.1556,32.3773],[112.3281,32.3217],[112.5455,32.4041],[112.7167,32.3576]]],[[[113.7682,32.2843],[113.7688,32.3015],[113.7491,32.2726],[113.7682,32.2843]]]]}},{"type":"Feature","properties":{"name":"湖北省","adcode":420000,"center":[114.298572,30.584355]},"bbox":[108.3713,29.0293,116.1352,33.2755],"geometry":{"type":"MultiPolygon","coordinates":[[[[111.0457,33.1698],[110.9607,33.254],[110.7026,33.0972],[110.5942,33.1683],[110.5776,33.2505],[110.471,33.1714],[110.2185,33.1633],[110.1649,33.2094],[109.6198,33.2755],[109.4387,33.1523],[109.7947,33.0671],[109.7898,32.8823],[109.9888,32.8864],[110.1594,32.7672],[110.2062,32.6332],[110.0177,32.547],[109.6315,32.5999],[109.4954,32.3005],[109.5927,32.2195],[109.6217,32.1065],[109.5909,32.0127],[109.6315,31.9624],[109.5847,31.9005],[109.634,31.8044],[109.5859,31.7265],[109.7313,31.7006],[109.7645,31.6028],[109.7276,31.5482],[109.9697,31.5089],[109.945,31.4707],[110.1187,31.4099],[110.2,31.1588],[110.1199,31.0886],[110.1729,30.9789],[110.0824,30.7996],[110.0085,30.8834],[109.8945,30.8998],[109.4356,30.5958],[109.355,30.4871],[109.2995,30.6303],[109.1437,30.5211],[109.0926,30.5788],[109.1117,30.6463],[109.0427,30.6556],[108.8086,30.4912],[108.7439,30.4948],[108.6885,30.5876],[108.5678,30.4685],[108.4267,30.4922],[108.4021,30.3766],[108.5819,30.2558],[108.516,29.8855],[108.3713,29.8413],[108.5043,29.7078],[108.601,29.8637],[108.6589,29.8548],[108.691,29.6896],[108.7526,29.6491],[108.7864,29.6917],[108.7815,29.6356],[108.8443,29.6584],[108.901,29.6049],[108.8665,29.4705],[108.9275,29.4356],[108.9195,29.3261],[109.0605,29.4033],[109.1123,29.3611],[109.1394,29.1689],[109.2743,29.1219],[109.2576,29.2227],[109.3525,29.2849],[109.4338,29.5309],[109.5163,29.6262],[109.7177,29.6153],[109.7793,29.7577],[110.1138,29.7899],[110.3725,29.6335],[110.4673,29.713],[110.5628,29.7125],[110.6429,29.7759],[110.4988,29.9124],[110.5573,29.9881],[110.4975,30.0555],[110.6509,30.0778],[110.7125,30.0332],[110.747,30.113],[110.8511,30.1264],[110.9299,30.0633],[111.2422,30.0405],[111.3943,29.9129],[111.8107,29.901],[112.0762,29.7437],[112.0657,29.6813],[112.2443,29.6595],[112.2911,29.5174],[112.4396,29.634],[112.694,29.6017],[112.9021,29.7915],[112.9446,29.6829],[113.0259,29.7728],[112.912,29.6069],[112.9502,29.4731],[113.0574,29.5226],[113.0783,29.4382],[113.1454,29.4492],[113.5717,29.8491],[113.547,29.6756],[113.6634,29.6844],[113.7386,29.5794],[113.6308,29.5231],[113.7552,29.4466],[113.6099,29.2515],[113.693,29.2264],[113.6961,29.0774],[113.8162,29.1052],[113.8981,29.0293],[114.0632,29.205],[114.2523,29.2347],[114.2591,29.3438],[114.3071,29.3652],[114.5196,29.3256],[114.673,29.396],[114.8953,29.3976],[114.9471,29.4653],[114.8885,29.4361],[114.8602,29.4763],[115.0006,29.5721],[115.154,29.5101],[115.1134,29.685],[115.2858,29.6184],[115.4706,29.7395],[115.5119,29.8403],[115.6677,29.8502],[115.9098,29.7239],[116.1352,29.8195],[116.0656,30.2046],[115.903,30.3136],[115.9104,30.519],[115.7626,30.6854],[115.7829,30.7518],[115.8513,30.7569],[115.8654,30.8644],[116.0718,30.9568],[115.8673,31.1475],[115.7786,31.1122],[115.6554,31.211],[115.5858,31.1439],[115.4435,31.3445],[115.3721,31.3491],[115.3739,31.4058],[115.2507,31.392],[115.2359,31.5554],[115.1645,31.6048],[115.0961,31.5084],[114.83,31.4589],[114.6416,31.5824],[114.5609,31.561],[114.5861,31.7622],[114.2929,31.7525],[114.1919,31.8522],[113.9887,31.75],[113.9579,31.8527],[113.8544,31.843],[113.8174,31.9645],[113.7577,31.9899],[113.7916,32.036],[113.7226,32.1243],[113.7823,32.1846],[113.7355,32.4107],[113.6505,32.4127],[113.4288,32.2706],[113.212,32.4319],[113.1559,32.3809],[113.0259,32.4253],[112.9921,32.3783],[112.7358,32.3561],[112.5455,32.4041],[112.3281,32.3217],[111.6407,32.6347],[111.5779,32.5934],[111.4756,32.7601],[111.2551,32.8838],[111.2588,33.0064],[111.1529,33.0395],[111.1794,33.1152],[111.0457,33.1698]]],[[[109.1061,30.5706],[109.1012,30.5793],[109.0987,30.5793],[109.1061,30.5706]]],[[[111.0469,33.2029],[111.0358,33.1879],[111.034,33.1779],[111.0469,33.2029]]],[[[112.7167,32.3576],[112.7358,32.3561],[112.734,32.3566],[112.7167,32.3576]]],[[[112.9021,29.7915],[112.8941,29.7837],[112.9237,29.7666],[112.9021,29.7915]]]]}},{"type":"Feature","properties":{"name":"湖南省","adcode":430000,"center":[112.982279,28.19409]},"bbox":[108.7908,24.6446,114.2529,30.1264],"geometry":{"type":"MultiPolygon","coordinates":[[[[112.0244,24.7403],[112.1673,24.8598],[112.1753,24.9277],[112.1199,24.9635],[112.187,25.1825],[112.6601,25.1327],[112.7808,24.8967],[112.8738,24.8967],[112.9945,24.9271],[112.9681,25.1419],[113.0346,25.1982],[112.867,25.2496],[112.8547,25.3378],[112.9243,25.2967],[113.2489,25.514],[113.5846,25.3065],[113.7534,25.3627],[113.815,25.3286],[113.9449,25.4416],[113.9831,25.5993],[113.9135,25.7013],[114.0281,25.8931],[114.0084,26.0158],[114.2375,26.1523],[114.1815,26.2146],[113.9628,26.1507],[114.1088,26.5695],[113.8605,26.6642],[113.8359,26.8064],[113.9271,26.9489],[113.7719,27.0966],[113.8729,27.385],[113.6166,27.3457],[113.6271,27.4997],[113.5791,27.5454],[113.7632,27.7992],[113.7521,27.9336],[114.0256,28.0314],[113.9924,28.1613],[114.1075,28.1829],[114.2529,28.3194],[114.2523,28.3958],[114.1722,28.4326],[114.2184,28.4847],[114.086,28.5583],[114.1537,28.8292],[114.0767,28.8345],[114.009,28.9555],[113.9739,28.9377],[113.9419,29.0471],[113.8766,29.0382],[113.8162,29.1052],[113.6961,29.0774],[113.693,29.2264],[113.6099,29.2515],[113.7552,29.4466],[113.6308,29.5231],[113.7386,29.5794],[113.6634,29.6844],[113.547,29.6756],[113.5717,29.8491],[113.0783,29.4382],[113.0574,29.5226],[112.9502,29.4731],[112.912,29.6069],[113.0259,29.7728],[112.9446,29.6829],[112.9237,29.7666],[112.8615,29.7832],[112.694,29.6017],[112.4396,29.634],[112.2911,29.5174],[112.2443,29.6595],[112.0657,29.6813],[112.0762,29.7437],[111.9659,29.8325],[111.7577,29.9202],[111.3943,29.9129],[111.2422,30.0405],[110.9299,30.0633],[110.8511,30.1264],[110.747,30.113],[110.7125,30.0332],[110.6509,30.0778],[110.4975,30.0555],[110.5573,29.9881],[110.4988,29.9124],[110.6429,29.7759],[110.5628,29.7125],[110.4673,29.713],[110.3725,29.6335],[110.1138,29.7899],[109.8699,29.7749],[109.7553,29.7333],[109.7177,29.6153],[109.5163,29.6262],[109.4338,29.5309],[109.3525,29.2849],[109.2576,29.2227],[109.2404,29.0863],[109.3198,29.0424],[109.2355,28.8822],[109.241,28.7768],[109.2989,28.7474],[109.193,28.6361],[109.3198,28.5799],[109.2736,28.5384],[109.2687,28.3379],[109.3882,28.2683],[109.2983,28.0361],[109.379,28.0346],[109.302,27.9563],[109.3667,27.7219],[109.4707,27.68],[109.4615,27.5676],[109.3032,27.4758],[109.3001,27.4238],[109.1418,27.4482],[109.1036,27.3366],[108.9078,27.2047],[108.8788,27.1062],[108.7908,27.0843],[108.9429,27.0172],[109.0328,27.1041],[109.1289,27.1227],[109.1012,27.0689],[109.1659,27.0668],[109.2392,27.1493],[109.4726,27.135],[109.4547,27.0694],[109.52,27.0588],[109.5551,26.9468],[109.4363,26.8924],[109.5096,26.8779],[109.5286,26.7439],[109.597,26.7562],[109.2835,26.6984],[109.4073,26.5331],[109.2712,26.3279],[109.3513,26.264],[109.4671,26.3139],[109.4393,26.2388],[109.5139,26.1282],[109.4529,26.0556],[109.5132,25.9981],[109.6352,26.0475],[109.7301,25.99],[109.6851,25.8802],[109.8114,25.8775],[109.7824,25.997],[109.8643,26.0276],[109.9703,26.1953],[110.099,26.169],[110.0651,26.0502],[110.1815,26.0604],[110.2573,25.9615],[110.3257,25.9755],[110.6121,26.3338],[110.8363,26.256],[110.9398,26.2866],[110.9743,26.3858],[111.2779,26.2721],[111.2674,26.0588],[111.1898,25.9534],[111.2514,25.8646],[111.3765,25.906],[111.4861,25.8592],[111.4331,25.8463],[111.4424,25.7719],[111.3087,25.7202],[111.3284,25.5216],[111.1036,25.2854],[111.1128,25.2172],[110.9989,25.1614],[110.9687,24.9754],[111.0094,24.9212],[111.1005,24.9456],[111.1018,25.0351],[111.2748,25.1511],[111.4356,25.0936],[111.4165,25.0476],[111.4676,25.0221],[111.4516,24.6658],[111.5705,24.6446],[111.7085,24.7887],[112.0244,24.7403]]],[[[109.5286,26.7439],[109.5225,26.7492],[109.5219,26.7492],[109.5286,26.7439]]]]}},{"type":"Feature","properties":{"name":"广东省","adcode":440000,"center":[113.280637,23.125178]},"bbox":[109.6555,20.237,117.1928,25.5097],"geometry":{"type":"MultiPolygon","coordinates":[[[[113.5587,22.2122],[113.6659,22.4387],[113.5735,22.4116],[113.7404,22.5343],[113.6782,22.726],[113.7337,22.7365],[113.8938,22.4425],[113.9763,22.5106],[114.3816,22.6017],[114.5067,22.4387],[114.6286,22.5139],[114.559,22.5835],[114.6034,22.6388],[114.5153,22.6553],[114.7099,22.7878],[114.75,22.7641],[114.7463,22.5819],[114.8664,22.5918],[114.8855,22.5388],[115.0764,22.7884],[115.191,22.7735],[115.1904,22.8187],[115.3382,22.7768],[115.3813,22.684],[115.5753,22.6509],[115.6092,22.7531],[115.5414,22.7553],[115.6542,22.8656],[115.7601,22.8347],[115.8291,22.7348],[116.0564,22.8446],[116.1044,22.8165],[116.3027,22.9516],[116.5054,22.9306],[116.5768,23.0144],[116.5664,23.1344],[116.8066,23.201],[116.7826,23.3137],[116.8885,23.5015],[117.1928,23.5619],[117.1928,23.6294],[117.0554,23.694],[116.9556,23.9224],[116.9347,24.1268],[116.9988,24.1792],[116.9335,24.2202],[116.8608,24.4601],[116.7592,24.5456],[116.8152,24.6549],[116.6009,24.6544],[116.53,24.6049],[116.4851,24.7202],[116.3754,24.8039],[116.3951,24.8777],[116.2442,24.7936],[116.1919,24.8772],[116.0681,24.8501],[115.8925,24.9369],[115.9073,24.8799],[115.8242,24.9092],[115.7564,24.749],[115.8439,24.5624],[115.6893,24.545],[115.4127,24.793],[115.1047,24.668],[115.0573,24.7033],[114.9095,24.6615],[114.8688,24.5624],[114.7296,24.6087],[114.705,24.526],[114.665,24.5837],[114.4291,24.4862],[114.3915,24.5635],[114.1691,24.6897],[114.3361,24.749],[114.3958,24.951],[114.5615,25.0774],[114.7358,25.1218],[114.6859,25.1733],[114.7432,25.2745],[114.5412,25.4168],[114.3829,25.3173],[114.1901,25.3167],[114.0398,25.2507],[114.0034,25.4427],[113.887,25.4368],[113.815,25.3286],[113.7534,25.3627],[113.5846,25.3065],[113.2261,25.5097],[112.9243,25.2967],[112.8547,25.3378],[112.867,25.2496],[113.0346,25.1982],[112.9681,25.1419],[112.9945,24.9271],[112.8738,24.8967],[112.7808,24.8967],[112.6601,25.1327],[112.187,25.1825],[112.1199,24.9635],[112.1753,24.9277],[112.1673,24.8598],[111.9394,24.6865],[112.0595,24.3396],[111.8772,24.2273],[111.9407,23.988],[111.8544,23.9475],[111.8107,23.8069],[111.6549,23.8332],[111.6154,23.6392],[111.4873,23.6266],[111.4799,23.5328],[111.3999,23.4692],[111.3531,23.2846],[111.3777,23.0821],[111.4337,23.0364],[111.3586,22.8893],[111.2182,22.7481],[111.058,22.7299],[111.0556,22.6487],[110.7494,22.557],[110.7414,22.4641],[110.6885,22.4779],[110.787,22.2826],[110.7254,22.2959],[110.6466,22.2206],[110.6786,22.1729],[110.5579,22.1962],[110.5055,22.143],[110.3485,22.1956],[110.3916,21.8939],[109.9998,21.8816],[109.945,21.8444],[109.9161,21.6688],[109.7781,21.6705],[109.743,21.6165],[109.7855,21.4567],[109.9044,21.43],[109.8686,21.3659],[109.7578,21.347],[109.6555,20.9294],[109.7448,20.6211],[109.8884,20.4754],[109.8613,20.3767],[109.9093,20.237],[110.3491,20.2589],[110.5413,20.4205],[110.4661,20.6805],[110.3922,20.6827],[110.3934,20.8165],[110.184,20.892],[110.2086,21.0507],[110.2419,21.0161],[110.4224,21.1908],[110.6262,21.2159],[110.7685,21.3648],[111.0346,21.4389],[111.2828,21.4857],[111.2859,21.4188],[111.4442,21.5141],[111.6506,21.5124],[111.7368,21.6098],[111.7947,21.6115],[111.8101,21.5553],[111.9727,21.6031],[112.0269,21.6337],[111.9561,21.7105],[112.1365,21.7939],[112.2388,21.7022],[112.3533,21.7072],[112.4457,21.8033],[112.6471,21.7583],[112.7925,21.9211],[112.9299,21.8389],[113.0475,21.9566],[113.0321,22.0459],[113.0869,22.1263],[113.2668,21.8716],[113.3302,21.9616],[113.5674,22.0753],[113.5587,22.2122]]],[[[117.0246,23.4379],[116.9446,23.4401],[117.1429,23.4005],[117.1293,23.4834],[117.0246,23.4379]]],[[[112.8535,21.7405],[112.8763,21.7728],[112.7057,21.6794],[112.7802,21.6716],[112.7309,21.6137],[112.7753,21.5642],[112.8535,21.7405]]],[[[112.5307,21.5837],[112.6656,21.6426],[112.6638,21.7144],[112.5603,21.6666],[112.5307,21.5837]]],[[[114.2313,22.0165],[114.3114,22.0415],[114.3028,22.0504],[114.2313,22.0165]]],[[[110.4335,21.1713],[110.5449,21.0836],[110.6324,21.2109],[110.4335,21.1713]]],[[[112.4353,21.6638],[112.4562,21.6488],[112.4587,21.6899],[112.4353,21.6638]]],[[[110.5178,21.0792],[110.306,21.0881],[110.2013,20.9384],[110.4076,20.9904],[110.5357,20.9227],[110.5603,21.0613],[110.5178,21.0792]]],[[[113.7651,21.9621],[113.7743,21.9982],[113.7417,21.9916],[113.7651,21.9621]]],[[[113.7232,21.9222],[113.7429,21.9505],[113.7189,21.9516],[113.7232,21.9222]]],[[[113.143,21.8317],[113.204,21.8611],[113.1368,21.8689],[113.143,21.8317]]],[[[113.8199,22.3961],[113.8137,22.4199],[113.7866,22.4138],[113.8199,22.3961]]],[[[114.1901,21.9866],[114.2295,21.9954],[114.1808,22.0099],[114.1901,21.9866]]],[[[114.1537,21.9749],[114.1716,22.0004],[114.1242,21.9855],[114.1537,21.9749]]],[[[116.7696,20.7717],[116.8897,20.6833],[116.7493,20.601],[116.8626,20.5886],[116.9255,20.7269],[116.886,20.7756],[116.7696,20.7717]]],[[[113.0253,21.8478],[113.0457,21.8828],[113.0075,21.8694],[113.0253,21.8478]]],[[[110.4051,20.6782],[110.4378,20.6777],[110.4144,20.7102],[110.4051,20.6782]]],[[[110.6447,20.9356],[110.5844,20.949],[110.5628,20.8612],[110.6447,20.9356]]],[[[110.5566,20.3273],[110.5936,20.3604],[110.5862,20.3812],[110.5566,20.3273]]],[[[115.943,21.0976],[115.9892,21.0356],[116.0675,21.0406],[116.0243,21.1244],[115.943,21.0976]]],[[[115.9264,20.9814],[115.9701,20.9194],[116.0009,20.9484],[115.9264,20.9814]]],[[[115.8346,22.7227],[115.8346,22.7221],[115.8352,22.7227],[115.8346,22.7227]]],[[[115.8346,22.7232],[115.8346,22.7227],[115.8352,22.7227],[115.8346,22.7232]]]]}},{"type":"Feature","properties":{"name":"广西壮族自治区","adcode":450000,"center":[108.320004,22.82402]},"bbox":[104.4896,21.0149,112.0577,26.3858],"geometry":{"type":"MultiPolygon","coordinates":[[[[109.4825,26.0298],[109.3396,25.8344],[109.3402,25.7315],[109.2071,25.7401],[109.2065,25.7881],[109.148,25.7417],[109.095,25.8053],[108.8961,25.7142],[109.079,25.7207],[109.031,25.6296],[109.0882,25.5508],[109.0248,25.5124],[108.949,25.5572],[108.8148,25.527],[108.784,25.6285],[108.6891,25.6231],[108.6891,25.5335],[108.6072,25.4919],[108.6251,25.3081],[108.3485,25.5362],[108.2518,25.4303],[108.1625,25.4449],[108.1933,25.4054],[108.1428,25.3908],[108.1151,25.2101],[107.7627,25.1251],[107.7621,25.2291],[107.7005,25.1944],[107.6599,25.3162],[107.472,25.2139],[107.4209,25.393],[107.318,25.4016],[107.3365,25.4611],[107.2053,25.608],[107.0643,25.5594],[106.9639,25.4379],[107.0125,25.353],[106.9756,25.2329],[106.6448,25.1646],[106.4422,25.0194],[106.1453,24.9543],[106.2063,24.8511],[106.173,24.7604],[106.0246,24.6332],[105.942,24.7251],[105.8275,24.7028],[105.4973,24.8093],[105.4283,24.9309],[105.2676,24.9293],[105.2128,24.9955],[105.0779,24.9185],[105.0335,24.7876],[104.8992,24.7528],[104.7292,24.618],[104.5297,24.7316],[104.4896,24.6533],[104.5204,24.5352],[104.611,24.3772],[104.7089,24.3211],[104.7034,24.4198],[104.7656,24.4595],[105.1068,24.4149],[105.1881,24.3473],[105.1647,24.2884],[105.2429,24.2087],[105.1826,24.1672],[105.2602,24.0612],[105.3205,24.1164],[105.493,24.017],[105.5337,24.1301],[105.5946,24.1377],[105.6495,24.0328],[105.7653,24.0738],[105.7967,24.0235],[105.8921,24.0405],[105.9192,24.1224],[106.0498,24.0896],[106.1927,23.8791],[106.1367,23.7954],[106.1416,23.5696],[105.9999,23.4477],[105.8521,23.5268],[105.6378,23.4044],[105.7,23.3275],[105.6495,23.3461],[105.5263,23.2345],[105.5749,23.0662],[105.7246,23.0623],[105.8792,22.9169],[105.9944,22.9378],[106.0196,22.9907],[106.1539,22.9885],[106.3664,22.8579],[106.5259,22.9466],[106.8388,22.8033],[106.712,22.5752],[106.614,22.6023],[106.5604,22.4558],[106.5629,22.3457],[106.6633,22.3308],[106.6885,22.2604],[106.6984,21.9599],[106.7384,22.0082],[106.9996,21.9477],[107.06,21.915],[107.0181,21.8194],[107.2423,21.7033],[107.3106,21.7338],[107.3883,21.5942],[107.4776,21.6599],[107.4868,21.5959],[107.5472,21.5864],[107.8638,21.651],[107.958,21.5341],[108.1083,21.5085],[108.1939,21.5197],[108.1563,21.5508],[108.2413,21.5998],[108.2302,21.4913],[108.4926,21.5547],[108.6263,21.6799],[108.7458,21.6026],[108.8813,21.6271],[109.1388,21.5675],[109.1425,21.5119],[109.0396,21.4578],[109.1388,21.3888],[109.5299,21.4372],[109.6124,21.557],[109.7042,21.4629],[109.7855,21.4567],[109.743,21.6165],[109.7781,21.6705],[109.9161,21.6688],[109.945,21.8444],[110.1286,21.9027],[110.3916,21.8939],[110.3485,22.1956],[110.5055,22.143],[110.5579,22.1962],[110.6786,22.1729],[110.6466,22.2206],[110.7254,22.2959],[110.787,22.2826],[110.6885,22.4779],[110.7414,22.4641],[110.7494,22.557],[111.0556,22.6487],[111.058,22.7299],[111.2182,22.7481],[111.3586,22.8893],[111.4337,23.0364],[111.3777,23.0821],[111.3531,23.2846],[111.3999,23.4692],[111.4799,23.5328],[111.4873,23.6266],[111.6154,23.6392],[111.6549,23.8332],[111.8107,23.8069],[111.8544,23.9475],[111.9117,23.9437],[111.8772,24.2273],[111.9862,24.2567],[112.0577,24.3871],[111.9277,24.6294],[112.0244,24.7403],[111.7085,24.7887],[111.5705,24.6446],[111.4313,24.6876],[111.4793,24.7974],[111.4331,24.9798],[111.4676,25.0221],[111.3752,25.1283],[111.2748,25.1511],[111.1018,25.0351],[111.1005,24.9456],[111.0094,24.9212],[110.9687,24.9754],[110.9989,25.1614],[111.1128,25.2172],[111.1036,25.2854],[111.3284,25.5216],[111.3087,25.7202],[111.4424,25.7719],[111.4331,25.8463],[111.4861,25.8592],[111.3765,25.906],[111.2514,25.8646],[111.1898,25.9534],[111.2674,26.0588],[111.2779,26.2721],[110.9743,26.3858],[110.9398,26.2866],[110.8363,26.256],[110.6121,26.3338],[110.3257,25.9755],[110.2573,25.9615],[110.1815,26.0604],[110.0651,26.0502],[110.099,26.169],[109.9703,26.1953],[109.8643,26.0276],[109.7824,25.997],[109.8261,25.9114],[109.7793,25.8662],[109.6851,25.8802],[109.7301,25.99],[109.6352,26.0475],[109.5132,25.9981],[109.4825,26.0298]]],[[[105.0963,24.9282],[105.0957,24.9288],[105.0779,24.9185],[105.0963,24.9282]]],[[[109.0882,21.0149],[109.1178,21.0177],[109.1388,21.0674],[109.0882,21.0149]]]]}},{"type":"Feature","properties":{"name":"海南省","adcode":460000,"center":[110.33119,20.031971]},"bbox":[108.5912,3.8236,117.8389,20.1639],"geometry":{"type":"MultiPolygon","coordinates":[[[[110.1064,20.0268],[109.9974,19.9801],[109.658,20.0116],[109.4985,19.8732],[109.3007,19.9177],[109.1591,19.7905],[109.1474,19.7049],[108.6448,19.3495],[108.5912,19.1416],[108.6448,18.4867],[108.8813,18.4163],[108.9447,18.3141],[109.1086,18.3238],[109.1388,18.2681],[109.2878,18.2647],[109.5847,18.1436],[109.7498,18.1936],[109.7855,18.3397],[110.0707,18.376],[110.1169,18.5066],[110.2462,18.6099],[110.4994,18.6518],[110.4994,18.7516],[110.5782,18.7845],[110.6768,19.2863],[110.9207,19.5527],[111.0617,19.6124],[111.0439,19.7634],[110.9662,20.0184],[110.8086,20.0358],[110.6878,20.1639],[110.5265,20.0752],[110.3183,20.1089],[110.2893,20.056],[110.1446,20.0746],[110.1064,20.0268]]],[[[112.2086,3.8761],[112.28,3.8678],[112.2603,3.9179],[112.2086,3.8761]]],[[[113.2662,8.1259],[113.3499,8.1721],[113.3863,8.2894],[113.2662,8.1259]]],[[[111.9973,3.8481],[112.0152,3.8236],[112.0737,3.866],[111.9973,3.8481]]],[[[111.4633,17.0775],[111.4861,17.058],[111.5422,17.1198],[111.4633,17.0775]]],[[[117.7083,15.1827],[117.7268,15.1053],[117.8278,15.1117],[117.725,15.1313],[117.7447,15.2179],[117.8389,15.159],[117.7484,15.2301],[117.7083,15.1827]]],[[[112.2419,3.9424],[112.2924,3.9466],[112.2881,3.9735],[112.2419,3.9424]]],[[[111.7343,16.1973],[111.8132,16.2617],[111.7165,16.249],[111.7898,16.2502],[111.7343,16.1973]]],[[[111.6493,16.2559],[111.568,16.1628],[111.6906,16.2111],[111.6068,16.1778],[111.6493,16.2559]]],[[[113.8969,7.6072],[114.0589,7.5378],[114.3687,7.6386],[114.4198,7.7656],[114.5405,7.8622],[114.5405,7.9458],[114.4149,7.9529],[113.8969,7.6072]]],[[[113.977,8.8729],[114.0355,8.7836],[114.0601,8.8161],[113.977,8.8729]]],[[[113.956,8.8404],[113.9751,8.7931],[114.0121,8.7984],[113.956,8.8404]]],[[[111.9745,16.3237],[112.0762,16.3237],[112.0472,16.3605],[111.9745,16.3237]]],[[[111.7393,16.4529],[111.767,16.4701],[111.7596,16.5459],[111.7393,16.4529]]],[[[112.2166,8.8664],[112.2061,8.8877],[112.1803,8.8622],[112.2166,8.8664]]],[[[113.7922,7.3734],[113.8285,7.3621],[113.8291,7.3835],[113.7922,7.3734]]],[[[114.1944,8.7647],[114.2012,8.728],[114.2486,8.7244],[114.1944,8.7647]]],[[[112.2326,16.9962],[112.2228,16.9608],[112.293,16.9676],[112.2326,16.9962]]],[[[114.6896,10.3456],[114.7259,10.3192],[114.7475,10.3721],[114.6896,10.3456]]],[[[115.8377,9.7098],[115.8673,9.6502],[115.9012,9.6708],[115.9258,9.7817],[115.8377,9.7098]]],[[[114.6175,9.9657],[114.6422,9.9174],[114.6859,9.9792],[114.6175,9.9657]]],[[[113.7694,7.6369],[113.815,7.6031],[113.8316,7.6446],[113.7694,7.6369]]],[[[109.464,7.3443],[109.5132,7.32],[109.7091,7.5111],[109.9487,7.523],[109.6531,7.5597],[109.464,7.3443]]],[[[116.2732,8.8794],[116.2941,8.8581],[116.3323,8.9013],[116.2732,8.8794]]],[[[112.4765,16.0012],[112.612,16.0392],[112.4624,16.0438],[112.4765,16.0012]]],[[[112.5375,8.8463],[112.5708,8.8155],[112.6398,8.8185],[112.5375,8.8463]]],[[[114.4691,10.8363],[114.5652,10.8363],[114.5874,10.9091],[114.4691,10.8363]]],[[[112.4094,16.295],[112.3835,16.2657],[112.5369,16.3122],[112.4094,16.295]]],[[[116.4888,10.3957],[116.4672,10.3091],[116.6446,10.3351],[116.5146,10.3492],[116.5263,10.4269],[116.4888,10.3957]]],[[[112.349,16.9121],[112.3607,16.9253],[112.3342,16.9625],[112.349,16.9121]]],[[[111.5003,16.4518],[111.4953,16.4374],[111.5458,16.4345],[111.5003,16.4518]]],[[[115.5002,9.8979],[115.5852,9.8961],[115.518,9.9339],[115.5002,9.8979]]],[[[114.6699,8.21],[114.6914,8.1852],[114.7413,8.1893],[114.6699,8.21]]],[[[114.5079,8.12],[114.5301,8.1034],[114.6243,8.1496],[114.5079,8.12]]],[[[115.1676,8.3865],[115.2359,8.322],[115.3154,8.3563],[115.1676,8.3865]]],[[[113.895,8.0051],[113.9708,7.9446],[113.94,8.0181],[113.895,8.0051]]],[[[115.4361,9.3934],[115.4503,9.345],[115.47,9.3592],[115.4361,9.3934]]],[[[116.4573,9.1743],[116.4771,9.1371],[116.5005,9.1643],[116.4573,9.1743]]],[[[113.6382,8.9769],[113.6548,8.9622],[113.7195,9.0201],[113.6382,8.9769]]],[[[114.697,11.0043],[114.7931,11.0766],[114.7666,11.11],[114.697,11.0043]]],[[[114.62,11.4323],[114.6619,11.5226],[114.6212,11.5185],[114.62,11.4323]]],[[[114.9107,10.8633],[114.931,10.8416],[114.96,10.9021],[114.9107,10.8633]]],[[[111.5729,16.4701],[111.5785,16.4472],[111.6142,16.4403],[111.5729,16.4701]]],[[[113.9394,8.8753],[113.9123,8.8889],[113.8938,8.8628],[113.9394,8.8753]]],[[[109.9364,7.8486],[109.9881,7.8124],[110.0503,7.8462],[110.0781,7.9493],[109.9364,7.8486]]],[[[116.7271,11.5015],[116.7653,11.4305],[116.7721,11.4458],[116.7271,11.5015]]],[[[111.6906,16.5877],[111.7245,16.5602],[111.7171,16.594],[111.6906,16.5877]]],[[[112.5073,16.4661],[112.5868,16.5258],[112.5751,16.5373],[112.5073,16.4661]]],[[[111.7614,16.0616],[111.7916,16.0289],[111.8298,16.0708],[111.7614,16.0616]]],[[[113.8458,10.0187],[113.8655,10.0034],[113.8722,10.123],[113.8458,10.0187]]],[[[114.7918,8.1609],[114.7771,8.1141],[114.8122,8.1105],[114.7918,8.1609]]],[[[116.5571,9.7452],[116.5664,9.7186],[116.5935,9.7239],[116.5571,9.7452]]],[[[115.2827,10.192],[115.2883,10.1725],[115.3333,10.2002],[115.2827,10.192]]],[[[116.8325,10.4769],[116.8552,10.4687],[116.8688,10.4957],[116.8325,10.4769]]],[[[114.7032,16.1703],[114.8165,16.1985],[114.8029,16.2151],[114.7032,16.1703]]],[[[115.9775,9.322],[115.9264,9.3114],[115.943,9.2694],[115.9775,9.322]]],[[[113.6604,9.231],[113.677,9.2027],[113.6973,9.2257],[113.6604,9.231]]],[[[114.6656,7.59],[114.6717,7.5639],[114.7216,7.5918],[114.6656,7.59]]],[[[114.4931,10.7175],[114.5134,10.7222],[114.5627,10.7781],[114.4931,10.7175]]],[[[117.7705,10.7734],[117.8358,10.8039],[117.8019,10.8398],[117.7705,10.7734]]],[[[114.2424,10.242],[114.2634,10.2397],[114.3126,10.3009],[114.2424,10.242]]],[[[114.689,11.4692],[114.7222,11.4293],[114.7204,11.4921],[114.689,11.4692]]],[[[116.6384,10.504],[116.6532,10.491],[116.7087,10.4928],[116.6384,10.504]]],[[[110.4599,8.1164],[110.471,8.072],[110.5542,8.0939],[110.5998,8.1567],[110.4599,8.1164]]],[[[111.4633,8.525],[111.4972,8.5239],[111.5095,8.5505],[111.4633,8.525]]],[[[115.2581,8.5097],[115.271,8.4771],[115.2963,8.5108],[115.2581,8.5097]]],[[[113.2218,8.0738],[113.236,8.0685],[113.2834,8.1111],[113.2218,8.0738]]],[[[114.0749,10.9291],[114.0644,10.9044],[114.11,10.9185],[114.0749,10.9291]]],[[[117.2581,10.3203],[117.2993,10.3139],[117.3,10.3433],[117.2581,10.3203]]],[[[114.2129,16.0409],[114.312,16.0346],[114.3065,16.0576],[114.2129,16.0409]]],[[[110.609,8.011],[110.6429,7.989],[110.6416,8.0311],[110.609,8.011]]],[[[115.5094,8.4907],[115.5544,8.4611],[115.5587,8.5233],[115.5094,8.4907]]],[[[111.5391,7.5443],[111.6124,7.5924],[111.5668,7.606],[111.5391,7.5443]]],[[[111.6579,8.673],[111.666,8.6227],[111.7177,8.6499],[111.6579,8.673]]],[[[110.4606,7.7999],[110.4877,7.7833],[110.5117,7.8059],[110.4606,7.7999]]],[[[112.346,8.9261],[112.3928,8.9196],[112.3848,8.9468],[112.346,8.9261]]],[[[116.4697,9.81],[116.4795,9.7853],[116.5085,9.7912],[116.4697,9.81]]],[[[111.9253,8.0708],[112.0189,8.0655],[111.9548,8.1064],[111.9253,8.0708]]],[[[114.4574,15.5993],[114.4666,15.5768],[114.4919,15.5935],[114.4574,15.5993]]],[[[114.9853,11.0783],[115.0136,11.0631],[115.0216,11.086],[114.9853,11.0783]]],[[[114.1057,16.0041],[114.1106,15.9782],[114.1322,16.0076],[114.1057,16.0041]]],[[[116.0453,10.0953],[116.0675,10.0659],[116.0958,10.0936],[116.0453,10.0953]]],[[[117.2667,10.6916],[117.4182,10.7028],[117.3696,10.7422],[117.2667,10.6916]]],[[[114.8541,7.2446],[114.8196,7.193],[114.8695,7.1989],[114.8541,7.2446]]],[[[112.8233,8.9107],[112.8596,8.8894],[112.8732,8.9084],[112.8233,8.9107]]],[[[111.6703,7.6511],[111.7072,7.6487],[111.7263,7.73],[111.6703,7.6511]]],[[[112.208,8.8356],[112.2357,8.8274],[112.2412,8.8528],[112.208,8.8356]]],[[[112.5277,5.7944],[112.5628,5.7593],[112.5621,5.8206],[112.5277,5.7944]]],[[[114.5991,8.8463],[114.6459,8.8445],[114.6656,8.9001],[114.5991,8.8463]]],[[[114.8682,7.9837],[114.9076,7.9511],[114.9144,8.0074],[114.8682,7.9837]]],[[[112.9453,8.4102],[112.9853,8.4291],[112.9496,8.4327],[112.9453,8.4102]]],[[[113.6,6.9619],[113.5803,6.9203],[113.6234,6.9423],[113.6,6.9619]]],[[[116.6951,16.3455],[116.7388,16.3036],[116.7475,16.3605],[116.6951,16.3455]]],[[[117.348,10.0906],[117.3542,10.0629],[117.3856,10.0635],[117.348,10.0906]]],[[[112.9933,19.472],[113.0481,19.5064],[112.9933,19.5262],[112.9933,19.472]]],[[[114.4482,16.034],[114.4851,16.0346],[114.5214,16.0565],[114.4482,16.034]]],[[[113.8322,19.1586],[113.9147,19.1721],[113.9203,19.2236],[113.807,19.223],[113.8322,19.1586]]],[[[112.6508,5.1069],[112.6558,5.0557],[112.7192,5.0759],[112.6508,5.1069]]],[[[111.6389,7.9073],[111.7128,7.8871],[111.7134,7.9274],[111.6389,7.9073]]],[[[112.2443,8.8747],[112.2813,8.8551],[112.2887,8.8859],[112.2443,8.8747]]],[[[112.8923,7.8444],[112.9299,7.8278],[112.9317,7.8675],[112.8923,7.8444]]],[[[112.5831,5.5616],[112.6065,5.5175],[112.6428,5.4895],[112.5831,5.5616]]],[[[112.5233,5.6563],[112.5658,5.6307],[112.5615,5.6771],[112.5233,5.6563]]],[[[115.3616,13.949],[115.3973,13.9252],[115.4232,13.9774],[115.3616,13.949]]],[[[113.5969,10.2408],[113.6179,10.222],[113.6382,10.2432],[113.5969,10.2408]]],[[[113.8605,15.4771],[113.8938,15.4638],[113.8901,15.4909],[113.8605,15.4771]]],[[[112.9071,4.9931],[112.9434,4.9919],[112.9527,5.0479],[112.9071,4.9931]]],[[[112.5572,5.1093],[112.5689,5.0718],[112.6108,5.0914],[112.5572,5.1093]]],[[[112.3503,5.6217],[112.386,5.6158],[112.3854,5.6432],[112.3503,5.6217]]],[[[112.2265,16.7591],[112.2622,16.7781],[112.2111,16.7958],[112.2265,16.7591]]],[[[112.2339,15.6961],[112.2597,15.7347],[112.2037,15.714],[112.2339,15.6961]]],[[[112.612,5.368],[112.6404,5.3477],[112.6909,5.4067],[112.612,5.368]]],[[[112.4722,5.7397],[112.4969,5.7367],[112.4981,5.7754],[112.4722,5.7397]]],[[[113.2175,6.3062],[113.2304,6.2854],[113.244,6.3259],[113.2175,6.3062]]],[[[116.1525,9.5794],[116.1894,9.5652],[116.1876,9.5953],[116.1525,9.5794]]],[[[114.9489,7.5087],[115.0124,7.485],[115.0136,7.5259],[114.9489,7.5087]]],[[[111.5539,7.8077],[111.5853,7.7715],[111.6198,7.8403],[111.5539,7.8077]]],[[[113.9388,15.8355],[113.9733,15.8056],[113.9708,15.8395],[113.9388,15.8355]]],[[[114.9261,16.0369],[114.8953,16.0363],[114.9107,16.0018],[114.9261,16.0369]]],[[[116.7493,9.0567],[116.6994,9.0491],[116.7087,9.0242],[116.7493,9.0567]]],[[[112.6465,16.3857],[112.6816,16.4007],[112.6601,16.4265],[112.6465,16.3857]]],[[[111.2034,19.9256],[111.2034,19.925],[111.204,19.9256],[111.2034,19.9256]]],[[[115.7583,10.461],[115.7761,10.4345],[115.802,10.4634],[115.7583,10.461]]],[[[117.2137,10.7351],[117.1872,10.7416],[117.2069,10.7075],[117.2137,10.7351]]],[[[112.6718,16.3318],[112.7013,16.3318],[112.6779,16.3593],[112.6718,16.3318]]],[[[115.7823,10.541],[115.7952,10.4999],[115.8051,10.5246],[115.7823,10.541]]],[[[112.5123,9.5446],[112.5086,9.5257],[112.5689,9.5168],[112.5123,9.5446]]],[[[114.6101,15.6494],[114.5812,15.6252],[114.6108,15.6154],[114.6101,15.6494]]],[[[117.2993,11.0777],[117.2642,11.0631],[117.2846,11.0255],[117.2993,11.0777]]],[[[117.6911,11.049],[117.6535,11.046],[117.656,11.0249],[117.6911,11.049]]],[[[114.1667,9.3846],[114.1753,9.3421],[114.1956,9.3509],[114.1667,9.3846]]],[[[114.7149,9.7369],[114.6933,9.741],[114.681,9.7074],[114.7149,9.7369]]],[[[112.5541,5.9784],[112.5535,5.9427],[112.5757,5.9712],[112.5541,5.9784]]]]}},{"type":"Feature","properties":{"name":"重庆","adcode":500000,"center":[106.504962,29.533155]},"bbox":[105.3051,28.1845,110.2,32.2013],"geometry":{"type":"MultiPolygon","coordinates":[[[[106.3744,28.5257],[106.4034,28.5699],[106.505,28.5447],[106.4668,28.5862],[106.5284,28.6776],[106.4619,28.761],[106.4742,28.8329],[106.6516,28.6492],[106.5647,28.4852],[106.7083,28.4505],[106.7569,28.6072],[106.8666,28.6245],[106.8893,28.696],[106.8241,28.7563],[106.9232,28.8098],[106.9885,28.7763],[107.0162,28.8827],[107.2066,28.8685],[107.2466,28.7621],[107.3839,28.8486],[107.4412,28.944],[107.3642,29.0094],[107.4277,29.1287],[107.4018,29.1846],[107.5706,29.218],[107.5891,29.1501],[107.7005,29.1412],[107.7492,29.1998],[107.8108,29.1391],[107.8102,28.9843],[107.8675,28.9602],[108.0707,29.0863],[108.2561,29.0403],[108.3066,29.079],[108.3861,28.803],[108.3325,28.6792],[108.6361,28.6214],[108.5739,28.531],[108.5801,28.3431],[108.6676,28.3342],[108.6971,28.4011],[108.6405,28.4568],[108.7094,28.501],[108.7803,28.4258],[108.7384,28.2282],[109.0864,28.1845],[109.1535,28.4174],[109.3198,28.5799],[109.193,28.6361],[109.2946,28.7222],[109.2355,28.8822],[109.3198,29.0424],[109.1394,29.1689],[109.1123,29.3611],[109.0605,29.4033],[108.9195,29.3261],[108.9275,29.4356],[108.8665,29.4705],[108.901,29.6049],[108.8443,29.6584],[108.7815,29.6356],[108.7864,29.6917],[108.7526,29.6491],[108.691,29.6896],[108.6589,29.8548],[108.601,29.8637],[108.5043,29.7078],[108.3713,29.8413],[108.516,29.8855],[108.5819,30.2558],[108.4021,30.3766],[108.4267,30.4922],[108.5678,30.4685],[108.6885,30.5876],[108.7439,30.4948],[108.8086,30.4912],[109.0427,30.6556],[109.1117,30.6463],[109.1437,30.5211],[109.2995,30.6303],[109.355,30.4871],[109.4356,30.5958],[109.8945,30.8998],[110.0085,30.8834],[110.0824,30.7996],[110.1729,30.9789],[110.1199,31.0886],[110.2,31.1588],[110.1187,31.4099],[109.945,31.4707],[109.9697,31.5089],[109.7276,31.5482],[109.7645,31.6028],[109.7313,31.7006],[109.2817,31.7169],[109.2761,31.7993],[109.0858,31.9294],[108.5099,32.2013],[108.399,32.1942],[108.3793,32.1537],[108.4526,32.0903],[108.3442,32.0675],[108.3516,31.9716],[108.2592,31.967],[108.5351,31.7576],[108.5468,31.6654],[108.4427,31.6339],[108.3442,31.5125],[108.1914,31.4921],[108.1859,31.3368],[108.0387,31.253],[108.0898,31.2049],[108.0091,31.1096],[108.0602,31.0522],[107.9426,30.9891],[107.995,30.9085],[107.8514,30.7929],[107.764,30.8171],[107.74,30.8844],[107.6451,30.8212],[107.4831,30.8387],[107.4246,30.7405],[107.517,30.6448],[107.0556,30.0405],[106.9817,30.085],[106.9134,30.0255],[106.7323,30.027],[106.6424,30.2465],[106.5604,30.3152],[106.4397,30.3085],[106.4286,30.2547],[106.2328,30.1859],[106.1324,30.324],[105.7924,30.4272],[105.7203,30.2527],[105.6248,30.2759],[105.6624,30.2103],[105.5361,30.1528],[105.5965,30.159],[105.5743,30.1306],[105.7536,30.0182],[105.7024,29.9249],[105.7388,29.8912],[105.5829,29.819],[105.5294,29.7078],[105.4197,29.6881],[105.3051,29.532],[105.3341,29.4413],[105.4419,29.4007],[105.4203,29.3115],[105.6476,29.253],[105.695,29.2875],[105.7973,28.9361],[105.91,28.9204],[106.0012,28.9738],[106.0492,28.9063],[106.2069,28.9047],[106.3744,28.5257]]],[[[109.1055,30.5855],[109.0926,30.5788],[109.1012,30.5793],[109.1055,30.5855]]],[[[105.5829,30.1239],[105.5829,30.1275],[105.5805,30.1295],[105.5829,30.1239]]],[[[109.0987,30.5793],[109.0926,30.5788],[109.1036,30.5659],[109.0987,30.5793]]],[[[107.0581,30.0431],[107.0538,30.0436],[107.0544,30.041],[107.0581,30.0431]]]]}},{"type":"Feature","properties":{"name":"四川省","adcode":510000,"center":[104.065735,30.659462]},"bbox":[97.3478,26.0459,108.5468,34.3129],"geometry":{"type":"MultiPolygon","coordinates":[[[[101.1679,27.1983],[101.1365,27.0236],[101.3656,26.8838],[101.3896,26.723],[101.5134,26.7685],[101.4617,26.6064],[101.3958,26.592],[101.6378,26.389],[101.6606,26.3466],[101.5861,26.2796],[101.6305,26.2248],[101.737,26.2195],[101.8356,26.0459],[101.9292,26.1056],[102.1078,26.0685],[102.2452,26.2125],[102.571,26.3627],[102.6387,26.3075],[102.6006,26.2506],[102.7096,26.2103],[102.879,26.3643],[102.9985,26.3718],[102.9898,26.4828],[103.0527,26.5556],[102.8962,26.9126],[102.8839,27.2994],[102.9412,27.4057],[102.9898,27.368],[103.1414,27.4206],[103.4875,27.795],[103.5546,27.9785],[103.4308,28.0446],[103.5731,28.2309],[103.644,28.2604],[103.7019,28.1987],[103.8774,28.3163],[103.7819,28.5252],[103.8509,28.6671],[103.9538,28.6009],[104.2525,28.6608],[104.4256,28.6266],[104.2605,28.5363],[104.2821,28.3431],[104.3849,28.33],[104.4625,28.2414],[104.4022,28.2029],[104.449,28.1138],[104.3042,28.0509],[104.5734,27.8405],[104.8882,27.9146],[104.9805,28.0631],[105.0619,28.0969],[105.1684,28.0715],[105.1863,27.9955],[105.2707,27.997],[105.2331,27.8955],[105.3132,27.8109],[105.2737,27.795],[105.3082,27.705],[105.5084,27.769],[105.6236,27.6663],[106.3067,27.8088],[106.3282,27.9526],[106.2463,28.0118],[106.2666,28.0668],[106.2069,28.1343],[105.8952,28.1196],[105.8897,28.2377],[105.8244,28.3063],[105.7874,28.3358],[105.7301,28.272],[105.6396,28.3242],[105.6236,28.5179],[105.7449,28.6167],[105.8847,28.5951],[105.9667,28.761],[106.3793,28.48],[106.2069,28.9047],[106.0492,28.9063],[106.0012,28.9738],[105.91,28.9204],[105.7973,28.9361],[105.695,29.2875],[105.4591,29.2885],[105.4419,29.4007],[105.3341,29.4413],[105.2965,29.571],[105.7388,29.8912],[105.7024,29.9249],[105.7536,30.0182],[105.5743,30.1306],[105.5965,30.159],[105.5361,30.1528],[105.6624,30.2103],[105.6248,30.2759],[105.7203,30.2527],[105.7147,30.3229],[105.8256,30.436],[106.1687,30.3038],[106.2328,30.1859],[106.4286,30.2547],[106.4397,30.3085],[106.5604,30.3152],[106.6424,30.2465],[106.7323,30.027],[106.9134,30.0255],[106.9756,30.0881],[107.0581,30.0431],[107.517,30.6448],[107.4246,30.7405],[107.4831,30.8387],[107.6451,30.8212],[107.74,30.8844],[107.764,30.8171],[107.8514,30.7929],[107.995,30.9085],[107.9426,30.9891],[108.0602,31.0522],[108.0091,31.1096],[108.0898,31.2049],[108.0387,31.253],[108.1859,31.3368],[108.1914,31.4921],[108.3442,31.5125],[108.4427,31.6339],[108.5468,31.6654],[108.5351,31.7576],[108.2592,31.967],[108.3701,31.9888],[108.3442,32.0675],[108.4526,32.0903],[108.3701,32.1724],[108.4803,32.1825],[108.5074,32.2458],[108.2407,32.2747],[108.0184,32.2119],[107.9796,32.1461],[107.6808,32.397],[107.4566,32.4177],[107.4363,32.5298],[107.3821,32.5404],[107.2638,32.4031],[107.2121,32.4289],[107.0803,32.5424],[107.0667,32.7088],[106.7335,32.7395],[106.4212,32.6166],[106.12,32.7199],[106.0443,32.8647],[105.825,32.8245],[105.8225,32.7702],[105.5965,32.6992],[105.4678,32.9301],[105.3809,32.8763],[105.4487,32.7329],[105.185,32.6176],[105.1111,32.5939],[105.0267,32.6503],[104.882,32.601],[104.8204,32.6629],[104.643,32.6619],[104.2944,32.8356],[104.2882,32.9426],[104.4262,33.0109],[104.3375,33.038],[104.3782,33.1092],[104.3036,33.3045],[104.42,33.327],[104.2925,33.3365],[104.2205,33.4045],[104.1767,33.5996],[104.0462,33.6863],[103.7782,33.6589],[103.5935,33.7162],[103.5202,33.6783],[103.5183,33.8072],[103.3545,33.7435],[103.1654,33.8057],[103.1198,34.0347],[103.1789,34.0798],[103.1001,34.1818],[102.9732,34.2056],[102.9116,34.3129],[102.5987,34.1477],[102.6492,34.0803],[102.4373,34.0872],[102.3924,33.9717],[102.1361,33.9652],[102.2532,33.8614],[102.2433,33.7868],[102.3246,33.7545],[102.2846,33.7192],[102.3425,33.7256],[102.3468,33.6056],[102.478,33.5433],[102.4626,33.4494],[102.2581,33.4095],[102.1922,33.337],[102.2008,33.2234],[102.117,33.2885],[102.0893,33.2049],[101.8257,33.1192],[101.8417,33.1849],[101.7697,33.269],[101.8774,33.3145],[101.9464,33.4429],[101.8442,33.6026],[101.769,33.5388],[101.769,33.4559],[101.6637,33.384],[101.6496,33.323],[101.7358,33.28],[101.6335,33.1012],[101.4876,33.2269],[101.4032,33.2254],[101.3816,33.1533],[101.2972,33.2625],[101.1248,33.2214],[101.1845,33.0415],[101.1242,32.91],[101.2375,32.825],[101.1574,32.6614],[101.0773,32.6826],[100.932,32.6004],[100.6905,32.6781],[100.7102,32.61],[100.6616,32.6161],[100.6456,32.5263],[100.5452,32.5697],[100.4201,32.7319],[100.3783,32.6987],[100.3992,32.7561],[100.2588,32.7425],[100.2083,32.6065],[100.1097,32.6403],[100.1233,32.8371],[99.8775,33.0455],[99.851,32.9416],[99.7642,32.9245],[99.7919,32.8833],[99.718,32.7324],[99.3761,32.8999],[99.2689,32.8783],[99.1963,33.0355],[98.8587,33.1508],[98.7596,33.277],[98.7799,33.3705],[98.7257,33.5033],[98.6481,33.5487],[98.6173,33.6375],[98.6567,33.6474],[98.4072,33.8674],[98.4405,33.9816],[98.3999,34.0852],[98.0284,34.1229],[97.8985,34.2095],[97.6657,34.1269],[97.7026,34.0366],[97.6293,33.9195],[97.3953,33.8892],[97.3731,33.8177],[97.423,33.755],[97.4156,33.6056],[97.5234,33.5772],[97.5523,33.4659],[97.7543,33.41],[97.4876,33.1683],[97.524,32.9888],[97.3755,32.9567],[97.3478,32.8959],[97.4827,32.6544],[98.2188,32.3424],[98.2188,32.2347],[98.435,32.0076],[98.4146,31.8324],[98.8871,31.3746],[98.7731,31.2494],[98.6438,31.3389],[98.6025,31.1921],[98.8064,30.9958],[98.7971,30.8793],[98.9579,30.7652],[98.9074,30.6983],[99.0681,29.9316],[98.9924,29.6772],[99.1143,29.2436],[99.1039,28.8418],[99.1839,28.5888],[99.1649,28.4253],[99.3749,28.1818],[99.4371,28.3984],[99.4032,28.5462],[99.5406,28.6235],[99.6256,28.8145],[99.718,28.8465],[99.7555,28.7012],[99.9853,28.5294],[100.074,28.4263],[100.0573,28.3689],[100.1762,28.3252],[100.1534,28.2082],[100.021,28.147],[100.1965,27.9363],[100.1701,27.9077],[100.3087,27.8611],[100.3117,27.724],[100.4429,27.8664],[100.5452,27.8093],[100.6813,27.923],[101.0422,27.2217],[101.1679,27.1983]]],[[[106.2642,30.2097],[106.2605,30.2077],[106.2605,30.2041],[106.2642,30.2097]]],[[[106.9768,30.0881],[106.9762,30.0835],[106.9799,30.0881],[106.9768,30.0881]]],[[[105.5589,30.1854],[105.5565,30.1875],[105.5509,30.1792],[105.5589,30.1854]]]]}},{"type":"Feature","properties":{"name":"贵州省","adcode":520000,"center":[106.713478,26.578343]},"bbox":[103.6015,24.618,109.597,29.218],"geometry":{"type":"MultiPolygon","coordinates":[[[[109.2743,28.4947],[109.1535,28.4174],[109.0864,28.1845],[109.0267,28.2203],[109.0057,28.1628],[108.8215,28.2451],[108.7729,28.2129],[108.7267,28.282],[108.7803,28.4258],[108.7094,28.501],[108.6405,28.4568],[108.6971,28.4011],[108.6676,28.3342],[108.5801,28.3431],[108.5739,28.531],[108.6361,28.6214],[108.3325,28.6792],[108.3861,28.803],[108.3066,29.079],[108.2561,29.0403],[108.0707,29.0863],[107.8675,28.9602],[107.8102,28.9843],[107.8108,29.1391],[107.7492,29.1998],[107.7005,29.1412],[107.5891,29.1501],[107.5706,29.218],[107.4412,29.2039],[107.3698,29.0916],[107.3642,29.0094],[107.4412,28.944],[107.3839,28.8486],[107.2466,28.7621],[107.2066,28.8685],[107.0162,28.8827],[106.9885,28.7763],[106.9232,28.8098],[106.8241,28.7563],[106.8893,28.696],[106.8666,28.6245],[106.7569,28.6072],[106.7083,28.4505],[106.5647,28.4852],[106.6516,28.6492],[106.4742,28.8329],[106.4619,28.761],[106.5284,28.6776],[106.4668,28.5862],[106.505,28.5447],[106.4034,28.5699],[106.3793,28.48],[105.9667,28.761],[105.8847,28.5951],[105.7449,28.6167],[105.6236,28.5179],[105.6396,28.3242],[105.7301,28.272],[105.7874,28.3358],[105.8244,28.3063],[105.8897,28.2377],[105.8952,28.1196],[106.1453,28.1628],[106.2666,28.0668],[106.2463,28.0118],[106.3282,27.9526],[106.3375,27.859],[106.2426,27.7675],[106.064,27.777],[105.6236,27.6663],[105.5084,27.769],[105.3538,27.7489],[105.1826,27.3675],[105.068,27.4185],[104.8715,27.2909],[104.8247,27.3531],[104.5395,27.3276],[104.497,27.4147],[104.3634,27.4679],[104.2488,27.292],[104.1731,27.2632],[104.0154,27.4291],[103.9322,27.444],[103.8657,27.2818],[103.6015,27.062],[103.623,27.0071],[103.7049,27.0492],[103.7752,26.9511],[103.7795,26.8742],[103.7056,26.7946],[103.7733,26.7166],[103.7635,26.585],[103.8657,26.5122],[104.0677,26.5149],[104.1213,26.638],[104.3535,26.6209],[104.4244,26.7091],[104.4595,26.6027],[104.5796,26.5684],[104.6843,26.3772],[104.5426,26.2533],[104.5285,26.1142],[104.4601,26.0857],[104.4416,25.8689],[104.3708,25.7304],[104.3289,25.7606],[104.3104,25.6479],[104.4287,25.5761],[104.4348,25.4724],[104.5568,25.5248],[104.5432,25.4006],[104.6461,25.3568],[104.6399,25.2956],[104.8266,25.2356],[104.8229,25.17],[104.7539,25.2144],[104.6855,25.0785],[104.6196,25.0606],[104.7132,24.996],[104.5395,24.8137],[104.5297,24.7316],[104.7292,24.618],[104.8992,24.7528],[105.0335,24.7876],[105.0779,24.9185],[105.2128,24.9955],[105.2676,24.9293],[105.4283,24.9309],[105.4973,24.8093],[105.8275,24.7028],[105.942,24.7251],[106.0246,24.6332],[106.173,24.7604],[106.2063,24.8511],[106.1453,24.9543],[106.4422,25.0194],[106.6448,25.1646],[106.9756,25.2329],[107.0125,25.353],[106.9639,25.4379],[107.0643,25.5594],[107.2053,25.608],[107.3365,25.4611],[107.318,25.4016],[107.4209,25.393],[107.472,25.2139],[107.6599,25.3162],[107.7005,25.1944],[107.7621,25.2291],[107.7627,25.1251],[107.8391,25.1159],[108.1151,25.2101],[108.1428,25.3908],[108.1933,25.4054],[108.1625,25.4449],[108.2518,25.4303],[108.3085,25.5259],[108.4717,25.4589],[108.6251,25.3081],[108.6072,25.4919],[108.6891,25.5335],[108.6891,25.6231],[108.784,25.6285],[108.8148,25.527],[108.949,25.5572],[109.0248,25.5124],[109.0882,25.5508],[109.031,25.6296],[109.079,25.7207],[108.8961,25.7142],[109.095,25.8053],[109.148,25.7417],[109.2065,25.7881],[109.2071,25.7401],[109.3402,25.7315],[109.3396,25.8344],[109.4825,26.0298],[109.4498,26.1018],[109.5139,26.1282],[109.4393,26.2388],[109.4671,26.3139],[109.3513,26.264],[109.2712,26.3279],[109.4073,26.5331],[109.2835,26.6984],[109.4868,26.7599],[109.4363,26.8924],[109.5551,26.9468],[109.52,27.0588],[109.4547,27.0694],[109.4726,27.135],[109.4153,27.1541],[109.2392,27.1493],[109.1659,27.0668],[109.1012,27.0689],[109.1289,27.1227],[109.0328,27.1041],[108.9429,27.0172],[108.7908,27.0843],[108.8788,27.1062],[108.9078,27.2047],[109.1036,27.3366],[109.1418,27.4482],[109.3001,27.4238],[109.3032,27.4758],[109.4615,27.5676],[109.4707,27.68],[109.3328,27.7828],[109.302,27.9563],[109.379,28.0346],[109.2983,28.0361],[109.3882,28.2683],[109.2755,28.3131],[109.2743,28.4947]]],[[[109.4763,26.8299],[109.5225,26.7492],[109.4868,26.8956],[109.4763,26.8299]]],[[[109.5286,26.7439],[109.5681,26.7262],[109.597,26.7562],[109.5286,26.7439]]]]}},{"type":"Feature","properties":{"name":"云南省","adcode":530000,"center":[102.712251,25.040609]},"bbox":[97.5283,21.1478,106.1927,29.2212],"geometry":{"type":"MultiPolygon","coordinates":[[[[105.3082,27.705],[105.2737,27.795],[105.3132,27.8109],[105.2331,27.8955],[105.2707,27.997],[105.1863,27.9955],[105.1684,28.0715],[105.0619,28.0969],[104.9805,28.0631],[104.8882,27.9146],[104.5734,27.8405],[104.5081,27.8781],[104.3042,28.0509],[104.449,28.1138],[104.4022,28.2029],[104.4496,28.2699],[104.3849,28.33],[104.3141,28.3068],[104.2544,28.4037],[104.2605,28.5363],[104.4256,28.6266],[104.2525,28.6608],[103.9538,28.6009],[103.8509,28.6671],[103.7819,28.5252],[103.8774,28.3163],[103.7019,28.1987],[103.644,28.2604],[103.5731,28.2309],[103.4308,28.0446],[103.5546,27.9785],[103.4875,27.795],[103.1414,27.4206],[102.9898,27.368],[102.9412,27.4057],[102.8839,27.2994],[102.8962,26.9126],[103.0527,26.5556],[102.9757,26.3407],[102.879,26.3643],[102.7096,26.2103],[102.6006,26.2506],[102.6387,26.3075],[102.571,26.3627],[102.2452,26.2125],[102.1078,26.0685],[101.9292,26.1056],[101.8356,26.0459],[101.8078,26.1561],[101.5861,26.2796],[101.6606,26.3466],[101.6378,26.389],[101.3958,26.592],[101.4617,26.6064],[101.5134,26.7685],[101.3896,26.723],[101.3656,26.8838],[101.1365,27.0236],[101.1679,27.1983],[101.0422,27.2217],[100.6813,27.923],[100.5452,27.8093],[100.4429,27.8664],[100.3117,27.724],[100.3087,27.8611],[100.1701,27.9077],[100.1965,27.9363],[100.021,28.147],[100.1534,28.2082],[100.1762,28.3252],[100.0573,28.3689],[100.074,28.4263],[99.9853,28.5294],[99.7555,28.7012],[99.718,28.8465],[99.6256,28.8145],[99.5406,28.6235],[99.4032,28.5462],[99.4371,28.3984],[99.3749,28.1818],[99.3065,28.2277],[99.1649,28.4253],[99.1137,29.2212],[98.9813,29.205],[99.0133,29.0366],[98.9259,28.9785],[98.9179,28.8869],[98.9727,28.8324],[98.8526,28.7983],[98.786,28.999],[98.6241,28.9586],[98.6838,28.7401],[98.5945,28.6676],[98.6259,28.4895],[98.7405,28.3484],[98.7121,28.2293],[98.3894,28.1148],[98.3013,28.3842],[98.2089,28.3584],[98.2668,28.2425],[98.1393,28.1423],[98.143,27.9489],[98.2052,27.8897],[98.1695,27.8511],[98.3173,27.5193],[98.4294,27.5491],[98.4442,27.6652],[98.7066,27.5533],[98.6869,27.4254],[98.7411,27.3302],[98.6961,27.2111],[98.7128,27.0758],[98.7657,27.0508],[98.7306,26.8513],[98.7817,26.6209],[98.6727,26.2399],[98.7355,26.1851],[98.7201,26.1271],[98.661,26.0879],[98.6561,26.14],[98.5754,26.1185],[98.706,25.8554],[98.6407,25.7989],[98.5292,25.8409],[98.4023,25.5939],[98.3149,25.5432],[98.1707,25.6204],[98.1375,25.3816],[97.9404,25.215],[97.8393,25.2707],[97.7199,25.0806],[97.7297,24.9087],[97.7975,24.8457],[97.5474,24.7392],[97.5301,24.4432],[97.67,24.453],[97.7162,24.3587],[97.665,24.2965],[97.7673,24.2584],[97.7543,24.1639],[97.5283,23.9267],[97.6472,23.8408],[98.0913,24.0858],[98.5471,24.1284],[98.5939,24.0804],[98.8766,24.1514],[98.8951,24.0989],[98.6733,23.9606],[98.669,23.8009],[98.7848,23.7817],[98.8821,23.62],[98.8039,23.5405],[98.9123,23.4263],[98.8729,23.3297],[98.937,23.3099],[98.8895,23.2092],[99.0577,23.1647],[99.1063,23.0865],[99.3484,23.1289],[99.5283,23.0656],[99.5634,22.9257],[99.447,22.9345],[99.463,22.8446],[99.3151,22.7376],[99.3823,22.4934],[99.2517,22.3933],[99.2782,22.3463],[99.1562,22.1596],[99.2197,22.1108],[99.487,22.1286],[99.8701,22.0293],[99.8713,22.067],[99.9723,22.0531],[100.0001,21.9732],[99.944,21.8211],[99.9914,21.7038],[100.1319,21.6999],[100.1694,21.6632],[100.1079,21.5853],[100.1313,21.5041],[100.2354,21.4668],[100.4374,21.533],[100.483,21.459],[100.579,21.4517],[100.7306,21.5185],[100.8704,21.6727],[101.1235,21.7716],[101.1469,21.5603],[101.2092,21.5575],[101.2252,21.4991],[101.1426,21.4094],[101.2449,21.3024],[101.2221,21.2343],[101.2905,21.1785],[101.5325,21.2522],[101.6015,21.2332],[101.6058,21.1724],[101.7647,21.1478],[101.8337,21.2527],[101.7302,21.3369],[101.7549,21.5848],[101.8288,21.6171],[101.7475,21.73],[101.7715,21.8333],[101.7013,21.9388],[101.6064,21.9677],[101.5473,22.2383],[101.6255,22.2826],[101.6723,22.4752],[101.7746,22.5061],[101.9015,22.3844],[101.9076,22.437],[102.0462,22.458],[102.1454,22.3977],[102.2704,22.4199],[102.4047,22.6299],[102.3844,22.6796],[102.5106,22.7746],[102.5698,22.7012],[102.6073,22.731],[102.8235,22.6233],[102.9307,22.4824],[103.0305,22.4414],[103.1832,22.5586],[103.1956,22.6482],[103.283,22.6785],[103.3231,22.8077],[103.4413,22.7531],[103.5294,22.5929],[103.6421,22.795],[103.9649,22.5023],[104.1176,22.8088],[104.2617,22.8419],[104.2728,22.7382],[104.3757,22.6901],[104.5962,22.8463],[104.7379,22.8259],[104.8463,22.9262],[104.8044,23.1102],[104.8826,23.1636],[104.9491,23.152],[105.0933,23.2609],[105.238,23.2642],[105.3255,23.3901],[105.5429,23.1845],[105.5934,23.3126],[105.7,23.3275],[105.6378,23.4044],[105.8521,23.5268],[105.9999,23.4477],[106.1416,23.5696],[106.1367,23.7954],[106.1927,23.8791],[105.9981,24.1208],[105.9192,24.1224],[105.8921,24.0405],[105.7967,24.0235],[105.7653,24.0738],[105.6495,24.0328],[105.5946,24.1377],[105.5337,24.1301],[105.493,24.017],[105.3205,24.1164],[105.2602,24.0612],[105.1826,24.1672],[105.2429,24.2087],[105.1647,24.2884],[105.1881,24.3473],[105.1068,24.4149],[104.7656,24.4595],[104.7034,24.4198],[104.7089,24.3211],[104.5759,24.4247],[104.4896,24.6533],[104.5395,24.8137],[104.7132,24.996],[104.6196,25.0606],[104.6855,25.0785],[104.7539,25.2144],[104.8229,25.17],[104.8266,25.2356],[104.6399,25.2956],[104.6461,25.3568],[104.5432,25.4006],[104.5568,25.5248],[104.4348,25.4724],[104.4287,25.5761],[104.3104,25.6479],[104.3289,25.7606],[104.3708,25.7304],[104.4416,25.8689],[104.4601,26.0857],[104.5285,26.1142],[104.5925,26.3177],[104.6596,26.3354],[104.6658,26.434],[104.5568,26.5904],[104.4595,26.6027],[104.4244,26.7091],[104.3535,26.6209],[104.1213,26.638],[104.0677,26.5149],[103.8195,26.5299],[103.7056,26.7946],[103.7795,26.8742],[103.7752,26.9511],[103.7049,27.0492],[103.623,27.0071],[103.6015,27.062],[103.8657,27.2818],[103.9322,27.444],[104.0154,27.4291],[104.1731,27.2632],[104.2488,27.292],[104.3634,27.4679],[104.6116,27.3068],[104.8247,27.3531],[104.8715,27.2909],[105.068,27.4185],[105.1826,27.3675],[105.3082,27.705]]]]}},{"type":"Feature","properties":{"name":"西藏自治区","adcode":540000,"center":[91.132212,29.660361]},"bbox":[78.3954,26.855,99.1137,36.4821],"geometry":{"type":"MultiPolygon","coordinates":[[[[89.7114,36.0933],[89.2926,36.2315],[89.2322,36.2956],[89.1269,36.2546],[88.9261,36.3646],[88.7666,36.2923],[88.5732,36.4614],[88.4709,36.4821],[87.5704,36.3424],[87.4706,36.3545],[87.4269,36.4258],[87.1491,36.2976],[86.7463,36.2918],[86.2794,36.1706],[86.1876,36.131],[86.1999,36.0478],[86.0533,35.8429],[85.9493,35.7788],[85.6912,35.7511],[85.613,35.6515],[85.374,35.7001],[85.2711,35.789],[85.0531,35.7521],[84.4488,35.5503],[84.4531,35.4733],[84.1606,35.3597],[84.006,35.4226],[83.6222,35.3353],[83.127,35.3987],[82.9989,35.4845],[82.9675,35.6675],[82.795,35.6884],[82.7316,35.6379],[82.4686,35.7176],[82.3362,35.6515],[82.3281,35.5595],[82.0343,35.4519],[82.03,35.3216],[81.6863,35.2356],[81.5133,35.2351],[81.3636,35.3548],[81.2195,35.3191],[81.0994,35.4075],[81.0316,35.3806],[81.0261,35.3113],[80.9638,35.3108],[80.6891,35.3392],[80.6565,35.3938],[80.5148,35.3919],[80.4329,35.4494],[80.2678,35.2957],[80.3627,35.2087],[80.258,35.2033],[80.0313,35.0344],[80.0344,34.902],[79.9266,34.8495],[79.8613,34.5282],[79.8016,34.4788],[79.039,34.4216],[79.0489,34.3485],[78.9818,34.3184],[78.9257,34.1556],[78.6615,34.0867],[78.6565,34.0302],[78.7446,33.9806],[78.7797,33.7326],[78.6849,33.6544],[78.7551,33.623],[78.7421,33.5532],[78.8499,33.42],[79.1524,33.1844],[79.1628,33.0119],[79.2558,32.9426],[79.225,32.7843],[79.3014,32.7289],[79.3082,32.5969],[79.1357,32.4723],[79.1031,32.3697],[78.9707,32.3318],[78.7822,32.4804],[78.7415,32.7037],[78.3954,32.5303],[78.5087,32.2979],[78.4305,32.2124],[78.4699,32.1278],[78.5099,32.1471],[78.6073,32.0239],[78.7625,31.9472],[78.6547,31.8191],[78.8456,31.6099],[78.7403,31.5329],[78.792,31.4359],[78.7551,31.3557],[78.7951,31.301],[78.8653,31.3128],[78.9978,31.1588],[79.0101,31.044],[79.0969,30.9922],[79.3322,30.9691],[79.3162,31.0178],[79.4049,31.0717],[79.5977,30.926],[79.6685,30.9804],[79.9131,30.833],[80.0436,30.6036],[80.6331,30.4587],[80.8173,30.3214],[81.0347,30.247],[81.132,30.0161],[81.2564,30.012],[81.2693,30.1534],[81.3938,30.1994],[81.4184,30.4205],[81.5558,30.3694],[81.6303,30.4468],[81.9912,30.3229],[82.1046,30.3462],[82.1144,30.2268],[82.2074,30.1435],[82.1779,30.0679],[82.561,29.9555],[82.6238,29.8346],[82.7377,29.8066],[82.6916,29.766],[82.8308,29.6876],[82.9484,29.7047],[83.0888,29.6049],[83.2668,29.571],[83.5964,29.1742],[83.9117,29.3235],[84.1168,29.2864],[84.2031,29.24],[84.171,29.1945],[84.1944,29.045],[84.2486,29.0304],[84.2345,28.8895],[84.4082,28.8539],[84.4833,28.7353],[84.6201,28.7322],[84.6983,28.6335],[84.8572,28.5678],[85.1264,28.676],[85.196,28.624],[85.1085,28.461],[85.1134,28.3447],[85.3795,28.2741],[85.5206,28.3268],[85.6013,28.2541],[85.7207,28.3721],[85.7534,28.2277],[85.8544,28.1723],[86.0022,27.9072],[86.1254,27.923],[86.0866,28.09],[86.1913,28.1671],[86.232,27.9743],[86.4149,27.9045],[86.5147,27.9548],[86.5689,28.1032],[86.7001,28.1016],[87.2279,27.813],[87.5809,27.8596],[87.5981,27.8146],[87.7275,27.8029],[87.8266,27.9278],[88.1118,27.8649],[88.1568,27.9579],[88.4013,27.977],[88.6452,28.1111],[88.7641,28.0684],[88.8429,28.006],[88.8885,27.8469],[88.7709,27.5639],[88.7832,27.4673],[88.9846,27.209],[89.1829,27.3738],[89.0955,27.4716],[89.239,27.7966],[89.3757,27.876],[89.5112,28.0863],[89.7896,28.2409],[90.0336,28.137],[90.1247,28.1908],[90.2972,28.1539],[90.384,28.061],[90.5916,28.0213],[90.7018,28.0763],[90.9618,27.9537],[91.0258,27.8574],[91.1133,27.8463],[91.1626,27.9685],[91.2519,27.9706],[91.3098,28.0578],[91.465,28.0029],[91.4866,27.9373],[91.6116,27.8913],[91.5444,27.8204],[91.6424,27.7664],[91.5623,27.6276],[91.5851,27.5406],[91.7188,27.4673],[92.0107,27.4748],[92.0649,27.3914],[92.1259,27.2733],[92.0267,27.1083],[92.1247,26.9601],[92.1093,26.855],[92.647,26.9527],[93.1114,26.8801],[93.8173,27.0252],[93.8493,27.1685],[94.2774,27.5814],[94.525,27.5963],[94.8859,27.7431],[95.2863,27.94],[95.3971,28.1423],[95.832,28.2952],[95.9891,28.1982],[96.2755,28.2282],[96.2983,28.1401],[96.3987,28.1185],[96.4264,28.1618],[96.4997,28.0673],[96.8101,27.8902],[96.9727,27.8611],[97.0978,27.741],[97.2536,27.8918],[97.3866,27.8828],[97.4131,28.0134],[97.3059,28.0715],[97.3497,28.2356],[97.5184,28.3279],[97.4852,28.3863],[97.5696,28.5415],[97.686,28.52],[97.8012,28.3268],[97.9077,28.3631],[98.0334,28.1871],[98.1393,28.1423],[98.2668,28.2425],[98.2089,28.3584],[98.3013,28.3842],[98.3894,28.1148],[98.7121,28.2293],[98.7405,28.3484],[98.6259,28.4895],[98.5945,28.6676],[98.6838,28.7401],[98.6241,28.9586],[98.786,28.999],[98.8526,28.7983],[98.9727,28.8324],[98.9179,28.8869],[98.9259,28.9785],[99.0133,29.0366],[98.961,29.1658],[99.1137,29.2212],[98.9924,29.6772],[99.0681,29.9316],[98.9074,30.6983],[98.9579,30.7652],[98.7971,30.8793],[98.8064,30.9958],[98.6025,31.1921],[98.6438,31.3389],[98.7731,31.2494],[98.8871,31.3746],[98.4146,31.8324],[98.435,32.0076],[98.2188,32.2347],[98.2188,32.3424],[97.7956,32.5213],[97.3583,32.5636],[97.3349,32.5142],[97.3885,32.5016],[97.3411,32.441],[97.4248,32.3227],[97.3712,32.2731],[97.2998,32.2949],[97.2641,32.1825],[97.3084,32.0766],[97.2197,32.1091],[97.2339,32.0639],[97.1698,32.033],[97.0066,32.068],[96.8686,31.965],[96.7227,32.0132],[96.8107,31.8944],[96.7658,31.8191],[96.8403,31.7204],[96.7787,31.6756],[96.4689,31.7698],[96.3894,31.9198],[96.1886,31.904],[96.1782,31.7754],[96.2521,31.6975],[96.2077,31.5987],[96.1566,31.6028],[96.1486,31.6863],[95.9835,31.8166],[95.8991,31.8171],[95.824,31.6822],[95.7796,31.7489],[95.6343,31.7825],[95.5117,31.7505],[95.3608,31.9594],[95.4544,32.0076],[95.4403,32.1577],[95.3152,32.1486],[95.2413,32.3207],[95.0793,32.2797],[95.2616,32.348],[95.2185,32.397],[94.9124,32.4157],[94.6143,32.6735],[94.4634,32.5722],[94.395,32.5944],[94.3716,32.5248],[94.1967,32.5162],[94.1376,32.4339],[93.8616,32.4662],[93.8203,32.5495],[93.7218,32.5783],[93.5167,32.4758],[93.4631,32.5561],[93.3855,32.5253],[93.2395,32.6624],[93.0695,32.6262],[93.0196,32.7375],[92.8669,32.6982],[92.6864,32.7652],[92.6347,32.7209],[92.3556,32.7647],[92.2552,32.7209],[92.1986,32.7546],[92.2054,32.8663],[91.9559,32.8205],[91.8395,32.9482],[91.5358,33.1002],[91.436,33.0661],[91.2266,33.1418],[91.1478,33.0721],[90.9279,33.1202],[90.902,33.0831],[90.4056,33.2605],[90.2467,33.424],[90.0108,33.5537],[90.0083,33.6878],[89.9024,33.7585],[89.9424,33.8012],[89.7952,33.8654],[89.635,34.0495],[89.8167,34.1694],[89.8666,34.3248],[89.7995,34.3964],[89.7989,34.6287],[89.7256,34.6607],[89.7324,34.732],[89.8679,34.8107],[89.7878,34.9217],[89.579,34.8952],[89.5932,35.1045],[89.4503,35.2239],[89.5316,35.2762],[89.4971,35.3611],[89.765,35.4826],[89.6997,35.5449],[89.7656,35.5999],[89.7262,35.6481],[89.802,35.8482],[89.5507,35.8569],[89.4281,35.9175],[89.4047,36.0168],[89.7114,36.0933]]]]}},{"type":"Feature","properties":{"name":"陕西省","adcode":610000,"center":[108.948024,34.263161]},"bbox":[105.4955,31.7169,111.2477,39.5871],"geometry":{"type":"MultiPolygon","coordinates":[[[[110.3793,34.6006],[110.2955,34.611],[110.2296,34.6927],[110.2308,34.8809],[110.3737,35.1344],[110.3749,35.2517],[110.6096,35.632],[110.447,36.1643],[110.4969,36.5821],[110.3947,36.6767],[110.447,36.7376],[110.3762,36.8824],[110.4242,36.9637],[110.383,37.022],[110.4267,37.0086],[110.6903,37.2872],[110.6441,37.4351],[110.7402,37.4494],[110.795,37.5586],[110.7753,37.6809],[110.7063,37.7055],[110.7359,37.7704],[110.5228,37.9551],[110.5092,38.1921],[110.5776,38.2973],[110.747,38.3664],[110.9077,38.521],[110.8806,38.6268],[111.0168,38.89],[110.9804,38.9701],[111.1381,39.0644],[111.2477,39.3024],[111.0642,39.401],[111.1369,39.5871],[110.8695,39.4943],[110.7026,39.2737],[110.5967,39.283],[110.524,39.383],[110.4347,39.3811],[110.3854,39.3103],[110.1526,39.4541],[110.1366,39.3917],[110.2179,39.2811],[109.9623,39.2121],[109.9025,39.2718],[109.8717,39.2436],[109.961,39.1917],[109.8939,39.1411],[109.9222,39.1072],[109.8514,39.123],[109.7621,39.0575],[109.6654,38.9817],[109.6241,38.8546],[109.3389,38.7015],[109.3673,38.6277],[109.2767,38.623],[109.0544,38.4339],[108.9386,38.2076],[109.0692,38.0913],[109.0698,38.023],[108.9349,37.9225],[108.7975,38.048],[108.7778,37.6837],[108.1342,37.6221],[108.0251,37.6496],[107.982,37.7874],[107.6845,37.8885],[107.6205,37.776],[107.4991,37.7656],[107.485,37.7065],[107.3113,37.6098],[107.3692,37.5875],[107.2577,37.3372],[107.3365,37.1657],[107.2688,37.0994],[107.31,36.9125],[107.4782,36.9082],[107.5404,36.8287],[107.9075,36.7501],[107.9389,36.6556],[108.0067,36.6834],[108.0609,36.5922],[108.1637,36.5638],[108.2229,36.6311],[108.2105,36.5773],[108.3405,36.559],[108.4606,36.4229],[108.5105,36.4744],[108.6515,36.3848],[108.646,36.2541],[108.7125,36.1387],[108.6885,36.0212],[108.6522,35.9481],[108.4994,35.8724],[108.5394,35.6058],[108.6257,35.5371],[108.6146,35.3289],[108.4889,35.2752],[108.3454,35.3006],[108.2395,35.2561],[108.1748,35.305],[107.95,35.2454],[107.7455,35.3118],[107.6525,35.2449],[107.8631,34.9992],[107.6389,34.9354],[107.5644,34.9688],[107.5238,34.9099],[107.2866,34.932],[107.2527,34.8809],[106.9017,35.0947],[106.542,35.0839],[106.4847,34.984],[106.5752,34.7699],[106.457,34.704],[106.4711,34.6341],[106.3141,34.5789],[106.3344,34.5178],[106.5142,34.5119],[106.7175,34.3693],[106.6528,34.2437],[106.5266,34.2922],[106.4964,34.2382],[106.558,34.2298],[106.5851,34.1496],[106.5019,34.1051],[106.4108,33.9091],[106.4754,33.8758],[106.4828,33.7072],[106.5808,33.5762],[106.5401,33.5128],[106.457,33.5328],[106.4471,33.6131],[106.1872,33.5467],[106.0868,33.617],[105.9716,33.6131],[105.8422,33.4899],[105.8275,33.38],[105.7098,33.383],[105.7991,33.2585],[105.9654,33.2044],[105.9685,33.1543],[105.8971,33.1468],[105.9174,32.9938],[105.862,32.9391],[105.6384,32.8793],[105.5281,32.919],[105.4955,32.8733],[105.5965,32.6992],[105.8225,32.7702],[105.825,32.8245],[106.0443,32.8647],[106.12,32.7199],[106.4212,32.6166],[106.7335,32.7395],[107.0667,32.7088],[107.0803,32.5424],[107.2638,32.4031],[107.3821,32.5404],[107.4363,32.5298],[107.4566,32.4177],[107.6808,32.397],[107.9796,32.1461],[108.0184,32.2119],[108.2407,32.2747],[108.3109,32.2322],[108.4698,32.2706],[108.6768,32.103],[109.0858,31.9294],[109.2761,31.7993],[109.2817,31.7169],[109.5859,31.7265],[109.634,31.8044],[109.5847,31.9005],[109.6315,31.9624],[109.5909,32.0127],[109.6217,32.1065],[109.5927,32.2195],[109.4954,32.3005],[109.6315,32.5999],[110.0177,32.547],[110.2062,32.6332],[110.1052,32.8326],[109.9074,32.9039],[109.7898,32.8823],[109.7947,33.0671],[109.4387,33.1523],[109.5145,33.238],[109.6198,33.2755],[110.338,33.1603],[110.471,33.1714],[110.5413,33.2555],[110.7026,33.0972],[110.8289,33.2014],[110.9219,33.2039],[111.026,33.3305],[111.0038,33.5787],[110.824,33.6858],[110.7821,33.7963],[110.5874,33.8877],[110.6657,33.9379],[110.5874,34.0233],[110.6423,34.161],[110.4396,34.2432],[110.5037,34.3371],[110.3608,34.5168],[110.3793,34.6006]]],[[[111.0266,33.4784],[111.0217,33.4764],[111.0211,33.4714],[111.0266,33.4784]]],[[[106.0769,32.7636],[106.0726,32.7636],[106.0714,32.7581],[106.0769,32.7636]]]]}},{"type":"Feature","properties":{"name":"甘肃省","adcode":620000,"center":[103.823557,36.058039]},"bbox":[92.339,32.5939,108.7125,42.7953],"geometry":{"type":"MultiPolygon","coordinates":[[[[106.5062,35.7375],[106.4348,35.6884],[106.5013,35.3641],[106.3633,35.2385],[106.173,35.4377],[106.1133,35.3616],[106.072,35.4636],[105.8946,35.4138],[106.0474,35.4982],[105.9001,35.5474],[105.8472,35.4904],[105.6907,35.6986],[105.7591,35.7249],[105.4819,35.7273],[105.429,35.8191],[105.3809,35.7929],[105.344,36.0338],[105.5152,36.1474],[105.3624,36.4965],[105.2522,36.5533],[105.2011,36.7007],[105.3199,36.7429],[105.3347,36.8009],[105.2448,36.8948],[105.1789,36.8924],[105.1653,36.9948],[104.9547,37.0402],[104.8561,37.2119],[104.7767,37.2467],[104.6381,37.2019],[104.6245,37.2986],[104.7138,37.3296],[104.68,37.408],[104.4379,37.4456],[104.1835,37.4066],[103.6834,37.7779],[103.4074,37.8607],[103.3686,38.089],[103.5349,38.1568],[103.4161,38.4048],[103.8595,38.6445],[104.0443,38.8951],[104.1965,38.9882],[104.1712,39.1606],[104.0474,39.2978],[104.0899,39.4199],[103.8534,39.4615],[103.3446,39.3316],[103.0077,39.0998],[102.6166,39.1717],[102.4534,39.2552],[101.9027,39.1118],[101.8337,39.0891],[102.0752,38.8914],[101.777,38.6604],[101.6015,38.6553],[101.5627,38.7132],[101.3311,38.7772],[101.3354,38.8471],[101.243,38.8606],[101.1987,38.9431],[101.2289,39.0208],[100.9696,38.9468],[100.9615,39.0059],[100.8353,39.0259],[100.8421,39.4056],[100.499,39.4005],[100.5008,39.4814],[100.3265,39.5091],[100.2501,39.6853],[99.9046,39.7856],[99.8221,39.8601],[99.4408,39.8858],[99.8412,40.0133],[100.0075,40.2001],[100.1694,40.2777],[100.1694,40.5411],[100.2427,40.6189],[100.2372,40.7169],[100.1079,40.8755],[99.673,40.9329],[99.5658,40.847],[99.1747,40.8583],[99.1729,40.7473],[99.102,40.6765],[98.985,40.7826],[98.791,40.7056],[98.8027,40.607],[98.6684,40.7731],[98.5699,40.7468],[98.6278,40.6779],[98.3444,40.5684],[98.3333,40.9189],[97.9718,41.0977],[97.6293,41.4405],[97.6139,41.4773],[97.8467,41.6564],[97.1729,42.7953],[96.3863,42.7276],[96.1036,42.6044],[95.9786,42.4368],[96.0661,42.4147],[96.0408,42.3267],[96.1782,42.2178],[96.0771,42.1495],[96.1375,42.0198],[96.055,41.9361],[95.5715,41.7962],[95.3356,41.6443],[95.2998,41.566],[95.136,41.773],[94.8619,41.6685],[94.7504,41.5382],[94.5342,41.506],[94.0107,41.1149],[93.8099,40.8795],[93.7606,40.6647],[92.9285,40.5725],[92.9069,40.3106],[92.7967,40.1539],[92.6396,39.5142],[92.339,39.2366],[92.4105,39.0384],[92.546,39.1114],[93.1151,39.1796],[93.1982,39.0459],[93.1792,38.924],[93.7292,38.9244],[93.8844,38.8676],[93.8844,38.8261],[93.7563,38.8075],[93.885,38.7207],[94.3704,38.7627],[94.5613,38.3518],[94.974,38.4301],[95.1224,38.417],[95.2592,38.303],[95.4557,38.2917],[95.7039,38.4001],[96.0661,38.1732],[96.2644,38.146],[96.3783,38.2771],[96.6654,38.2302],[96.6266,38.356],[96.7079,38.4592],[96.6666,38.4836],[96.7805,38.5042],[96.7941,38.6081],[96.961,38.558],[97.0559,38.5945],[96.9407,38.9077],[97.0121,39.142],[96.9623,39.1981],[97.3472,39.1675],[98.0919,38.7865],[98.2422,38.8807],[98.281,39.0273],[98.5846,38.93],[98.7435,39.0867],[98.8168,39.0858],[99.1076,38.9519],[99.0688,38.897],[99.6595,38.4494],[100.1263,38.2316],[100.183,38.2222],[100.1639,38.3283],[100.0222,38.432],[100.0259,38.5079],[100.2403,38.4419],[100.2594,38.3664],[100.3019,38.3884],[100.4325,38.2753],[100.7152,38.2537],[100.8605,38.1483],[100.9135,38.1789],[100.895,38.0131],[101.1032,37.9466],[101.203,37.8474],[101.3625,37.7912],[101.4592,37.8663],[101.5984,37.8276],[101.6594,37.7334],[101.8159,37.6544],[101.9988,37.7249],[102.1312,37.5463],[102.1035,37.4826],[102.4281,37.3086],[102.6424,37.0998],[102.4885,37.0784],[102.5063,37.0191],[102.4503,36.9685],[102.7201,36.7679],[102.6012,36.7103],[102.7619,36.5686],[102.8457,36.3318],[103.0668,36.217],[102.882,36.0826],[102.9683,36.0444],[102.9449,35.8298],[102.7872,35.8627],[102.6862,35.772],[102.8087,35.5605],[102.7435,35.4947],[102.5032,35.5853],[102.4478,35.4372],[102.2938,35.4241],[102.2809,35.303],[102.3702,35.2639],[102.4041,35.1794],[102.0949,34.9869],[102.0684,34.8878],[101.9169,34.8736],[101.9347,34.5873],[102.1559,34.5075],[102.2593,34.3559],[102.1866,34.353],[102.1497,34.2719],[102.0678,34.2936],[101.9551,34.1095],[101.8516,34.1531],[101.7185,34.0832],[101.5387,34.212],[100.9511,34.3836],[100.8217,34.3174],[100.7644,34.1789],[100.9948,33.8917],[101.1537,33.8445],[101.1667,33.6599],[101.5843,33.6743],[101.6224,33.5023],[101.8842,33.5782],[101.9464,33.4429],[101.8774,33.3145],[101.7697,33.269],[101.8657,33.1032],[101.9353,33.1869],[102.0893,33.2049],[102.117,33.2885],[102.2008,33.2234],[102.1922,33.337],[102.2581,33.4095],[102.4626,33.4494],[102.478,33.5433],[102.3468,33.6056],[102.3425,33.7256],[102.2846,33.7192],[102.3246,33.7545],[102.2433,33.7868],[102.2532,33.8614],[102.1361,33.9652],[102.3924,33.9717],[102.4373,34.0872],[102.6492,34.0803],[102.5987,34.1477],[102.9116,34.3129],[102.9732,34.2056],[103.1001,34.1818],[103.1789,34.0798],[103.1198,34.0347],[103.1654,33.8057],[103.3545,33.7435],[103.5183,33.8072],[103.5202,33.6783],[103.5935,33.7162],[103.7782,33.6589],[104.0462,33.6863],[104.1767,33.5996],[104.2205,33.4045],[104.2925,33.3365],[104.42,33.327],[104.3036,33.3045],[104.3782,33.1092],[104.3375,33.038],[104.4262,33.0109],[104.2882,32.9426],[104.2944,32.8356],[104.643,32.6619],[104.8457,32.6539],[104.882,32.601],[105.0267,32.6503],[105.1111,32.5939],[105.2978,32.6569],[105.4487,32.7329],[105.3809,32.8763],[105.4142,32.922],[105.6384,32.8793],[105.9174,32.9938],[105.8971,33.1468],[105.9685,33.1543],[105.9654,33.2044],[105.7991,33.2585],[105.7098,33.383],[105.8275,33.38],[105.8422,33.4899],[105.9716,33.6131],[106.0868,33.617],[106.1872,33.5467],[106.4471,33.6131],[106.457,33.5328],[106.5401,33.5128],[106.5808,33.5762],[106.4828,33.7072],[106.4754,33.8758],[106.4108,33.9091],[106.5019,34.1051],[106.5851,34.1496],[106.558,34.2298],[106.4964,34.2382],[106.5266,34.2922],[106.6528,34.2437],[106.7175,34.3693],[106.5142,34.5119],[106.3344,34.5178],[106.3141,34.5789],[106.4711,34.6341],[106.457,34.704],[106.5752,34.7699],[106.4847,34.984],[106.542,35.0839],[106.9017,35.0947],[107.2527,34.8809],[107.2866,34.932],[107.5238,34.9099],[107.5644,34.9688],[107.6389,34.9354],[107.8422,34.9791],[107.6525,35.2449],[107.7455,35.3118],[107.95,35.2454],[108.1748,35.305],[108.2395,35.2561],[108.5832,35.2947],[108.6257,35.5371],[108.5394,35.6058],[108.4994,35.8724],[108.6522,35.9481],[108.7125,36.1387],[108.6189,36.4339],[108.5105,36.4744],[108.4606,36.4229],[108.3405,36.559],[108.2105,36.5773],[108.2229,36.6311],[108.1637,36.5638],[108.0609,36.5922],[108.0067,36.6834],[107.9389,36.6556],[107.9075,36.7501],[107.5404,36.8287],[107.4782,36.9082],[107.31,36.9125],[107.2688,37.0994],[107.1819,37.1433],[106.9984,37.1065],[106.906,37.1514],[106.8912,37.0984],[106.776,37.1581],[106.7501,37.0989],[106.6171,37.1352],[106.643,36.9627],[106.5401,36.9842],[106.6578,36.8206],[106.6448,36.7228],[106.5142,36.7156],[106.4446,36.5571],[106.3713,36.5494],[106.5235,36.4686],[106.4705,36.3062],[106.5044,36.2662],[106.8333,36.229],[106.9577,36.0913],[106.9023,35.9437],[106.9405,35.9311],[106.8499,35.8875],[106.9275,35.8103],[106.8974,35.7599],[106.7508,35.6894],[106.5062,35.7375]]],[[[106.0474,35.4982],[106.0486,35.4889],[106.072,35.4636],[106.0474,35.4982]]],[[[102.8315,36.3655],[102.8297,36.3655],[102.8365,36.3448],[102.8315,36.3655]]],[[[106.0732,35.4475],[106.0677,35.4363],[106.0732,35.4206],[106.0732,35.4475]]],[[[106.5044,35.7361],[106.5062,35.7375],[106.4927,35.7327],[106.5044,35.7361]]]]}},{"type":"Feature","properties":{"name":"青海省","adcode":630000,"center":[101.778916,36.623178]},"bbox":[89.4047,31.5987,103.0668,39.1981],"geometry":{"type":"MultiPolygon","coordinates":[[[[102.8297,36.3655],[102.7619,36.5686],[102.6012,36.7103],[102.7201,36.7679],[102.4503,36.9685],[102.5063,37.0191],[102.4885,37.0784],[102.6424,37.0998],[102.5999,37.1747],[102.1035,37.4826],[102.1312,37.5463],[101.9988,37.7249],[101.8159,37.6544],[101.6594,37.7334],[101.5984,37.8276],[101.4592,37.8663],[101.3625,37.7912],[101.203,37.8474],[101.1032,37.9466],[100.895,38.0131],[100.9135,38.1789],[100.8605,38.1483],[100.7152,38.2537],[100.4325,38.2753],[100.3019,38.3884],[100.2594,38.3664],[100.2403,38.4419],[100.0259,38.5079],[100.0222,38.432],[100.1639,38.3283],[100.183,38.2222],[100.1263,38.2316],[99.6595,38.4494],[99.0688,38.897],[99.1076,38.9519],[98.8168,39.0858],[98.7435,39.0867],[98.5846,38.93],[98.281,39.0273],[98.2422,38.8807],[98.0919,38.7865],[97.3472,39.1675],[96.9623,39.1981],[97.0121,39.142],[96.9407,38.9077],[97.0559,38.5945],[96.961,38.558],[96.7941,38.6081],[96.7805,38.5042],[96.6666,38.4836],[96.7079,38.4592],[96.6266,38.356],[96.6654,38.2302],[96.3783,38.2771],[96.2644,38.146],[96.0661,38.1732],[95.7039,38.4001],[95.4557,38.2917],[95.2592,38.303],[95.1224,38.417],[94.974,38.4301],[94.5613,38.3518],[94.3704,38.7627],[93.885,38.7207],[93.7563,38.8075],[93.8844,38.8261],[93.8844,38.8676],[93.7292,38.9244],[93.1792,38.924],[93.1982,39.0459],[93.1151,39.1796],[92.4899,39.0998],[92.3803,38.9998],[91.2987,38.7464],[90.6193,38.6646],[90.6088,38.5945],[90.4635,38.5566],[90.4271,38.4939],[90.1309,38.4943],[90.1118,38.4189],[90.1795,38.3968],[90.1376,38.3405],[90.2805,38.2381],[90.5312,38.3199],[90.5195,37.7306],[90.7776,37.6487],[90.9581,37.4779],[91.0733,37.476],[91.1909,37.2057],[91.2802,37.1638],[91.3036,37.0124],[91.181,37.0253],[91.0369,36.9297],[90.854,36.9154],[90.732,36.8258],[90.7548,36.7213],[90.7062,36.659],[90.7413,36.5859],[91.0357,36.5297],[91.0264,36.3236],[91.125,36.1155],[90.979,36.1068],[90.8503,36.0168],[90.6593,36.1349],[90.2368,36.1605],[90.0034,36.2788],[89.9412,36.0676],[89.6886,36.0913],[89.4047,36.0168],[89.4281,35.9175],[89.5507,35.8569],[89.802,35.8482],[89.7262,35.6481],[89.7656,35.5999],[89.6997,35.5449],[89.765,35.4826],[89.4971,35.3611],[89.5316,35.2762],[89.4503,35.2239],[89.5932,35.1045],[89.579,34.8952],[89.7878,34.9217],[89.8679,34.8107],[89.7324,34.732],[89.7256,34.6607],[89.7989,34.6287],[89.7995,34.3964],[89.8666,34.3248],[89.8167,34.1694],[89.635,34.0495],[89.7952,33.8654],[89.9424,33.8012],[89.9024,33.7585],[90.0083,33.6878],[90.0108,33.5537],[90.2467,33.424],[90.3631,33.2795],[90.902,33.0831],[90.9279,33.1202],[91.1478,33.0721],[91.2266,33.1418],[91.436,33.0661],[91.5358,33.1002],[91.8395,32.9482],[91.9559,32.8205],[92.2054,32.8663],[92.1986,32.7546],[92.2552,32.7209],[92.3556,32.7647],[92.6347,32.7209],[92.6864,32.7652],[92.8669,32.6982],[93.0196,32.7375],[93.0695,32.6262],[93.2395,32.6624],[93.3855,32.5253],[93.4631,32.5561],[93.5167,32.4758],[93.7218,32.5783],[93.8203,32.5495],[93.8616,32.4662],[94.1376,32.4339],[94.1967,32.5162],[94.3716,32.5248],[94.395,32.5944],[94.4634,32.5722],[94.6143,32.6735],[94.9124,32.4157],[95.2185,32.397],[95.2616,32.348],[95.0793,32.2797],[95.2413,32.3207],[95.3152,32.1486],[95.4403,32.1577],[95.4544,32.0076],[95.3608,31.9594],[95.5117,31.7505],[95.6343,31.7825],[95.7796,31.7489],[95.824,31.6822],[95.8991,31.8171],[95.9835,31.8166],[96.2077,31.5987],[96.2521,31.6975],[96.1782,31.7754],[96.1886,31.904],[96.3894,31.9198],[96.4689,31.7698],[96.7787,31.6756],[96.8403,31.7204],[96.7658,31.8191],[96.8107,31.8944],[96.7227,32.0132],[96.8686,31.965],[97.0066,32.068],[97.1698,32.033],[97.2339,32.0639],[97.2197,32.1091],[97.3084,32.0766],[97.2641,32.1825],[97.2998,32.2949],[97.3712,32.2731],[97.4248,32.3227],[97.3411,32.441],[97.3885,32.5016],[97.3324,32.5424],[97.4488,32.5868],[97.5024,32.5308],[97.7309,32.5273],[97.4236,32.7047],[97.3478,32.8959],[97.3755,32.9567],[97.524,32.9888],[97.4876,33.1683],[97.7543,33.41],[97.5523,33.4659],[97.5234,33.5772],[97.4156,33.6056],[97.3719,33.842],[97.3953,33.8892],[97.6293,33.9195],[97.7026,34.0366],[97.6657,34.1269],[97.8104,34.2076],[98.2064,34.0842],[98.3999,34.0852],[98.4405,33.9816],[98.4072,33.8674],[98.6567,33.6474],[98.6173,33.6375],[98.6481,33.5487],[98.7257,33.5033],[98.7799,33.3705],[98.7596,33.277],[98.8587,33.1508],[99.1963,33.0355],[99.2689,32.8783],[99.3761,32.8999],[99.718,32.7324],[99.7919,32.8833],[99.7642,32.9245],[99.851,32.9416],[99.8775,33.0455],[100.1233,32.8371],[100.1393,32.7244],[100.0881,32.669],[100.2083,32.6065],[100.2588,32.7425],[100.3992,32.7561],[100.3783,32.6987],[100.4201,32.7319],[100.5452,32.5697],[100.6456,32.5263],[100.6616,32.6161],[100.7102,32.61],[100.6905,32.6781],[100.932,32.6004],[101.0773,32.6826],[101.1574,32.6614],[101.2375,32.825],[101.1242,32.91],[101.1845,33.0415],[101.1248,33.2214],[101.2972,33.2625],[101.3816,33.1533],[101.4032,33.2254],[101.4876,33.2269],[101.6335,33.1012],[101.7358,33.28],[101.6496,33.323],[101.6637,33.384],[101.769,33.4559],[101.7777,33.5338],[101.6224,33.5023],[101.5843,33.6743],[101.5017,33.7027],[101.3853,33.6449],[101.1667,33.6599],[101.1537,33.8445],[100.9948,33.8917],[100.7644,34.1789],[100.8217,34.3174],[100.9511,34.3836],[101.0546,34.3228],[101.1938,34.3366],[101.3274,34.2447],[101.6206,34.1789],[101.7364,34.0803],[101.8516,34.1531],[101.9551,34.1095],[102.0678,34.2936],[102.1497,34.2719],[102.1866,34.353],[102.2593,34.3559],[102.1559,34.5075],[101.9347,34.5873],[101.9169,34.8736],[102.0684,34.8878],[102.0949,34.9869],[102.4041,35.1794],[102.3702,35.2639],[102.2809,35.303],[102.2938,35.4241],[102.4478,35.4372],[102.5032,35.5853],[102.7435,35.4947],[102.8087,35.5605],[102.6862,35.772],[102.7872,35.8627],[102.9449,35.8298],[102.9683,36.0444],[102.882,36.0826],[103.0668,36.217],[102.8297,36.3655]]]]}},{"type":"Feature","properties":{"name":"宁夏回族自治区","adcode":640000,"center":[106.278179,38.46637]},"bbox":[104.287,35.2385,107.6593,39.3816],"geometry":{"type":"MultiPolygon","coordinates":[[[[107.2688,37.0994],[107.3347,37.139],[107.2577,37.3372],[107.3692,37.5875],[107.3113,37.6098],[107.6593,37.8441],[107.4117,37.948],[107.4406,37.9957],[107.1905,38.154],[106.9423,38.1323],[106.4822,38.3194],[106.6479,38.4709],[106.7095,38.7188],[106.954,38.9412],[106.9676,39.0547],[106.8592,39.1076],[106.7514,39.3816],[106.6023,39.3755],[106.5118,39.2723],[106.2802,39.2621],[106.2851,39.1462],[106.1459,39.1531],[106.0609,38.9687],[105.971,38.9091],[105.9925,38.8574],[105.8527,38.6417],[105.8213,38.3668],[105.8663,38.2964],[105.7677,38.1215],[105.8404,38.0041],[105.7609,37.7997],[105.6224,37.7779],[105.599,37.6994],[105.315,37.7022],[105.028,37.5809],[104.4336,37.5154],[104.287,37.428],[104.68,37.408],[104.7138,37.3296],[104.6245,37.2986],[104.6381,37.2019],[104.7767,37.2467],[104.8561,37.2119],[104.9547,37.0402],[105.1653,36.9948],[105.1789,36.8924],[105.2448,36.8948],[105.3347,36.8009],[105.3199,36.7429],[105.2011,36.7007],[105.2522,36.5533],[105.3624,36.4965],[105.5152,36.1474],[105.344,36.0338],[105.3809,35.7929],[105.429,35.8191],[105.4819,35.7273],[105.7591,35.7249],[105.6907,35.6986],[105.8472,35.4904],[105.9001,35.5474],[106.0788,35.5098],[106.1133,35.3616],[106.173,35.4377],[106.2377,35.4094],[106.3633,35.2385],[106.5013,35.3641],[106.4348,35.6884],[106.6208,35.7438],[106.7508,35.6894],[106.9275,35.8103],[106.8499,35.8875],[106.9405,35.9311],[106.9023,35.9437],[106.9479,35.9883],[106.9306,36.1387],[106.6855,36.2734],[106.5044,36.2662],[106.4705,36.3062],[106.5235,36.4686],[106.3639,36.5773],[106.4446,36.5571],[106.5142,36.7156],[106.6448,36.7228],[106.6578,36.8206],[106.5401,36.9842],[106.643,36.9627],[106.667,37.0167],[106.6054,37.1275],[106.7501,37.0989],[106.776,37.1581],[106.8912,37.0984],[106.906,37.1514],[106.9984,37.1065],[107.1819,37.1433],[107.2688,37.0994]]],[[[106.0486,35.4889],[105.8946,35.4138],[106.0344,35.4694],[106.0486,35.4889]]],[[[106.0738,35.4548],[106.0695,35.4582],[106.0714,35.4494],[106.0738,35.4548]]]]}},{"type":"Feature","properties":{"name":"新疆维吾尔自治区","adcode":650000,"center":[87.617733,43.792818]},"bbox":[73.5024,34.3347,96.3863,49.1739],"geometry":{"type":"MultiPolygon","coordinates":[[[[96.3863,42.7276],[96.3636,42.9006],[95.88,43.2803],[95.8579,43.4174],[95.5271,44.0075],[95.3269,44.0286],[95.4138,44.2986],[94.9986,44.2532],[94.7227,44.3406],[94.6063,44.4483],[94.3593,44.5158],[94.2152,44.6679],[93.5093,44.9681],[92.8841,45.0468],[92.2405,45.0159],[92.0569,45.0869],[91.5617,45.0755],[91.449,45.1566],[91.3775,45.111],[91.1299,45.2161],[90.8817,45.192],[90.8977,45.2498],[90.8047,45.2948],[90.7727,45.4323],[90.671,45.4877],[90.6766,45.5825],[90.7148,45.7289],[91.0283,46.0231],[90.9002,46.3124],[91.0794,46.559],[91.0178,46.5824],[91.0542,46.7176],[90.9427,46.8258],[90.9014,46.9608],[90.7671,46.9926],[90.5614,47.2069],[90.4881,47.3174],[90.5263,47.379],[90.4684,47.4049],[90.4684,47.4976],[90.3464,47.6373],[90.3846,47.6442],[90.1352,47.7231],[90.0662,47.8835],[89.7619,47.8358],[89.5691,48.0378],[89.0782,47.987],[88.939,48.1154],[88.6384,48.1837],[88.575,48.2778],[88.6058,48.3379],[88.5233,48.4035],[87.9732,48.576],[88.0909,48.7199],[87.8266,48.8008],[87.7423,48.8811],[87.9116,48.9798],[87.8353,49.0544],[87.8673,49.1089],[87.8211,49.1739],[87.5174,49.1457],[87.4368,49.0752],[87.1128,49.1555],[86.8879,49.132],[86.7321,48.9948],[86.8214,48.8504],[86.7543,48.7846],[86.7808,48.7314],[86.58,48.5388],[86.2258,48.4325],[85.7916,48.419],[85.5871,48.1917],[85.5316,48.0462],[85.6148,47.498],[85.685,47.4288],[85.701,47.2886],[85.5458,47.0579],[85.2767,47.0689],[84.9551,46.861],[84.7482,47.0098],[83.9327,46.9702],[83.576,47.0591],[83.3703,47.1784],[83.0272,47.2154],[82.8782,46.7971],[82.4618,45.9798],[82.3429,45.9353],[82.3405,45.7727],[82.2666,45.6202],[82.282,45.5389],[82.5468,45.426],[82.601,45.3462],[82.5628,45.2047],[81.921,45.2333],[81.788,45.3836],[80.8979,45.1275],[80.7316,45.1562],[80.4939,45.127],[80.3584,45.0408],[80.112,45.0527],[79.8878,44.9092],[79.9691,44.8778],[79.9993,44.7938],[80.1699,44.8447],[80.2007,44.7568],[80.4003,44.6288],[80.3504,44.4846],[80.4132,44.2647],[80.3941,44.127],[80.5222,43.8165],[80.755,43.4943],[80.6861,43.3339],[80.7772,43.3082],[80.8043,43.1783],[80.7945,43.1373],[80.593,43.1333],[80.3787,43.0315],[80.6029,42.8944],[80.2623,42.8286],[80.1637,42.6299],[80.2654,42.5021],[80.2062,42.4315],[80.2925,42.2598],[80.1687,42.2005],[80.1397,42.1512],[80.1933,42.0815],[80.1422,42.0349],[79.9235,42.0424],[79.7763,41.8925],[79.3261,41.8096],[78.6966,41.5418],[78.6504,41.4674],[78.1638,41.3835],[78.1293,41.2284],[77.8361,41.1532],[77.7807,41.0228],[77.169,41.0093],[77.0021,41.0734],[76.8857,41.0273],[76.7619,40.9542],[76.7317,40.8189],[76.6467,40.76],[76.6572,40.6202],[76.5396,40.4642],[76.3332,40.3435],[76.2796,40.4392],[76.1761,40.3813],[75.9864,40.3818],[75.9218,40.2914],[75.8312,40.3275],[75.7093,40.2809],[75.6698,40.364],[75.7333,40.4742],[75.6464,40.5166],[75.5996,40.6597],[75.2424,40.4487],[74.9954,40.4551],[74.8445,40.5211],[74.7952,40.4433],[74.9085,40.3389],[74.7004,40.3462],[74.6733,40.2787],[74.3567,40.0894],[74.263,40.1251],[74.0234,40.0853],[73.8454,39.8311],[73.8417,39.7562],[73.9243,39.7221],[73.9538,39.6],[73.8682,39.4828],[73.6108,39.4657],[73.5024,39.3839],[73.7432,39.0296],[73.8399,39.0082],[73.8263,38.917],[73.7426,38.9338],[73.6995,38.8578],[73.7992,38.6109],[74.0117,38.5248],[74.0906,38.5421],[74.0684,38.5856],[74.1479,38.6768],[74.422,38.6478],[74.863,38.484],[74.8685,38.4039],[74.7897,38.3246],[74.8045,38.1671],[74.9258,38.0174],[74.9172,37.8451],[75.0065,37.7708],[74.8919,37.6681],[74.9406,37.5591],[75.1297,37.4594],[75.1401,37.3553],[74.911,37.2334],[74.8162,37.2167],[74.7275,37.2829],[74.5113,37.24],[74.4651,37.1471],[74.4989,37.0722],[74.5679,37.0325],[74.709,37.0846],[74.7392,37.0282],[74.847,37.0569],[74.8938,36.9398],[75.0323,37.0167],[75.4136,36.9546],[75.4586,36.7209],[75.6341,36.7717],[75.8713,36.6666],[76.0351,36.4094],[75.9914,36.352],[76.061,36.2252],[75.9365,36.1349],[75.9495,36.0701],[76.0973,36.0226],[76.1601,35.8244],[76.3659,35.8244],[76.558,35.9233],[76.5938,35.772],[76.6929,35.7477],[76.7693,35.6539],[76.8488,35.668],[77.1955,35.5191],[77.3076,35.5405],[77.3969,35.4679],[77.6907,35.4484],[77.8164,35.5186],[77.9149,35.465],[78.1404,35.4947],[78.0135,35.366],[78.0172,35.2283],[78.2377,34.8824],[78.2131,34.7178],[78.436,34.5439],[78.5426,34.5745],[78.5814,34.5055],[78.7083,34.5222],[78.8998,34.3549],[78.959,34.386],[79.0396,34.3347],[79.0107,34.3999],[79.1616,34.4413],[79.8016,34.4788],[79.8613,34.5282],[79.9266,34.8495],[80.0344,34.902],[80.0313,35.0344],[80.258,35.2033],[80.3627,35.2087],[80.2678,35.2957],[80.4329,35.4494],[80.5148,35.3919],[80.6565,35.3938],[80.6891,35.3392],[80.9638,35.3108],[81.0261,35.3113],[81.0316,35.3806],[81.0994,35.4075],[81.2195,35.3191],[81.3636,35.3548],[81.5133,35.2351],[81.6863,35.2356],[82.03,35.3216],[82.0343,35.4519],[82.3281,35.5595],[82.3362,35.6515],[82.4686,35.7176],[82.7316,35.6379],[82.795,35.6884],[82.9675,35.6675],[82.9989,35.4845],[83.127,35.3987],[83.6222,35.3353],[84.006,35.4226],[84.1606,35.3597],[84.4531,35.4733],[84.4488,35.5503],[85.0531,35.7521],[85.2711,35.789],[85.374,35.7001],[85.613,35.6515],[85.6912,35.7511],[85.9493,35.7788],[86.0533,35.8429],[86.1999,36.0478],[86.1876,36.131],[86.7463,36.2918],[87.1491,36.2976],[87.3635,36.4205],[87.5704,36.3424],[88.4709,36.4821],[88.5732,36.4614],[88.7666,36.2923],[88.9261,36.3646],[89.1269,36.2546],[89.2322,36.2956],[89.2926,36.2315],[89.7668,36.0739],[89.9412,36.0676],[90.0034,36.2788],[90.0434,36.2768],[90.2368,36.1605],[90.6593,36.1349],[90.8503,36.0168],[90.979,36.1068],[91.125,36.1155],[91.0264,36.3236],[91.0357,36.5297],[90.7413,36.5859],[90.732,36.8258],[91.181,37.0253],[91.3036,37.0124],[91.2802,37.1638],[91.1909,37.2057],[91.0733,37.476],[90.9581,37.4779],[90.7776,37.6487],[90.5195,37.7306],[90.5312,38.3199],[90.2805,38.2381],[90.1376,38.3405],[90.1795,38.3968],[90.1118,38.4189],[90.1118,38.4779],[90.4271,38.4939],[90.66,38.6744],[91.2987,38.7464],[92.416,39.0105],[92.339,39.2366],[92.6396,39.5142],[92.7967,40.1539],[92.9069,40.3106],[92.9285,40.5725],[93.7606,40.6647],[93.8099,40.8795],[94.0107,41.1149],[94.5342,41.506],[94.7504,41.5382],[94.8619,41.6685],[95.136,41.773],[95.2998,41.566],[95.3356,41.6443],[95.5715,41.7962],[96.055,41.9361],[96.1375,42.0198],[96.0771,42.1495],[96.1782,42.2178],[96.0408,42.3267],[96.0661,42.4147],[95.9786,42.4368],[96.1036,42.6044],[96.3863,42.7276]]]]}},{"type":"Feature","properties":{"name":"台湾省","adcode":710000,"center":[121.509062,25.044332]},"bbox":[119.4212,21.8972,124.5847,25.9416],"geometry":{"type":"MultiPolygon","coordinates":[[[[120.4437,22.4414],[120.6408,22.2416],[120.7018,21.9272],[120.873,21.8972],[120.9814,22.5282],[121.0332,22.6509],[121.2105,22.7707],[121.4304,23.1372],[121.6596,24.0071],[121.6436,24.0978],[121.8856,24.5298],[121.845,24.8365],[122.0125,25.0015],[121.9472,25.0318],[121.917,25.1381],[121.7452,25.1619],[121.6232,25.2946],[121.4446,25.2707],[121.3719,25.1597],[121.0245,25.0405],[120.8921,24.7675],[120.6889,24.6005],[120.246,23.8403],[120.1025,23.7012],[120.108,23.3412],[120.0187,23.0733],[120.1333,23.0006],[120.2743,22.5603],[120.4437,22.4414]]],[[[124.5428,25.9039],[124.5847,25.9087],[124.5668,25.9416],[124.5428,25.9039]]],[[[123.4452,25.7261],[123.5086,25.7229],[123.4791,25.7687],[123.4452,25.7261]]],[[[119.6461,23.5509],[119.691,23.5471],[119.6781,23.6003],[119.5666,23.5849],[119.5789,23.5026],[119.6461,23.5509]]],[[[123.6669,25.9141],[123.707,25.9152],[123.6897,25.9399],[123.6669,25.9141]]],[[[119.5062,23.6255],[119.4724,23.557],[119.5192,23.5597],[119.5062,23.6255]]],[[[119.4976,23.3868],[119.4952,23.35],[119.5167,23.35],[119.4976,23.3868]]],[[[119.5574,23.6666],[119.6085,23.62],[119.6153,23.6612],[119.5574,23.6666]]],[[[122.0667,25.6247],[122.087,25.6107],[122.0926,25.6393],[122.0667,25.6247]]],[[[121.468,22.6769],[121.4748,22.6437],[121.5136,22.6316],[121.468,22.6769]]],[[[121.5105,22.087],[121.5943,21.9954],[121.5758,22.0842],[121.5105,22.087]]],[[[122.0975,25.5],[122.1104,25.466],[122.1221,25.4957],[122.0975,25.5]]],[[[119.4212,23.2169],[119.436,23.1861],[119.4533,23.2164],[119.4212,23.2169]]],[[[120.355,22.3274],[120.3957,22.3424],[120.3833,22.3557],[120.355,22.3274]]]]}},{"type":"Feature","properties":{"name":"香港特别行政区","adcode":810000,"center":[114.173355,22.320048]},"bbox":[113.8495,22.1779,114.4063,22.5476],"geometry":{"type":"MultiPolygon","coordinates":[[[[114.0318,22.5039],[113.9184,22.4182],[113.9203,22.3678],[114.0262,22.3479],[113.8981,22.3086],[113.8495,22.1912],[113.9967,22.2061],[114.07,22.3269],[114.2658,22.2006],[114.2621,22.2948],[114.3133,22.2643],[114.2831,22.3867],[114.3946,22.3618],[114.4063,22.4337],[114.3256,22.479],[114.2203,22.4276],[114.341,22.5034],[114.2603,22.5476],[114.0318,22.5039]]],[[[114.1426,22.2139],[114.1236,22.2388],[114.155,22.1779],[114.1426,22.2139]]],[[[114.3059,22.3723],[114.3139,22.3407],[114.333,22.3535],[114.3059,22.3723]]],[[[114.32,22.3811],[114.3237,22.385],[114.3225,22.3856],[114.32,22.3811]]],[[[114.3059,22.3695],[114.3059,22.3723],[114.3053,22.3728],[114.3059,22.3695]]],[[[114.3157,22.2992],[114.317,22.2986],[114.3163,22.3003],[114.3157,22.2992]]],[[[114.3194,22.3822],[114.32,22.3811],[114.32,22.3817],[114.3194,22.3822]]],[[[114.3724,22.323],[114.373,22.3236],[114.3724,22.3236],[114.3724,22.323]]],[[[114.3237,22.2975],[114.3243,22.2975],[114.3237,22.2981],[114.3237,22.2975]]]]}},{"type":"Feature","properties":{"name":"澳门特别行政区","adcode":820000,"center":[113.54909,22.198951]},"bbox":[113.5544,22.1075,113.6037,22.2122],"geometry":{"type":"MultiPolygon","coordinates":[[[[113.5544,22.1075],[113.6037,22.1324],[113.5587,22.2122],[113.5544,22.1075]]],[[[113.5865,22.2012],[113.576,22.2012],[113.576,22.1945],[113.5865,22.2012]]]]}}],"cities":[{"type":"Feature","properties":{"name":"北京","adcode":110000,"center":[116.405285,39.904989]},"bbox":[115.4263,39.4426,117.5149,41.0594],"geometry":{"type":"MultiPolygon","coordinates":[[[[117.3486,40.5811],[117.4299,40.5761],[117.5149,40.6602],[116.9649,40.7096],[116.7136,40.9099],[116.6477,41.0594],[116.5984,40.9745],[116.4555,40.9808],[116.4771,40.8999],[116.3397,40.9293],[116.466,40.7745],[116.2473,40.7917],[116.1629,40.6625],[115.7552,40.5402],[115.7718,40.4437],[115.9689,40.264],[115.8476,40.147],[115.7737,40.1763],[115.4546,40.0298],[115.4263,39.9505],[115.5673,39.8164],[115.4435,39.7856],[115.4786,39.6507],[115.518,39.5973],[115.6677,39.6152],[115.8063,39.51],[115.9104,39.6005],[115.9572,39.5608],[116.1987,39.5894],[116.2578,39.5003],[116.4346,39.4426],[116.4019,39.528],[116.4438,39.51],[116.5245,39.5963],[116.7906,39.5959],[116.9495,39.7787],[116.9181,39.8463],[116.7844,39.8913],[116.7813,40.0349],[117.0252,40.0303],[117.3492,40.1365],[117.3899,40.228],[117.226,40.369],[117.2636,40.4424],[117.2088,40.5016],[117.3486,40.5811]]]]}},{"type":"Feature","properties":{"name":"天津","adcode":120000,"center":[117.190182,39.125596]},"bbox":[116.708,38.5561,118.0649,40.249],"geometry":{"type":"MultiPolygon","coordinates":[[[[117.7656,39.4005],[117.8715,39.4116],[117.9338,39.5742],[117.7668,39.5986],[117.7157,39.5299],[117.6541,39.5751],[117.6689,39.6668],[117.5777,39.7267],[117.5081,39.9019],[117.5463,39.9991],[117.7816,39.9666],[117.7761,40.0596],[117.6751,40.082],[117.5488,40.2325],[117.4157,40.249],[117.3492,40.1365],[117.1922,40.0665],[117.1626,39.8766],[117.2519,39.8343],[117.1564,39.8173],[117.2057,39.764],[117.162,39.7488],[117.178,39.6452],[116.9643,39.6433],[116.9322,39.7065],[116.8121,39.6157],[116.785,39.4657],[116.8762,39.4347],[116.8183,39.3737],[116.8897,39.3381],[116.8559,39.2158],[116.9125,39.1109],[116.7542,39.0347],[116.708,38.9319],[116.7462,38.7543],[116.8589,38.7412],[116.8774,38.6805],[117.0684,38.6805],[117.1096,38.5847],[117.2131,38.6399],[117.2531,38.5561],[117.7293,38.6801],[117.741,38.7538],[117.6461,38.8289],[117.8475,38.8555],[117.898,38.9486],[117.8377,39.057],[117.8715,39.1225],[118.0649,39.2311],[117.8506,39.364],[117.6695,39.3228],[117.5211,39.357],[117.6011,39.4195],[117.7656,39.4005]]],[[[117.805,39.3732],[117.8469,39.4079],[117.7656,39.4005],[117.805,39.3732]]]]}},{"type":"Feature","properties":{"name":"上海","adcode":310000,"center":[121.472644,31.231706]},"bbox":[120.881,30.6772,122.1228,31.8685],"geometry":{"type":"MultiPolygon","coordinates":[[[[120.9013,31.0173],[120.9894,31.0143],[120.9919,30.8371],[121.0978,30.8572],[121.1231,30.7791],[121.2167,30.7857],[121.2746,30.6772],[121.6811,30.8186],[121.9435,30.777],[121.994,30.8628],[121.9774,31.0163],[121.7224,31.3036],[121.3436,31.512],[121.242,31.4931],[121.1138,31.3746],[121.1428,31.2755],[121.0603,31.2453],[121.0769,31.1583],[120.881,31.1347],[120.9013,31.0173]]],[[[121.9749,31.617],[121.5998,31.7031],[121.3233,31.8685],[121.1188,31.7591],[121.3719,31.5533],[121.4341,31.5905],[121.8191,31.438],[121.9817,31.464],[121.9749,31.617]]],[[[121.7957,31.3302],[121.7421,31.4073],[121.5099,31.4824],[121.7957,31.3302]]],[[[121.8019,31.3568],[121.8407,31.2954],[122.0975,31.2555],[122.1228,31.3072],[121.8019,31.3568]]],[[[121.6269,31.4451],[121.6319,31.4569],[121.5795,31.4798],[121.6269,31.4451]]],[[[121.9435,31.2156],[121.9959,31.1608],[122.0088,31.2212],[121.9435,31.2156]]],[[[121.8825,31.2407],[121.909,31.1951],[121.9238,31.234],[121.8825,31.2407]]]]}},{"type":"Feature","properties":{"name":"重庆","adcode":500000,"center":[106.504962,29.533155]},"bbox":[105.3051,28.1845,110.2,32.2013],"geometry":{"type":"MultiPolygon","coordinates":[[[[106.3744,28.5257],[106.4034,28.5699],[106.505,28.5447],[106.4668,28.5862],[106.5284,28.6776],[106.4619,28.761],[106.4742,28.8329],[106.6516,28.6492],[106.5647,28.4852],[106.7083,28.4505],[106.7569,28.6072],[106.8666,28.6245],[106.8893,28.696],[106.8241,28.7563],[106.9232,28.8098],[106.9885,28.7763],[107.0162,28.8827],[107.2066,28.8685],[107.2466,28.7621],[107.3839,28.8486],[107.4412,28.944],[107.3642,29.0094],[107.4277,29.1287],[107.4018,29.1846],[107.5706,29.218],[107.5891,29.1501],[107.7005,29.1412],[107.7492,29.1998],[107.8108,29.1391],[107.8102,28.9843],[107.8675,28.9602],[108.0707,29.0863],[108.2561,29.0403],[108.3066,29.079],[108.3861,28.803],[108.3325,28.6792],[108.6361,28.6214],[108.5739,28.531],[108.5801,28.3431],[108.6676,28.3342],[108.6971,28.4011],[108.6405,28.4568],[108.7094,28.501],[108.7803,28.4258],[108.7384,28.2282],[109.0864,28.1845],[109.1535,28.4174],[109.3198,28.5799],[109.193,28.6361],[109.2946,28.7222],[109.2355,28.8822],[109.3198,29.0424],[109.1394,29.1689],[109.1123,29.3611],[109.0605,29.4033],[108.9195,29.3261],[108.9275,29.4356],[108.8665,29.4705],[108.901,29.6049],[108.8443,29.6584],[108.7815,29.6356],[108.7864,29.6917],[108.7526,29.6491],[108.691,29.6896],[108.6589,29.8548],[108.601,29.8637],[108.5043,29.7078],[108.3713,29.8413],[108.516,29.8855],[108.5819,30.2558],[108.4021,30.3766],[108.4267,30.4922],[108.5678,30.4685],[108.6885,30.5876],[108.7439,30.4948],[108.8086,30.4912],[109.0427,30.6556],[109.1117,30.6463],[109.1437,30.5211],[109.2995,30.6303],[109.355,30.4871],[109.4356,30.5958],[109.8945,30.8998],[110.0085,30.8834],[110.0824,30.7996],[110.1729,30.9789],[110.1199,31.0886],[110.2,31.1588],[110.1187,31.4099],[109.945,31.4707],[109.9697,31.5089],[109.7276,31.5482],[109.7645,31.6028],[109.7313,31.7006],[109.2817,31.7169],[109.2761,31.7993],[109.0858,31.9294],[108.5099,32.2013],[108.399,32.1942],[108.3793,32.1537],[108.4526,32.0903],[108.3442,32.0675],[108.3516,31.9716],[108.2592,31.967],[108.5351,31.7576],[108.5468,31.6654],[108.4427,31.6339],[108.3442,31.5125],[108.1914,31.4921],[108.1859,31.3368],[108.0387,31.253],[108.0898,31.2049],[108.0091,31.1096],[108.0602,31.0522],[107.9426,30.9891],[107.995,30.9085],[107.8514,30.7929],[107.764,30.8171],[107.74,30.8844],[107.6451,30.8212],[107.4831,30.8387],[107.4246,30.7405],[107.517,30.6448],[107.0556,30.0405],[106.9817,30.085],[106.9134,30.0255],[106.7323,30.027],[106.6424,30.2465],[106.5604,30.3152],[106.4397,30.3085],[106.4286,30.2547],[106.2328,30.1859],[106.1324,30.324],[105.7924,30.4272],[105.7203,30.2527],[105.6248,30.2759],[105.6624,30.2103],[105.5361,30.1528],[105.5965,30.159],[105.5743,30.1306],[105.7536,30.0182],[105.7024,29.9249],[105.7388,29.8912],[105.5829,29.819],[105.5294,29.7078],[105.4197,29.6881],[105.3051,29.532],[105.3341,29.4413],[105.4419,29.4007],[105.4203,29.3115],[105.6476,29.253],[105.695,29.2875],[105.7973,28.9361],[105.91,28.9204],[106.0012,28.9738],[106.0492,28.9063],[106.2069,28.9047],[106.3744,28.5257]]],[[[109.1055,30.5855],[109.0926,30.5788],[109.1012,30.5793],[109.1055,30.5855]]],[[[105.5829,30.1239],[105.5829,30.1275],[105.5805,30.1295],[105.5829,30.1239]]],[[[109.0987,30.5793],[109.0926,30.5788],[109.1036,30.5659],[109.0987,30.5793]]],[[[107.0581,30.0431],[107.0538,30.0436],[107.0544,30.041],[107.0581,30.0431]]]]}},{"type":"Feature","properties":{"name":"台湾省","adcode":710000,"center":[121.509062,25.044332]},"bbox":[119.4212,21.8972,124.5847,25.9416],"geometry":{"type":"MultiPolygon","coordinates":[[[[120.4437,22.4414],[120.6408,22.2416],[120.7018,21.9272],[120.873,21.8972],[120.9814,22.5282],[121.0332,22.6509],[121.2105,22.7707],[121.4304,23.1372],[121.6596,24.0071],[121.6436,24.0978],[121.8856,24.5298],[121.845,24.8365],[122.0125,25.0015],[121.9472,25.0318],[121.917,25.1381],[121.7452,25.1619],[121.6232,25.2946],[121.4446,25.2707],[121.3719,25.1597],[121.0245,25.0405],[120.8921,24.7675],[120.6889,24.6005],[120.246,23.8403],[120.1025,23.7012],[120.108,23.3412],[120.0187,23.0733],[120.1333,23.0006],[120.2743,22.5603],[120.4437,22.4414]]],[[[124.5428,25.9039],[124.5847,25.9087],[124.5668,25.9416],[124.5428,25.9039]]],[[[123.4452,25.7261],[123.5086,25.7229],[123.4791,25.7687],[123.4452,25.7261]]],[[[119.6461,23.5509],[119.691,23.5471],[119.6781,23.6003],[119.5666,23.5849],[119.5789,23.5026],[119.6461,23.5509]]],[[[123.6669,25.9141],[123.707,25.9152],[123.6897,25.9399],[123.6669,25.9141]]],[[[119.5062,23.6255],[119.4724,23.557],[119.5192,23.5597],[119.5062,23.6255]]],[[[119.4976,23.3868],[119.4952,23.35],[119.5167,23.35],[119.4976,23.3868]]],[[[119.5574,23.6666],[119.6085,23.62],[119.6153,23.6612],[119.5574,23.6666]]],[[[122.0667,25.6247],[122.087,25.6107],[122.0926,25.6393],[122.0667,25.6247]]],[[[121.468,22.6769],[121.4748,22.6437],[121.5136,22.6316],[121.468,22.6769]]],[[[121.5105,22.087],[121.5943,21.9954],[121.5758,22.0842],[121.5105,22.087]]],[[[122.0975,25.5],[122.1104,25.466],[122.1221,25.4957],[122.0975,25.5]]],[[[119.4212,23.2169],[119.436,23.1861],[119.4533,23.2164],[119.4212,23.2169]]],[[[120.355,22.3274],[120.3957,22.3424],[120.3833,22.3557],[120.355,22.3274]]]]}},{"type":"Feature","properties":{"name":"香港特别行政区","adcode":810000,"center":[114.173355,22.320048]},"bbox":[113.8495,22.1779,114.4063,22.5476],"geometry":{"type":"MultiPolygon","coordinates":[[[[114.0318,22.5039],[113.9184,22.4182],[113.9203,22.3678],[114.0262,22.3479],[113.8981,22.3086],[113.8495,22.1912],[113.9967,22.2061],[114.07,22.3269],[114.2658,22.2006],[114.2621,22.2948],[114.3133,22.2643],[114.2831,22.3867],[114.3946,22.3618],[114.4063,22.4337],[114.3256,22.479],[114.2203,22.4276],[114.341,22.5034],[114.2603,22.5476],[114.0318,22.5039]]],[[[114.1426,22.2139],[114.1236,22.2388],[114.155,22.1779],[114.1426,22.2139]]],[[[114.3059,22.3723],[114.3139,22.3407],[114.333,22.3535],[114.3059,22.3723]]],[[[114.32,22.3811],[114.3237,22.385],[114.3225,22.3856],[114.32,22.3811]]],[[[114.3059,22.3695],[114.3059,22.3723],[114.3053,22.3728],[114.3059,22.3695]]],[[[114.3157,22.2992],[114.317,22.2986],[114.3163,22.3003],[114.3157,22.2992]]],[[[114.3194,22.3822],[114.32,22.3811],[114.32,22.3817],[114.3194,22.3822]]],[[[114.3724,22.323],[114.373,22.3236],[114.3724,22.3236],[114.3724,22.323]]],[[[114.3237,22.2975],[114.3243,22.2975],[114.3237,22.2981],[114.3237,22.2975]]]]}},{"type":"Feature","properties":{"name":"澳门特别行政区","adcode":820000,"center":[113.54909,22.198951]},"bbox":[113.5544,22.1075,113.6037,22.2122],"geometry":{"type":"MultiPolygon","coordinates":[[[[113.5544,22.1075],[113.6037,22.1324],[113.5587,22.2122],[113.5544,22.1075]]],[[[113.5865,22.2012],[113.576,22.2012],[113.576,22.1945],[113.5865,22.2012]]]]}},{"type":"Feature","properties":{"name":"石家庄","adcode":130100,"center":[114.502461,38.045474]},"bbox":[113.5255,37.4355,115.483,38.7584],"geometry":{"type":"MultiPolygon","coordinates":[[[[113.8395,38.7584],[113.6129,38.646],[113.5255,38.383],[113.5703,38.2374],[113.8288,38.169],[113.8724,37.9904],[114.0439,37.7775],[113.9938,37.7069],[114.1283,37.6982],[114.0227,37.4355],[114.1661,37.5282],[114.2729,37.4944],[114.4835,37.5768],[114.6802,37.5653],[114.904,37.7293],[115.07,37.7457],[115.0975,37.8078],[115.2432,37.7226],[115.2584,37.6396],[115.3943,37.7121],[115.3445,37.7481],[115.3655,37.9063],[115.4486,37.9366],[115.483,38.084],[115.3832,38.0886],[115.3247,38.2482],[115.2522,38.2909],[115.2102,38.2365],[115.0738,38.2931],[114.8862,38.2653],[114.9234,38.3882],[114.8107,38.4924],[114.6737,38.4735],[114.4527,38.6994],[114.0861,38.6584],[113.8395,38.7584]]]]}},{"type":"Feature","properties":{"name":"唐山","adcode":130200,"center":[118.175393,39.635113]},"bbox":[117.515,38.909,119.319,40.4647],"geometry":{"type":"MultiPolygon","coordinates":[[[[119.319,39.4296],[119.0049,39.4675],[118.9833,39.5389],[118.8613,39.5748],[118.7744,39.7642],[118.9247,40.1497],[118.5714,40.2698],[118.5324,40.3194],[118.5715,40.4146],[118.2397,40.4647],[118.0316,40.3024],[117.5755,40.1928],[117.7971,40.0102],[117.7563,39.9651],[117.5378,39.9975],[117.515,39.9467],[117.5461,39.7762],[117.6684,39.6671],[117.622,39.5917],[117.716,39.5301],[117.7677,39.599],[117.934,39.5742],[117.8034,39.362],[118.0248,39.2924],[118.0648,39.2561],[118.0262,39.2018],[118.1253,39.1828],[118.225,39.0348],[118.3736,39.012],[118.491,38.909],[118.6044,38.9715],[118.5329,39.0911],[118.5927,39.1426],[118.9511,39.1785],[118.89,39.1188],[118.9263,39.1235],[119.319,39.4296]]],[[[117.7846,39.377],[117.6014,39.4195],[117.5209,39.3572],[117.6508,39.3152],[117.7846,39.377]]],[[[118.6305,39.0547],[118.64,39.0423],[118.6389,39.0761],[118.6305,39.0547]]],[[[118.8694,39.1427],[118.8202,39.1087],[118.8575,39.0988],[118.8694,39.1427]]],[[[118.8391,39.1538],[118.8152,39.1324],[118.8257,39.1227],[118.8391,39.1538]]]]}},{"type":"Feature","properties":{"name":"秦皇岛","adcode":130300,"center":[119.586579,39.942531]},"bbox":[118.5714,39.4296,119.8724,40.6144],"geometry":{"type":"MultiPolygon","coordinates":[[[[119.319,39.4296],[119.27,39.4986],[119.3735,39.7397],[119.5378,39.8102],[119.5596,39.9015],[119.8724,39.9606],[119.8542,40.0323],[119.7367,40.1048],[119.7459,40.208],[119.6252,40.2241],[119.571,40.5409],[119.3022,40.5303],[119.1585,40.6144],[118.7028,40.4914],[118.6242,40.4376],[118.6402,40.3546],[118.5714,40.2698],[118.9247,40.1497],[118.7744,39.7642],[118.8613,39.5748],[118.9833,39.5389],[119.0049,39.4675],[119.319,39.4296]]]]}},{"type":"Feature","properties":{"name":"邯郸","adcode":130400,"center":[114.490686,36.612273]},"bbox":[113.4654,36.0482,115.4836,37.015],"geometry":{"type":"MultiPolygon","coordinates":[[[[115.4783,36.7547],[115.3357,36.7758],[115.3256,36.8697],[115.1589,36.852],[115.0967,36.9645],[114.7346,36.9429],[114.5078,36.8279],[114.1004,36.839],[113.8595,37.015],[113.7617,36.9561],[113.7869,36.8701],[113.6969,36.8823],[113.681,36.7901],[113.4654,36.7078],[113.5881,36.5627],[113.5544,36.4947],[113.7083,36.4233],[113.7324,36.3576],[113.9112,36.3148],[114.0237,36.355],[114.0605,36.2765],[114.3451,36.2558],[114.5826,36.1214],[114.9124,36.1405],[114.9202,36.0482],[115.1428,36.2097],[115.2421,36.1912],[115.3131,36.0882],[115.4836,36.149],[115.4627,36.2761],[115.3666,36.3089],[115.2728,36.4974],[115.4783,36.7547]]]]}},{"type":"Feature","properties":{"name":"邢台","adcode":130500,"center":[114.508851,37.0682]},"bbox":[113.7673,36.7632,115.8539,37.8115],"geometry":{"type":"MultiPolygon","coordinates":[[[[115.2551,37.6456],[115.2432,37.7226],[115.123,37.8115],[114.6802,37.5653],[114.4835,37.5768],[114.2729,37.4944],[114.1661,37.5282],[113.9739,37.4031],[113.8319,37.1675],[113.7673,37.1446],[113.7719,37.0168],[113.9417,36.9834],[114.1004,36.839],[114.5078,36.8279],[114.567,36.8913],[114.8924,36.9696],[115.1116,36.9584],[115.1589,36.852],[115.3256,36.8697],[115.3357,36.7758],[115.3907,36.7632],[115.6842,36.813],[115.8539,37.0592],[115.6985,37.2572],[115.3451,37.4482],[115.4553,37.5018],[115.1883,37.5631],[115.1728,37.6005],[115.2551,37.6456]]]]}},{"type":"Feature","properties":{"name":"保定","adcode":130600,"center":[115.482331,38.867657]},"bbox":[113.7768,38.2365,116.3353,39.9501],"geometry":{"type":"MultiPolygon","coordinates":[[[[115.3247,38.2482],[115.4948,38.362],[115.5164,38.3182],[115.6998,38.3499],[115.7457,38.4813],[115.9407,38.5305],[115.9441,38.7355],[116.0409,38.8123],[116.0455,38.8978],[116.3353,38.984],[116.3054,39.0981],[116.1861,39.2225],[116.1982,39.3513],[116.1168,39.3762],[116.1513,39.471],[116.2447,39.5174],[116.2212,39.579],[115.9596,39.5609],[115.9102,39.6008],[115.8203,39.5097],[115.6671,39.6156],[115.5159,39.5912],[115.4341,39.7823],[115.5692,39.8142],[115.4268,39.9501],[115.3429,39.7921],[115.1688,39.6727],[115.0501,39.7092],[114.8384,39.5892],[114.5843,39.5858],[114.4251,39.2851],[114.4697,39.1933],[114.3882,39.177],[114.3492,39.0768],[114.1087,39.0523],[114.0508,39.1359],[113.7768,38.987],[113.8395,38.7584],[113.9297,38.7025],[114.0861,38.6584],[114.4527,38.6994],[114.6737,38.4735],[114.8107,38.4924],[114.9234,38.3882],[114.8862,38.2653],[115.0738,38.2931],[115.2102,38.2365],[115.2522,38.2909],[115.3247,38.2482]]]]}},{"type":"Feature","properties":{"name":"张家口","adcode":130700,"center":[114.884091,40.811901]},"bbox":[113.8203,39.5559,116.4659,42.1477],"geometry":{"type":"MultiPolygon","coordinates":[[[[116.3651,40.9432],[116.2647,41.0383],[116.2961,41.0621],[116.2333,41.1308],[116.2034,41.3261],[116.0361,41.3977],[115.9248,41.5686],[115.91,41.6429],[116.084,41.7817],[116.0166,41.7771],[115.9164,41.9451],[115.347,41.7123],[115.3651,41.5958],[114.8774,41.5909],[114.8663,41.8046],[114.9392,41.8462],[114.8613,42.102],[114.8284,42.1477],[114.5603,42.1324],[114.4661,42.038],[114.5107,41.9733],[114.3481,41.9476],[114.203,41.7934],[114.2593,41.6234],[114.231,41.5137],[114.0321,41.5296],[113.8849,41.4381],[113.944,41.3908],[113.8995,41.3162],[114.0163,41.2321],[113.8203,41.1016],[114.0575,40.9251],[114.0448,40.8311],[114.2829,40.5908],[114.3144,40.3696],[114.5265,40.3236],[114.4064,40.2461],[114.068,40.1798],[114.0912,40.0753],[113.9895,40.1124],[113.9146,40.0059],[114.0213,39.9918],[114.0474,39.9161],[114.212,39.9187],[114.2249,39.8517],[114.3954,39.8672],[114.4081,39.652],[114.5154,39.565],[114.6335,39.5559],[114.7168,39.6187],[114.8384,39.5892],[115.0501,39.7092],[115.1688,39.6727],[115.3429,39.7921],[115.4545,40.0297],[115.773,40.1762],[115.8478,40.1471],[115.9689,40.2643],[115.7704,40.4442],[115.755,40.54],[115.9078,40.6173],[115.9814,40.5797],[116.1217,40.6291],[116.2479,40.7918],[116.4659,40.7745],[116.3344,40.9046],[116.3651,40.9432]]]]}},{"type":"Feature","properties":{"name":"承德","adcode":130800,"center":[117.939152,40.976204]},"bbox":[115.91,40.1949,119.2395,42.6127],"geometry":{"type":"MultiPolygon","coordinates":[[[[119.1585,40.6144],[119.1762,40.6902],[119.0542,40.665],[118.8463,40.8221],[118.9035,40.9618],[119.0204,40.9979],[118.9369,41.0526],[119.0738,41.0842],[119.2395,41.3145],[118.8907,41.3007],[118.8461,41.3738],[118.7419,41.3241],[118.5281,41.3551],[118.3802,41.3121],[118.3487,41.4283],[118.2696,41.4789],[118.3133,41.5615],[118.2153,41.5957],[118.1307,41.7423],[118.1659,41.8133],[118.2708,41.7622],[118.3318,41.8407],[118.2702,41.9174],[118.314,41.9878],[118.2376,42.0229],[118.2973,42.0488],[118.2266,42.0903],[118.2042,42.0349],[118.1165,42.0372],[118.1552,42.0812],[118.0889,42.1171],[118.1064,42.172],[117.9711,42.248],[118.06,42.2983],[118.0194,42.3952],[117.8015,42.6127],[117.4735,42.6024],[117.3907,42.4621],[117.0167,42.4565],[116.8868,42.3666],[116.9034,42.1909],[116.7892,42.2003],[116.8907,42.0927],[116.8682,42.0029],[116.5664,41.9288],[116.4964,41.9797],[116.3931,41.943],[116.4091,41.994],[116.3273,42.0057],[115.91,41.6429],[116.0361,41.3977],[116.2034,41.3261],[116.2333,41.1308],[116.2961,41.0621],[116.2647,41.0383],[116.3985,40.906],[116.4742,40.896],[116.4555,40.9805],[116.5978,40.9748],[116.6477,41.0593],[116.7132,40.912],[116.98,40.7028],[117.5146,40.6605],[117.4303,40.626],[117.43,40.5761],[117.3119,40.578],[117.2086,40.5011],[117.2634,40.4424],[117.2262,40.369],[117.3509,40.23],[117.4501,40.2525],[117.6094,40.1949],[118.0009,40.2926],[118.2397,40.4647],[118.5715,40.4146],[118.5324,40.3194],[118.5689,40.2876],[118.6402,40.3546],[118.6242,40.4376],[118.7028,40.4914],[119.1585,40.6144]]]]}},{"type":"Feature","properties":{"name":"沧州","adcode":130900,"center":[116.857461,38.310582]},"bbox":[115.7053,37.4734,117.958,38.9484],"geometry":{"type":"MultiPolygon","coordinates":[[[[116.3359,37.5813],[116.4341,37.4734],[116.7881,37.8434],[117.4386,37.8539],[117.5565,38.0572],[117.7292,38.0938],[117.958,38.3761],[117.7812,38.3738],[117.6479,38.5087],[117.686,38.5324],[117.639,38.6267],[117.2532,38.5562],[117.2304,38.6417],[117.0982,38.5869],[117.0423,38.7065],[116.8773,38.6807],[116.8675,38.7459],[116.7664,38.742],[116.7632,38.6339],[116.6806,38.6059],[116.6106,38.4796],[116.4657,38.4941],[116.3669,38.6731],[116.423,38.7704],[116.272,38.8166],[116.152,38.9484],[116.0455,38.8978],[116.0409,38.8123],[115.9441,38.7355],[115.9407,38.5305],[115.7457,38.4813],[115.7053,38.3675],[115.8415,38.3461],[115.9008,38.1585],[116.0498,38.146],[116.0425,38.0267],[116.1206,37.949],[116.091,37.9109],[116.3439,38.0173],[116.5632,38.0199],[116.3359,37.5813]]]]}},{"type":"Feature","properties":{"name":"廊坊","adcode":131000,"center":[116.704441,39.523927]},"bbox":[116.1168,38.4796,117.26,40.0823],"geometry":{"type":"MultiPolygon","coordinates":[[[[116.2447,39.5174],[116.1513,39.471],[116.1168,39.3762],[116.1982,39.3513],[116.1861,39.2225],[116.3054,39.0981],[116.3353,38.984],[116.2022,38.8873],[116.423,38.7704],[116.3669,38.6731],[116.4657,38.4941],[116.6106,38.4796],[116.6806,38.6059],[116.774,38.6523],[116.708,38.8971],[116.7566,39.0503],[116.8605,39.0506],[116.9241,39.1194],[116.8558,39.2157],[116.8896,39.3382],[116.8181,39.3735],[116.8759,39.4345],[116.7851,39.4659],[116.8124,39.6159],[116.5659,39.6198],[116.4438,39.5099],[116.4027,39.5269],[116.4344,39.4428],[116.2447,39.5174]]],[[[117.2098,40.0823],[116.7815,40.0349],[116.7847,39.8914],[116.9259,39.8354],[116.9497,39.7786],[116.8828,39.7185],[116.9509,39.7068],[116.9746,39.6368],[117.1777,39.6456],[117.1532,39.7227],[117.2059,39.7639],[117.1564,39.8175],[117.26,39.8434],[117.1375,39.9216],[117.2098,40.0823]]]]}},{"type":"Feature","properties":{"name":"衡水","adcode":131100,"center":[115.665993,37.735097]},"bbox":[115.1728,37.0592,116.5632,38.3461],"geometry":{"type":"MultiPolygon","coordinates":[[[[115.8539,37.0592],[115.9759,37.3345],[116.2852,37.4027],[116.2244,37.4797],[116.2765,37.4669],[116.2879,37.5493],[116.3752,37.6173],[116.5632,38.0199],[116.3439,38.0173],[116.091,37.9109],[116.1206,37.949],[116.0425,38.0267],[116.0498,38.146],[115.9008,38.1585],[115.8415,38.3461],[115.3818,38.3276],[115.3247,38.2482],[115.3469,38.1397],[115.483,38.084],[115.4486,37.9366],[115.3655,37.9063],[115.3445,37.7481],[115.3943,37.7121],[115.1728,37.6005],[115.4553,37.5018],[115.3451,37.4482],[115.6985,37.2572],[115.8539,37.0592]]]]}},{"type":"Feature","properties":{"name":"太原","adcode":140100,"center":[112.549248,37.857014]},"bbox":[111.5159,37.4589,113.1503,38.4213],"geometry":{"type":"MultiPolygon","coordinates":[[[[113.0668,38.0565],[112.9199,38.1571],[113.1503,38.3282],[113.1214,38.4213],[112.6208,38.2065],[112.274,38.3139],[112.2147,38.1324],[111.8477,38.2298],[111.5159,38.0513],[111.5702,37.8524],[111.7472,37.8705],[111.975,37.7132],[112.1028,37.7162],[112.2904,37.5669],[112.2904,37.4873],[112.4328,37.4589],[112.6238,37.5259],[112.5791,37.6339],[112.7056,37.8512],[112.7839,37.8706],[112.7682,37.9394],[112.8258,38.0041],[112.9388,37.9905],[113.0668,38.0565]]]]}},{"type":"Feature","properties":{"name":"大同","adcode":140200,"center":[113.295259,40.09031]},"bbox":[112.5804,39.0523,114.5689,40.7399],"geometry":{"type":"MultiPolygon","coordinates":[[[[113.5773,39.4381],[113.8996,39.373],[113.9672,39.2815],[113.9618,39.1008],[114.0508,39.1359],[114.1087,39.0523],[114.3491,39.0768],[114.3882,39.177],[114.4656,39.1885],[114.4251,39.2851],[114.5689,39.574],[114.4081,39.652],[114.3954,39.8672],[114.2215,39.8612],[114.2206,39.9143],[114.0474,39.9162],[114.0212,39.9918],[113.9146,40.0059],[113.9799,40.1123],[114.0912,40.0753],[114.068,40.1797],[114.4064,40.2462],[114.5264,40.3236],[114.3144,40.3696],[114.283,40.5908],[114.1395,40.7399],[114.0641,40.7071],[114.0619,40.5289],[113.8634,40.4565],[113.7948,40.518],[113.5001,40.3345],[113.316,40.3201],[113.2478,40.413],[113.0331,40.3689],[112.893,40.3264],[112.845,40.2039],[112.7303,40.1681],[112.6243,40.2368],[112.5804,40.1544],[112.6426,40.0345],[112.5911,39.836],[112.6484,39.7407],[112.9541,39.8531],[112.9394,39.9126],[113.2859,39.9485],[113.4396,39.8522],[113.3293,39.8016],[113.4106,39.7148],[113.3832,39.6492],[113.5773,39.4381]]]]}},{"type":"Feature","properties":{"name":"阳泉","adcode":140300,"center":[113.583285,37.861188]},"bbox":[112.9199,37.6752,114.0439,38.521],"geometry":{"type":"MultiPolygon","coordinates":[[[[113.5555,38.521],[113.1457,38.4117],[113.1503,38.3282],[112.9199,38.1571],[113.0668,38.0565],[113.2538,38.0902],[113.4809,37.7002],[113.9799,37.6752],[114.0439,37.7774],[113.8724,37.9903],[113.8255,38.1691],[113.5448,38.2705],[113.5555,38.521]]]]}},{"type":"Feature","properties":{"name":"长治","adcode":140400,"center":[113.113556,36.191112]},"bbox":[111.9883,35.8373,113.7296,37.1169],"geometry":{"type":"MultiPolygon","coordinates":[[[[111.9964,36.6871],[112.2128,36.4096],[112.5744,36.2633],[112.5033,36.0326],[112.6299,36.0623],[112.8737,35.9761],[112.8805,35.9269],[113.1407,35.8715],[113.661,35.8373],[113.6369,35.9759],[113.6959,35.9999],[113.6555,36.1251],[113.7138,36.133],[113.6517,36.1722],[113.7054,36.2007],[113.7296,36.3816],[113.5544,36.4947],[113.5881,36.5627],[113.4654,36.7078],[113.5435,36.7443],[113.3119,36.9765],[112.8976,36.875],[112.8711,36.9846],[112.7168,37.0954],[112.4464,37.1169],[112.5428,36.9602],[112.3319,36.9341],[112.2159,37.0171],[112.0614,36.9755],[112.084,36.8941],[111.9883,36.8106],[111.9964,36.6871]]]]}},{"type":"Feature","properties":{"name":"晋城","adcode":140500,"center":[112.851274,35.497553]},"bbox":[111.9422,35.187,113.6248,36.0623],"geometry":{"type":"MultiPolygon","coordinates":[[[[112.0588,35.2799],[112.3044,35.2519],[112.2885,35.2175],[112.5679,35.2117],[112.6367,35.2642],[112.7127,35.187],[112.8222,35.2581],[112.9071,35.2458],[112.9995,35.3623],[113.1266,35.3322],[113.19,35.4491],[113.3044,35.427],[113.3123,35.4812],[113.5066,35.5165],[113.548,35.6576],[113.6248,35.632],[113.605,35.8001],[113.5263,35.8534],[113.3897,35.8329],[113.3539,35.8815],[112.8805,35.9269],[112.8737,35.9761],[112.6299,36.0623],[112.3819,35.8958],[112.1442,35.9104],[112.2135,35.83],[112.0454,35.8642],[112.037,35.723],[111.9422,35.6269],[112.0588,35.2799]]]]}},{"type":"Feature","properties":{"name":"朔州","adcode":140600,"center":[112.433387,39.331261]},"bbox":[111.8958,39.0852,113.5773,40.3001],"geometry":{"type":"MultiPolygon","coordinates":[[[[112.6243,40.2368],[112.4562,40.3001],[112.3103,40.2564],[111.9675,39.7827],[111.9303,39.6114],[112.0022,39.5372],[111.8958,39.4974],[111.9873,39.4484],[112.0854,39.2531],[112.1828,39.2666],[112.2944,39.0991],[112.5054,39.1405],[112.6383,39.0852],[113.0886,39.3613],[113.2122,39.2953],[113.5151,39.3469],[113.5773,39.4381],[113.3832,39.6492],[113.4106,39.7148],[113.3293,39.8016],[113.4396,39.8522],[113.3252,39.9326],[112.9394,39.9126],[112.9541,39.8531],[112.8208,39.7768],[112.621,39.7604],[112.5965,39.9205],[112.6426,40.0345],[112.5804,40.1544],[112.6243,40.2368]]]]}},{"type":"Feature","properties":{"name":"晋中","adcode":140700,"center":[112.736465,37.696495]},"bbox":[111.4141,36.6515,114.1397,38.092],"geometry":{"type":"MultiPolygon","coordinates":[[[[113.5435,36.7443],[113.681,36.7901],[113.6969,36.8823],[113.7869,36.8701],[113.7674,37.1446],[113.8864,37.2392],[114.1397,37.6759],[114.068,37.7215],[113.7724,37.6629],[113.4809,37.7002],[113.2289,38.092],[112.9388,37.9905],[112.8258,38.0041],[112.7682,37.9394],[112.7839,37.8706],[112.7056,37.8512],[112.5791,37.6339],[112.6238,37.5259],[112.4328,37.4589],[112.359,37.485],[112.1396,37.2665],[112.0693,37.3175],[111.9421,37.2554],[111.88,37.0572],[111.6373,36.9432],[111.4986,36.9913],[111.5847,36.9188],[111.4141,36.8329],[111.4619,36.7719],[111.5423,36.7882],[111.6769,36.6515],[111.6722,36.6954],[111.7595,36.7173],[111.9818,36.677],[111.9883,36.8106],[112.084,36.8941],[112.0614,36.9755],[112.2159,37.0171],[112.3319,36.9341],[112.5105,36.951],[112.551,36.974],[112.4464,37.1169],[112.5938,37.0797],[112.6514,37.121],[112.8711,36.9846],[112.8976,36.875],[113.3119,36.9765],[113.5435,36.7443]]]]}},{"type":"Feature","properties":{"name":"运城","adcode":140800,"center":[111.003957,35.022778]},"bbox":[110.2296,34.5836,112.0622,35.8197],"geometry":{"type":"MultiPolygon","coordinates":[[[[110.5772,35.7369],[110.6093,35.6321],[110.3748,35.2519],[110.3737,35.1342],[110.231,34.8807],[110.2296,34.6926],[110.2955,34.611],[110.5474,34.5836],[110.7491,34.6522],[110.8243,34.6158],[110.9198,34.7302],[110.9763,34.7065],[111.1607,34.8146],[111.5708,34.8433],[111.6696,34.9882],[111.8184,35.0685],[112.0622,35.0558],[112.0328,35.3902],[111.8142,35.4304],[111.9088,35.5411],[111.8438,35.5533],[111.8605,35.5997],[111.6126,35.65],[111.5852,35.5588],[111.2963,35.5362],[111.2681,35.6299],[111.3368,35.7096],[111.2528,35.6803],[111.1269,35.8197],[111.0027,35.7341],[110.9764,35.8078],[110.9125,35.6904],[110.6847,35.7291],[110.6562,35.7882],[110.5772,35.7369]]]]}},{"type":"Feature","properties":{"name":"忻州","adcode":140900,"center":[112.733538,38.41769]},"bbox":[110.9453,38.1324,113.9672,39.6631],"geometry":{"type":"MultiPolygon","coordinates":[[[[111.9303,39.6114],[111.7876,39.5897],[111.5019,39.6631],[111.4381,39.643],[111.4265,39.5034],[111.3524,39.4268],[111.1453,39.4094],[111.1256,39.3665],[111.2475,39.3023],[111.1383,39.0643],[110.9833,38.9803],[111.0101,38.8416],[110.9453,38.7295],[111.0251,38.6593],[111.2024,38.7293],[111.2762,38.5943],[111.4328,38.5703],[111.5036,38.4839],[111.7193,38.6023],[111.8411,38.321],[111.7792,38.248],[111.9513,38.1679],[112.2147,38.1324],[112.274,38.3139],[112.6208,38.2065],[113.0856,38.4158],[113.5555,38.521],[113.6129,38.646],[113.8396,38.7584],[113.7767,38.9869],[113.9618,39.1008],[113.9672,39.2815],[113.8996,39.373],[113.5861,39.4412],[113.5151,39.3469],[113.3806,39.3017],[113.0543,39.3497],[112.6383,39.0852],[112.5054,39.1405],[112.2944,39.0991],[112.1828,39.2666],[112.0854,39.2531],[111.9873,39.4484],[111.9149,39.4633],[111.906,39.5176],[112.0022,39.5372],[111.9303,39.6114]]]]}},{"type":"Feature","properties":{"name":"临汾","adcode":141000,"center":[111.517973,36.08415]},"bbox":[110.3885,35.3936,112.5744,36.9326],"geometry":{"type":"MultiPolygon","coordinates":[[[[110.4105,36.8995],[110.3885,36.7649],[110.4518,36.7265],[110.3944,36.6768],[110.5013,36.5361],[110.4505,36.1323],[110.5772,35.7369],[110.6562,35.7882],[110.6847,35.7291],[110.9125,35.6904],[110.9764,35.8078],[111.0027,35.7341],[111.1269,35.8197],[111.2528,35.6803],[111.3368,35.7096],[111.2681,35.6299],[111.2963,35.5362],[111.5852,35.5588],[111.6126,35.65],[111.6756,35.656],[111.8605,35.5997],[111.8438,35.5533],[111.9088,35.5411],[111.8142,35.4304],[111.9493,35.3936],[111.9422,35.6269],[112.037,35.723],[112.0356,35.8559],[112.1867,35.8173],[112.1442,35.9104],[112.3819,35.8958],[112.5323,35.9849],[112.4905,36.0687],[112.5648,36.1145],[112.5744,36.2633],[112.2128,36.4096],[112.0194,36.6783],[111.7595,36.7173],[111.6722,36.6954],[111.6769,36.6515],[111.4991,36.804],[111.2293,36.7412],[111.1851,36.8404],[111.0678,36.8551],[111.0808,36.9311],[110.8389,36.8589],[110.7178,36.9326],[110.5743,36.8615],[110.4105,36.8995]]]]}},{"type":"Feature","properties":{"name":"吕梁","adcode":141100,"center":[111.134335,37.524366]},"bbox":[110.3771,36.74,112.3301,38.7295],"geometry":{"type":"MultiPolygon","coordinates":[[[[112.3301,37.4589],[112.2904,37.5669],[112.1028,37.7162],[111.975,37.7132],[111.7472,37.8705],[111.5471,37.8853],[111.5242,38.0661],[111.8176,38.2143],[111.7773,38.2927],[111.8411,38.321],[111.7288,38.5],[111.7498,38.5819],[111.5036,38.4839],[111.4328,38.5703],[111.2762,38.5943],[111.2024,38.7293],[111.0251,38.6593],[110.9453,38.7295],[110.8808,38.6269],[110.9199,38.5821],[110.8743,38.4537],[110.7968,38.4534],[110.7503,38.3695],[110.5775,38.2972],[110.5079,38.1849],[110.5225,37.9549],[110.7557,37.755],[110.7035,37.7186],[110.7961,37.6631],[110.7949,37.5662],[110.745,37.4508],[110.6482,37.4382],[110.69,37.2871],[110.4412,37.0061],[110.3771,37.0102],[110.4105,36.8995],[110.5393,36.8604],[110.6303,36.8719],[110.6618,36.9337],[110.8389,36.8589],[111.0808,36.9311],[111.0678,36.8551],[111.1851,36.8404],[111.2116,36.7489],[111.3252,36.74],[111.5847,36.9188],[111.4986,36.9913],[111.6373,36.9432],[111.8458,37.0342],[111.9233,37.1063],[111.9421,37.2554],[112.0693,37.3175],[112.1396,37.2665],[112.3301,37.4589]]]]}},{"type":"Feature","properties":{"name":"呼和浩特","adcode":150100,"center":[111.670801,40.818311]},"bbox":[110.5194,39.6103,112.3102,41.3832],"geometry":{"type":"MultiPolygon","coordinates":[[[[111.0335,40.2882],[111.3156,40.1513],[111.4203,40.0218],[111.4431,39.8943],[111.3636,39.7217],[111.4382,39.6431],[111.9284,39.6103],[111.9706,39.7963],[112.3102,40.2564],[112.2252,40.4486],[112.0538,40.5581],[112.0986,40.5835],[112.0472,40.644],[112.1154,40.659],[112.0934,40.7407],[112.1876,40.8502],[112.1252,40.9615],[112.0417,40.9694],[112.0345,41.0474],[111.8839,41.1292],[111.8405,41.2523],[111.731,41.311],[111.3555,41.3132],[111.2361,41.2404],[110.8289,41.3832],[110.5821,41.3318],[110.5194,41.2851],[110.6546,41.1666],[110.6457,40.9199],[110.7451,40.9189],[110.713,40.8101],[110.7838,40.7938],[110.8078,40.6152],[110.8801,40.5865],[110.8431,40.5353],[111.0835,40.4257],[111.115,40.3313],[111.0335,40.2882]]]]}},{"type":"Feature","properties":{"name":"包头","adcode":150200,"center":[109.840405,40.658168]},"bbox":[109.2774,40.2534,111.4373,42.7385],"geometry":{"type":"MultiPolygon","coordinates":[[[[111.4258,41.3189],[111.385,41.3799],[111.4373,41.5305],[111.3492,41.6468],[111.0622,41.7982],[110.7957,42.1738],[110.7301,42.4428],[110.435,42.6924],[110.3399,42.7385],[109.3832,42.4477],[109.4338,42.4276],[109.5392,42.1473],[109.2774,41.8699],[109.4193,41.6516],[109.4491,41.5064],[109.6641,41.4992],[109.6262,41.4338],[109.6956,41.3227],[109.6193,41.2803],[109.7219,41.1385],[109.6919,41.0413],[109.813,41.0021],[109.9008,40.8824],[109.7809,40.7548],[109.4135,40.705],[109.4358,40.509],[109.5768,40.5565],[109.7008,40.4824],[109.9031,40.5294],[110.1627,40.5087],[110.1786,40.551],[110.6428,40.3015],[110.9772,40.2534],[111.115,40.3313],[111.1067,40.3811],[110.8431,40.5353],[110.8801,40.5865],[110.8078,40.6152],[110.7838,40.7938],[110.713,40.8101],[110.7451,40.9189],[110.6457,40.9199],[110.6546,41.1666],[110.5194,41.2851],[110.7422,41.3856],[111.2361,41.2404],[111.4258,41.3189]]]]}},{"type":"Feature","properties":{"name":"乌海","adcode":150300,"center":[106.825563,39.673734]},"bbox":[106.62,39.0366,107.1365,39.9113],"geometry":{"type":"MultiPolygon","coordinates":[[[[106.7498,39.8584],[106.7943,39.6898],[106.6397,39.5743],[106.62,39.4995],[106.753,39.4315],[106.8536,39.1166],[106.9938,39.0366],[107.0784,39.0474],[107.1365,39.28],[107.0597,39.2229],[106.9429,39.2992],[106.9648,39.45],[106.8877,39.6776],[106.8781,39.8057],[106.9634,39.9113],[106.7781,39.8125],[106.7498,39.8584]]]]}},{"type":"Feature","properties":{"name":"赤峰","adcode":150400,"center":[118.956806,42.275317]},"bbox":[116.3566,41.2829,120.9846,45.2524],"geometry":{"type":"MultiPolygon","coordinates":[[[[120.8831,42.2698],[120.5698,42.5404],[120.3967,42.8856],[120.4285,42.9865],[120.3484,43.0585],[120.7684,43.4113],[120.4221,43.3798],[120.6028,43.4257],[120.9846,43.6509],[120.7869,43.8144],[120.7748,43.9354],[120.6927,44.0369],[120.7453,44.1136],[120.6456,44.2352],[120.4545,44.2626],[120.1802,44.635],[119.7579,44.9227],[119.6568,45.1025],[119.492,45.224],[119.3377,45.2524],[119.3423,45.0762],[119.2157,45.1531],[119.1591,45.1001],[119.2299,45.0231],[119.1533,44.9936],[119.2244,44.9098],[119.0813,44.9374],[119.0674,44.8724],[119.1822,44.777],[119.0657,44.7106],[118.9287,44.7173],[119.001,44.6525],[118.9672,44.5422],[118.7825,44.4535],[118.6099,44.4638],[118.4033,44.3077],[118.2463,44.3262],[118.2452,44.2353],[118.1428,44.2076],[118.0639,44.1028],[117.9243,44.1269],[117.7899,44.0198],[117.6998,44.0172],[117.644,44.0429],[117.6865,44.096],[117.5229,44.2268],[117.1208,44.1795],[116.9616,44.0249],[117.0318,43.9428],[117.0012,43.7827],[117.0543,43.7534],[116.8136,43.6129],[116.8309,43.507],[116.622,43.5052],[116.6058,43.4199],[116.3702,43.2435],[116.3566,43.157],[116.6743,42.8896],[116.674,42.7614],[116.5881,42.5999],[116.8858,42.5347],[116.8936,42.3878],[117.0986,42.484],[117.413,42.4712],[117.387,42.5174],[117.4734,42.6025],[117.7798,42.6187],[117.9977,42.4167],[118.0599,42.2983],[117.9691,42.2456],[118.1064,42.1719],[118.0888,42.1171],[118.1553,42.0812],[118.1252,42.0329],[118.2267,42.0902],[118.2969,42.0484],[118.2376,42.0229],[118.3139,41.9882],[118.2689,41.9301],[118.3402,41.8725],[118.2923,41.7728],[118.166,41.8133],[118.1307,41.7424],[118.2304,41.5822],[118.3015,41.5697],[118.272,41.4713],[118.3801,41.3122],[118.5192,41.354],[118.742,41.324],[118.8397,41.3742],[118.8909,41.3008],[119.1978,41.2829],[119.2964,41.3252],[119.3099,41.406],[119.4033,41.4752],[119.362,41.5665],[119.4149,41.5623],[119.3079,41.6576],[119.2935,41.7923],[119.3851,42.0896],[119.238,42.201],[119.5024,42.388],[119.5721,42.3594],[119.5415,42.2922],[119.6423,42.2406],[119.8467,42.2152],[119.8455,42.0972],[120.0418,41.8187],[120.0369,41.708],[120.0961,41.6971],[120.3005,41.8882],[120.2869,41.9349],[120.4565,42.0163],[120.4666,42.1054],[120.8831,42.2698]]]]}},{"type":"Feature","properties":{"name":"通辽","adcode":150500,"center":[122.263119,43.617429]},"bbox":[119.2481,42.2527,123.7038,45.6558],"geometry":{"type":"MultiPolygon","coordinates":[[[[120.8831,42.2698],[121.0693,42.2527],[121.3852,42.473],[121.6077,42.5161],[121.7112,42.4436],[121.8693,42.5279],[121.9161,42.6572],[121.9924,42.7049],[122.1962,42.6909],[122.2037,42.7322],[122.3985,42.6867],[122.4615,42.7581],[122.3748,42.7749],[122.3584,42.8359],[122.7324,42.7865],[122.8465,42.7202],[122.8873,42.7702],[123.2275,42.8323],[123.1711,42.8517],[123.1841,42.926],[123.2596,42.9934],[123.472,43.0428],[123.5726,43.0046],[123.7038,43.3707],[123.6087,43.3663],[123.4867,43.4454],[123.42,43.4101],[123.3159,43.4921],[123.3046,43.5507],[123.4523,43.5457],[123.4211,43.5983],[123.5104,43.5922],[123.5373,43.6497],[123.4009,43.9793],[123.3324,44.0284],[123.3864,44.1619],[123.1272,44.3688],[123.1249,44.5096],[122.7607,44.3698],[122.6754,44.2857],[122.4832,44.237],[122.1638,44.2554],[121.7786,44.4467],[121.4092,44.791],[121.4017,44.8514],[121.0334,44.9983],[120.947,45.1213],[120.9678,45.1843],[120.5545,45.3576],[120.4973,45.4634],[120.1658,45.5949],[119.9949,45.5788],[119.9987,45.4823],[119.9068,45.5058],[119.9189,45.5582],[119.5654,45.6558],[119.4964,45.5504],[119.3045,45.4682],[119.3134,45.3856],[119.2481,45.3036],[119.492,45.224],[119.6568,45.1025],[119.7579,44.9227],[120.1802,44.635],[120.4545,44.2626],[120.6456,44.2352],[120.7453,44.1136],[120.6927,44.0369],[120.7748,43.9354],[120.7869,43.8144],[120.9846,43.6509],[120.6028,43.4257],[120.4221,43.3798],[120.7684,43.4113],[120.3484,43.0585],[120.4285,42.9865],[120.3967,42.8856],[120.5698,42.5404],[120.8831,42.2698]]]]}},{"type":"Feature","properties":{"name":"鄂尔多斯","adcode":150600,"center":[109.99029,39.817179]},"bbox":[106.4825,37.6221,111.4431,40.8673],"geometry":{"type":"MultiPolygon","coordinates":[[[[106.9672,39.0547],[106.9544,38.9411],[106.7027,38.7083],[106.6018,38.3925],[106.4825,38.3196],[106.5553,38.2638],[106.9452,38.1317],[107.1903,38.154],[107.44,37.995],[107.4117,37.9492],[107.9819,37.7873],[108.0132,37.6656],[108.134,37.6221],[108.7777,37.6835],[108.7976,38.0479],[108.9358,37.9217],[109.0696,38.023],[109.069,38.0912],[108.9389,38.2095],[109.0522,38.4285],[109.2768,38.623],[109.3676,38.6298],[109.3387,38.7015],[109.4508,38.7888],[109.6245,38.8545],[109.6653,38.9817],[109.8601,39.1244],[109.9222,39.107],[109.8939,39.1413],[109.9609,39.1919],[109.869,39.2497],[110.0109,39.2086],[110.2176,39.2811],[110.1367,39.3918],[110.1526,39.4539],[110.391,39.3118],[110.43,39.3793],[110.5243,39.3828],[110.6263,39.2667],[110.7029,39.2738],[110.8908,39.5089],[111.1367,39.587],[111.1489,39.5322],[111.0584,39.4477],[111.1081,39.3566],[111.1723,39.4233],[111.3523,39.4267],[111.4266,39.5034],[111.4428,39.6692],[111.3636,39.7217],[111.4431,39.8943],[111.4203,40.0218],[111.3156,40.1513],[111.1148,40.2566],[110.6428,40.3015],[110.1786,40.551],[110.1627,40.5087],[109.9031,40.5294],[109.7008,40.4824],[109.5768,40.5565],[109.4101,40.4566],[109.0791,40.5491],[108.7745,40.5501],[108.7762,40.6126],[108.6045,40.6562],[108.562,40.7281],[108.1716,40.8673],[107.7585,40.8618],[107.6964,40.7685],[107.6131,40.7782],[107.3848,40.6437],[107.2857,40.6494],[107.227,40.5595],[107.1649,40.5743],[107.2033,40.5061],[107.1718,40.3901],[106.7293,40.0474],[106.7203,39.9156],[106.7781,39.8125],[106.9634,39.9113],[106.8781,39.8057],[106.9648,39.45],[106.9429,39.2992],[107.0597,39.2229],[107.1365,39.28],[107.0784,39.0474],[106.9672,39.0547]]]]}},{"type":"Feature","properties":{"name":"呼伦贝尔","adcode":150700,"center":[119.758168,49.215333]},"bbox":[115.5294,47.0962,126.0684,53.3372],"geometry":{"type":"Polygon","coordinates":[[[122.4182,47.3504],[122.0794,47.1825],[121.7601,47.281],[121.6734,47.2503],[121.6485,47.1777],[121.4361,47.1835],[121.2551,47.1134],[121.099,47.1522],[120.9768,47.0962],[120.6265,47.242],[120.6331,47.3077],[120.7363,47.3794],[120.5785,47.5073],[120.5901,47.5483],[120.2649,47.6581],[120.0132,47.5548],[119.9077,47.57],[119.7704,47.4386],[119.4834,47.3381],[119.3221,47.4271],[119.3657,47.4775],[119.1521,47.5406],[119.1342,47.6645],[118.7732,47.7711],[118.568,47.9921],[118.2402,48.0405],[117.8133,48.0162],[117.3841,47.6412],[117.0948,47.824],[116.7913,47.8976],[116.4529,47.8375],[116.2659,47.8767],[115.939,47.6831],[115.5806,47.9217],[115.5294,48.1553],[115.8228,48.2594],[115.7994,48.5151],[116.0783,48.8224],[116.0485,48.8735],[116.7179,49.8473],[117.0691,49.6955],[117.8096,49.5213],[117.8665,49.5921],[118.0827,49.6166],[118.5729,49.931],[119.092,49.9859],[119.2903,50.1217],[119.3868,50.3217],[119.1955,50.3493],[119.1461,50.4111],[119.2646,50.4694],[119.2825,50.6048],[119.4967,50.7455],[119.4915,50.8789],[119.7643,51.0926],[119.7603,51.2133],[119.8215,51.2144],[119.8108,51.2785],[119.9712,51.4004],[120.0944,51.682],[120.6609,51.9295],[120.7857,52.1655],[120.7586,52.2563],[120.6285,52.3228],[120.7343,52.5368],[120.4372,52.6397],[120.0805,52.5854],[120.0314,52.7728],[120.297,52.8699],[120.8227,53.2701],[121.4994,53.3372],[121.6788,53.2413],[121.6653,53.1706],[121.815,53.0691],[121.5913,52.8247],[121.1823,52.5963],[121.6401,52.4444],[121.7141,52.3181],[121.8413,52.2827],[121.9476,52.2984],[122.1693,52.5136],[122.4399,52.3937],[122.4783,52.2963],[122.7873,52.2527],[122.7381,52.1535],[122.6292,52.1366],[122.6251,52.0675],[122.7263,51.9789],[122.7061,51.8902],[122.874,51.5612],[122.8546,51.4777],[123.0145,51.31],[123.2942,51.2541],[123.6619,51.3192],[123.711,51.3983],[123.9261,51.3007],[124.2394,51.3447],[124.4064,51.2721],[124.4903,51.3804],[124.6246,51.3286],[124.8645,51.3797],[125.1284,51.659],[125.3516,51.6239],[125.6955,51.3378],[125.7579,51.2273],[125.8519,51.2126],[125.8689,51.1403],[125.99,51.1192],[126.0571,51.0452],[126.0684,50.9678],[125.9964,50.8715],[125.9588,50.9003],[125.84,50.7562],[125.7585,50.7472],[125.8253,50.7049],[125.7874,50.678],[125.8293,50.5616],[125.5131,50.4093],[125.5305,50.331],[125.4429,50.2617],[125.4646,50.2299],[125.2576,50.1008],[125.3377,50.0596],[125.19,49.9598],[125.2417,49.8668],[125.1779,49.8294],[125.2229,49.799],[125.2198,49.6691],[125.1273,49.6551],[125.2264,49.596],[125.264,49.4615],[125.2195,49.189],[125.1174,49.126],[124.9065,49.1839],[124.8093,49.1159],[124.8082,49.0205],[124.5186,48.5542],[124.5556,48.4679],[124.5087,48.4483],[124.52,48.3745],[124.5796,48.2975],[124.531,48.1487],[124.4163,48.088],[124.477,48.1641],[124.4105,48.1904],[124.4284,48.2301],[124.3189,48.3471],[124.3142,48.5038],[124.259,48.5364],[123.5376,48.0219],[123.289,47.9432],[123.1619,47.782],[122.593,47.5471],[122.4182,47.3504]],[[124.3426,50.1881],[124.3642,50.3609],[124.44,50.3855],[124.4333,50.5466],[124.0842,50.5686],[123.9836,50.5102],[124.0053,50.4346],[123.9203,50.373],[123.7804,50.4371],[123.7778,50.3445],[123.8628,50.2264],[123.9541,50.187],[124.283,50.2308],[124.3426,50.1881]]]}},{"type":"Feature","properties":{"name":"巴彦淖尔","adcode":150800,"center":[107.416959,40.757402]},"bbox":[105.2229,40.1681,109.9008,42.4604],"geometry":{"type":"MultiPolygon","coordinates":[[[[106.8669,40.1681],[107.1718,40.3901],[107.2033,40.5061],[107.1649,40.5743],[107.227,40.5595],[107.2857,40.6494],[107.3848,40.6437],[107.6131,40.7782],[107.6964,40.7685],[107.7585,40.8618],[108.1716,40.8673],[108.562,40.7281],[108.6045,40.6562],[108.7762,40.6126],[108.7745,40.5501],[109.0791,40.5491],[109.4101,40.4566],[109.4135,40.705],[109.7809,40.7548],[109.9008,40.8824],[109.813,41.0021],[109.6919,41.0413],[109.7219,41.1385],[109.6193,41.2803],[109.6956,41.3227],[109.6262,41.4338],[109.6641,41.4992],[109.4491,41.5064],[109.4193,41.6516],[109.2774,41.8699],[109.5392,42.1473],[109.4338,42.4276],[109.0256,42.4585],[108.8456,42.3958],[108.238,42.4604],[107.9392,42.4037],[107.4663,42.4588],[107.2718,42.3641],[106.6131,42.2418],[105.2338,41.7511],[105.2229,41.3967],[105.3986,40.9839],[105.7044,40.8101],[106.1827,40.7046],[106.2998,40.592],[106.4796,40.5552],[106.4984,40.4834],[106.2093,40.5163],[106.3284,40.3467],[106.8137,40.3699],[106.7056,40.2623],[106.7403,40.1964],[106.8669,40.1681]]]]}},{"type":"Feature","properties":{"name":"乌兰察布","adcode":150900,"center":[113.114543,41.034126]},"bbox":[110.3399,40.1681,114.8092,43.3803],"geometry":{"type":"MultiPolygon","coordinates":[[[[112.3102,40.2564],[112.4561,40.3001],[112.7507,40.1681],[112.8487,40.2071],[112.8929,40.3264],[113.0397,40.3701],[113.2513,40.4133],[113.316,40.3202],[113.3877,40.3191],[113.56,40.3486],[113.7949,40.5179],[113.851,40.4606],[114.062,40.5289],[114.064,40.7071],[114.1346,40.7378],[114.0447,40.8311],[114.0574,40.9251],[113.8204,41.1016],[114.0163,41.2321],[113.8996,41.3163],[113.9487,41.3921],[113.8712,41.4134],[114.0322,41.5296],[114.2311,41.5136],[114.2594,41.6233],[114.2031,41.7935],[114.3525,41.9539],[114.5094,41.9725],[114.4661,42.038],[114.5109,42.111],[114.7554,42.1159],[114.8092,42.2003],[114.6765,42.1979],[114.6866,42.2623],[114.5753,42.2978],[114.4057,42.1996],[114.4791,42.1142],[114.3771,42.1098],[114.2912,42.1915],[114.1002,42.1259],[114.0652,42.044],[114.1059,41.9834],[113.9551,41.9507],[113.916,42.0501],[113.7097,42.1298],[113.3724,42.1437],[113.1721,41.9502],[113.0865,41.9328],[112.8562,42.1171],[112.738,42.1446],[112.6547,42.3161],[112.3978,42.3877],[112.029,42.5846],[111.7526,42.9877],[111.5035,43.1787],[111.3798,43.1826],[111.2156,43.2768],[111.1509,43.3803],[111.0697,43.358],[110.7364,43.0896],[110.6315,42.9361],[110.3399,42.7385],[110.7301,42.4428],[110.7957,42.1738],[111.0622,41.7982],[111.3492,41.6468],[111.4373,41.5305],[111.385,41.3799],[111.4258,41.3189],[111.731,41.311],[111.8405,41.2523],[111.8839,41.1292],[112.0345,41.0474],[112.0417,40.9694],[112.1252,40.9615],[112.1816,40.8108],[112.0934,40.7407],[112.1304,40.6977],[112.0472,40.644],[112.0986,40.5835],[112.0538,40.5581],[112.2252,40.4486],[112.3102,40.2564]]]]}},{"type":"Feature","properties":{"name":"兴安盟","adcode":152200,"center":[122.070317,46.076268]},"bbox":[119.4834,44.2557,123.6055,47.6581],"geometry":{"type":"MultiPolygon","coordinates":[[[[122.2714,44.2557],[122.2861,44.4777],[122.1318,44.5775],[122.1031,44.674],[122.1615,44.7282],[122.1029,44.7363],[122.169,44.7702],[122.115,44.7767],[122.0497,44.9128],[122.1098,45.142],[122.23,45.2069],[122.239,45.2762],[122.1474,45.2956],[122.1635,45.4438],[122.0026,45.5078],[121.9702,45.6928],[121.7141,45.7017],[121.6444,45.7524],[121.8173,45.8757],[121.7618,45.999],[121.845,46.0234],[122.0401,45.959],[122.2627,45.7949],[122.3731,45.856],[122.3621,45.9174],[122.4459,45.9169],[122.5058,45.7863],[122.5549,45.8214],[122.6714,45.7006],[122.7419,45.7051],[122.7925,45.7662],[122.7523,45.8348],[122.8286,45.9123],[122.7931,46.0732],[123.1124,46.1301],[123.1786,46.248],[123.0116,46.4349],[123.0072,46.577],[123.6047,46.69],[123.6055,46.8912],[123.5142,46.8261],[123.5278,46.958],[123.4275,46.9344],[123.3018,46.9998],[123.4046,46.9355],[123.3746,46.8377],[123.2309,46.8599],[123.1711,46.7439],[123.0266,46.7188],[122.9072,46.8079],[122.8954,46.9602],[122.7749,46.974],[122.852,47.0723],[122.611,47.1299],[122.4182,47.3504],[122.0794,47.1825],[121.7601,47.281],[121.6734,47.2503],[121.6485,47.1777],[121.4361,47.1835],[121.2551,47.1134],[121.099,47.1522],[120.9768,47.0962],[120.6265,47.242],[120.6331,47.3077],[120.7363,47.3794],[120.5785,47.5073],[120.5901,47.5483],[120.2649,47.6581],[120.0132,47.5548],[119.9077,47.57],[119.7704,47.4386],[119.4834,47.3381],[119.716,47.1956],[119.8597,46.9171],[119.9288,46.9038],[119.9103,46.6531],[119.9522,46.6042],[119.9074,46.5373],[119.949,46.4936],[119.9097,46.4289],[119.9845,46.4188],[119.8377,46.3755],[119.8741,46.3457],[119.8357,46.2354],[119.8892,46.2102],[119.8079,45.8209],[119.6816,45.6696],[119.5654,45.6558],[119.9189,45.5582],[119.9068,45.5058],[119.9987,45.4823],[119.9949,45.5788],[120.1658,45.5949],[120.4973,45.4634],[120.5545,45.3576],[120.9678,45.1843],[120.947,45.1213],[121.0334,44.9983],[121.4017,44.8514],[121.4092,44.791],[121.8294,44.4115],[122.019,44.3039],[122.2714,44.2557]]]]}},{"type":"Feature","properties":{"name":"锡林郭勒盟","adcode":152500,"center":[116.090996,43.944018]},"bbox":[111.1509,41.5714,119.9845,46.775],"geometry":{"type":"MultiPolygon","coordinates":[[[[114.8071,42.1495],[114.9392,41.8462],[114.8672,41.803],[114.9028,41.6894],[114.8606,41.6011],[115.0878,41.6228],[115.2043,41.5714],[115.2904,41.623],[115.3777,41.6024],[115.347,41.7123],[115.8372,41.9378],[115.9164,41.9451],[116.0167,41.7771],[116.0988,41.7765],[116.1231,41.8617],[116.1942,41.8619],[116.3271,42.0057],[116.4274,41.9389],[116.4826,41.9759],[116.6407,41.9304],[116.8795,42.0185],[116.8908,42.0926],[116.7893,42.2003],[116.9185,42.23],[116.8858,42.5347],[116.5881,42.5999],[116.674,42.7614],[116.6743,42.8896],[116.3566,43.157],[116.3702,43.2435],[116.6058,43.4199],[116.622,43.5052],[116.8309,43.507],[116.8136,43.6129],[117.0543,43.7534],[117.0012,43.7827],[117.0318,43.9428],[116.9616,44.0249],[117.1208,44.1795],[117.5229,44.2268],[117.6865,44.096],[117.644,44.0429],[117.7899,44.0198],[117.9243,44.1269],[118.1139,44.1309],[118.1428,44.2076],[118.2452,44.2353],[118.2463,44.3262],[118.4033,44.3077],[118.6099,44.4638],[118.7825,44.4535],[118.9672,44.5422],[119.001,44.6525],[118.9287,44.7173],[119.0657,44.7106],[119.1822,44.777],[119.0674,44.8724],[119.0813,44.9374],[119.2244,44.9098],[119.1533,44.9936],[119.2299,45.0231],[119.1591,45.1001],[119.2157,45.1531],[119.2938,45.087],[119.3701,45.1006],[119.3076,45.1914],[119.3377,45.2524],[119.2481,45.3036],[119.3134,45.3856],[119.3045,45.4682],[119.4964,45.5504],[119.5654,45.6558],[119.6816,45.6696],[119.8079,45.8209],[119.8892,46.2102],[119.8357,46.2354],[119.8741,46.3457],[119.8377,46.3755],[119.9845,46.4188],[119.9097,46.4289],[119.9522,46.6042],[119.9117,46.6698],[119.6776,46.5847],[119.5582,46.6338],[119.3741,46.6033],[119.1232,46.6429],[119.0114,46.7456],[118.9125,46.7334],[118.9146,46.775],[118.8452,46.7718],[118.788,46.6871],[118.3165,46.7395],[117.8133,46.5308],[117.7038,46.5168],[117.596,46.6036],[117.42,46.582],[117.4477,46.5281],[117.372,46.3602],[116.8266,46.3804],[116.5852,46.2924],[116.2716,45.9668],[116.243,45.8761],[116.287,45.7751],[116.1742,45.6886],[116.0355,45.6851],[115.6997,45.4595],[115.3647,45.3923],[114.9742,45.377],[114.745,45.4383],[114.551,45.3877],[114.4597,45.2133],[114.1169,44.9569],[113.9074,44.9152],[113.6311,44.7454],[112.8507,44.8407],[112.5998,44.9306],[112.4388,45.0715],[112.0027,45.0907],[111.7645,44.9693],[111.4159,44.3571],[111.663,44.0611],[111.8703,43.9402],[111.9706,43.7484],[111.9509,43.6931],[111.7943,43.6719],[111.5645,43.4903],[111.1509,43.3803],[111.2156,43.2768],[111.3798,43.1826],[111.5035,43.1787],[111.7526,42.9877],[112.029,42.5846],[112.3978,42.3877],[112.6547,42.3161],[112.738,42.1446],[112.8562,42.1171],[113.0865,41.9328],[113.1721,41.9502],[113.3724,42.1437],[113.7097,42.1298],[113.916,42.0501],[113.9551,41.9507],[114.0623,41.9662],[114.1059,41.9834],[114.0652,42.044],[114.1002,42.1259],[114.2912,42.1915],[114.4479,42.0989],[114.4655,42.1709],[114.4057,42.1996],[114.5753,42.2978],[114.6866,42.2623],[114.6765,42.1979],[114.8092,42.2003],[114.8071,42.1495]]]]}},{"type":"Feature","properties":{"name":"阿拉善盟","adcode":152900,"center":[105.706422,38.844814]},"bbox":[97.1728,37.4068,106.8663,42.7952],"geometry":{"type":"MultiPolygon","coordinates":[[[[105.2338,41.7511],[105.0096,41.5832],[104.9231,41.6541],[104.5243,41.6618],[104.5301,41.8749],[103.8687,41.8025],[103.4184,41.8824],[102.712,42.1527],[102.449,42.1441],[102.0704,42.2322],[101.8036,42.5038],[100.8628,42.6712],[100.3255,42.6901],[100.2726,42.6363],[99.9691,42.6478],[99.5076,42.5681],[98.1954,42.6534],[97.1728,42.7952],[97.8471,41.6565],[97.6141,41.4773],[97.6294,41.4405],[97.9719,41.098],[98.3332,40.9191],[98.3442,40.5684],[98.628,40.6779],[98.5699,40.7468],[98.6685,40.7728],[98.8003,40.6103],[98.791,40.7053],[98.985,40.7829],[99.102,40.6763],[99.1731,40.7473],[99.1749,40.8583],[99.5659,40.8467],[99.6732,40.9329],[100.1082,40.8756],[100.2374,40.7168],[100.2426,40.6186],[100.1697,40.5414],[100.1697,40.2775],[100.0018,40.1969],[99.8755,40.0272],[99.4411,39.8859],[99.822,39.86],[99.9044,39.7858],[100.2501,39.685],[100.3264,39.5091],[100.5007,39.4813],[100.4992,39.4005],[100.842,39.4058],[100.8351,39.0261],[100.9695,38.9967],[100.9692,38.947],[101.2287,39.0207],[101.1987,38.9433],[101.242,38.8613],[101.3354,38.8468],[101.3313,38.7772],[101.5577,38.7151],[101.6019,38.6552],[101.777,38.6605],[102.075,38.8916],[101.8305,39.0935],[102.4537,39.2552],[102.5834,39.1807],[103.0132,39.1011],[103.3465,39.3325],[103.8488,39.4612],[104.0901,39.4198],[104.0477,39.2978],[104.1774,39.1521],[104.1962,38.9881],[104.0445,38.895],[103.8598,38.6444],[103.4164,38.405],[103.5349,38.1567],[103.3687,38.089],[103.3681,37.9856],[103.402,37.8619],[103.6832,37.7779],[104.1835,37.4068],[104.4075,37.4646],[104.4196,37.5119],[105.0281,37.5811],[105.3148,37.702],[105.5989,37.6993],[105.622,37.7777],[105.7607,37.7998],[105.8399,38.0078],[105.768,38.1216],[105.866,38.2973],[105.8217,38.3682],[105.8529,38.6416],[105.8986,38.7895],[106.003,38.8759],[105.9732,38.9114],[106.0608,38.9686],[106.146,39.1532],[106.2955,39.1679],[106.2798,39.2621],[106.5064,39.2701],[106.6027,39.3754],[106.7513,39.3816],[106.6114,39.5412],[106.7943,39.6898],[106.7293,40.0474],[106.8663,40.1854],[106.7403,40.1964],[106.7056,40.2623],[106.8137,40.3699],[106.3284,40.3467],[106.2093,40.5163],[106.4984,40.4834],[106.4796,40.5552],[106.2998,40.592],[106.1827,40.7046],[105.7044,40.8101],[105.3986,40.9839],[105.2229,41.3967],[105.2338,41.7511]]]]}},{"type":"Feature","properties":{"name":"沈阳","adcode":210100,"center":[123.429096,41.796767]},"bbox":[122.4235,41.1998,123.8132,43.0427],"geometry":{"type":"MultiPolygon","coordinates":[[[[123.5619,43.0054],[123.4719,43.0427],[123.2594,42.9933],[123.1841,42.9259],[123.1707,42.8521],[123.2225,42.8257],[122.751,42.6979],[122.9744,42.5643],[122.8194,42.4901],[122.8178,42.4168],[122.901,42.3492],[122.4235,42.1407],[122.5231,41.9001],[122.4434,41.9012],[122.4592,41.843],[122.6004,41.7665],[122.4796,41.5832],[122.6346,41.5169],[122.659,41.3548],[122.5524,41.2496],[122.6225,41.1998],[122.7656,41.3683],[122.9297,41.4281],[123.114,41.6171],[123.1345,41.5362],[123.2195,41.5653],[123.4777,41.4638],[123.7456,41.5206],[123.7217,41.5683],[123.7918,41.5985],[123.7499,41.6368],[123.8116,41.7088],[123.7802,41.7968],[123.6655,41.7959],[123.8132,42.0501],[123.4496,42.2047],[123.5286,42.3397],[123.4545,42.4412],[123.6437,42.5531],[123.6839,42.51],[123.7586,42.554],[123.5693,42.6929],[123.6035,42.9303],[123.5619,43.0054]]]]}},{"type":"Feature","properties":{"name":"大连","adcode":210200,"center":[121.618622,38.91459]},"bbox":[120.9764,38.7252,123.5188,40.2052],"geometry":{"type":"MultiPolygon","coordinates":[[[[123.5188,39.7703],[123.4706,39.9249],[123.3912,39.9359],[123.4049,40.0092],[123.1363,40.0792],[123.0733,40.0403],[122.894,40.2052],[122.8138,40.1034],[122.5395,40.0621],[122.5612,39.9446],[122.5121,39.9206],[121.9934,40.0524],[121.9533,40.1289],[121.7791,39.9429],[121.4752,39.8146],[121.5028,39.7033],[121.4502,39.6251],[121.2266,39.5551],[121.3037,39.4881],[121.2459,39.4568],[121.2475,39.3881],[121.4214,39.3662],[121.4847,39.2828],[121.7237,39.3674],[121.6859,39.2823],[121.5892,39.2674],[121.6395,39.2443],[121.5912,39.2287],[121.6042,39.1663],[121.6834,39.1221],[121.6364,39.0801],[121.5907,39.155],[121.5991,39.0925],[121.5078,39.0341],[121.3738,39.0623],[121.3259,38.9725],[121.0926,38.9286],[121.1336,38.7252],[121.3403,38.8191],[121.5097,38.8178],[121.5655,38.8751],[121.6948,38.8642],[121.7194,38.9201],[121.6183,38.9492],[121.6711,39.0099],[121.763,39.0284],[121.8332,38.9504],[121.9117,38.9638],[121.8528,39.0357],[122.0728,39.065],[122.0503,39.1083],[122.1704,39.1505],[122.1173,39.214],[122.6616,39.523],[122.9727,39.595],[123.049,39.6666],[123.284,39.6949],[123.2468,39.7493],[123.3926,39.7238],[123.5188,39.7703]]],[[[122.567,39.2739],[122.6886,39.269],[122.4976,39.3],[122.567,39.2739]]],[[[122.384,39.1984],[122.32,39.1606],[122.4031,39.165],[122.384,39.1984]]],[[[122.6405,39.2259],[122.692,39.211],[122.7434,39.2396],[122.6405,39.2259]]],[[[122.7626,39.0193],[122.741,39.0383],[122.716,39.0356],[122.7626,39.0193]]],[[[122.4251,39.1743],[122.412,39.1819],[122.4027,39.1791],[122.4251,39.1743]]],[[[121.8264,38.8739],[121.8341,38.8839],[121.826,38.8878],[121.8264,38.8739]]],[[[122.418,39.2256],[122.4326,39.2243],[122.4453,39.2341],[122.418,39.2256]]],[[[122.4235,39.2705],[122.4456,39.2548],[122.4563,39.2591],[122.4235,39.2705]]],[[[123.0227,39.5464],[122.9443,39.5206],[122.9948,39.4956],[123.0227,39.5464]]],[[[122.3081,39.2002],[122.3128,39.2059],[122.3002,39.2019],[122.3081,39.2002]]],[[[122.2961,39.2771],[122.2843,39.2804],[122.2949,39.2669],[122.2961,39.2771]]],[[[123.0651,39.4865],[123.0685,39.5087],[123.058,39.5096],[123.0651,39.4865]]],[[[122.5971,39.2062],[122.6098,39.2254],[122.5955,39.2138],[122.5971,39.2062]]],[[[122.5126,39.223],[122.5457,39.2377],[122.5014,39.2412],[122.5126,39.223]]],[[[122.8256,39.0587],[122.8186,39.0536],[122.8236,39.0414],[122.8256,39.0587]]],[[[122.8092,39.0816],[122.8024,39.0814],[122.8174,39.0685],[122.8092,39.0816]]],[[[121.832,38.9178],[121.8366,38.9126],[121.8412,38.9181],[121.832,38.9178]]],[[[122.8726,39.0553],[122.8654,39.069],[122.8506,39.0713],[122.8726,39.0553]]],[[[121.4766,39.1868],[121.4668,39.199],[121.4452,39.2042],[121.4766,39.1868]]],[[[123.0865,39.4269],[123.0881,39.4513],[123.0553,39.4445],[123.0865,39.4269]]],[[[121.4931,39.1938],[121.503,39.2026],[121.5005,39.2082],[121.4931,39.1938]]],[[[122.7781,39.2317],[122.7817,39.2189],[122.8049,39.2234],[122.7781,39.2317]]],[[[122.7817,39.0797],[122.79,39.0701],[122.7995,39.0723],[122.7817,39.0797]]],[[[123.1604,39.0255],[123.2056,39.057],[123.174,39.1031],[123.1604,39.0255]]],[[[123.0046,39.2489],[123.0127,39.2626],[122.9881,39.258],[123.0046,39.2489]]],[[[121.1634,39.0847],[121.1784,39.0885],[121.1701,39.0969],[121.1634,39.0847]]],[[[122.3434,39.3462],[122.32,39.3283],[122.3491,39.3304],[122.3434,39.3462]]],[[[120.9764,38.9604],[120.9785,38.9511],[120.9915,38.9506],[120.9764,38.9604]]]]}},{"type":"Feature","properties":{"name":"鞍山","adcode":210300,"center":[122.995632,41.110626]},"bbox":[122.1937,40.0022,123.7693,41.5704],"geometry":{"type":"MultiPolygon","coordinates":[[[[123.5337,40.827],[123.1362,40.7145],[123.0738,40.7716],[123.1071,40.8201],[123.0543,40.8351],[123.0604,40.9234],[123.2355,41.049],[123.119,41.1843],[122.9096,41.1942],[122.8245,41.0818],[122.5981,41.1789],[122.5524,41.2496],[122.659,41.3548],[122.6346,41.5169],[122.4977,41.5704],[122.1937,41.4596],[122.2803,41.354],[122.2269,41.2019],[122.4887,41.251],[122.3689,41.1836],[122.424,41.0128],[122.3426,40.9888],[122.3213,40.9093],[122.5061,40.9293],[122.516,40.7666],[122.6498,40.7398],[122.6513,40.5847],[122.7976,40.5789],[122.9992,40.477],[122.873,40.2685],[122.8908,40.1874],[123.0687,40.0423],[123.1363,40.0792],[123.3595,40.0022],[123.4772,40.0313],[123.5905,40.1303],[123.5962,40.243],[123.7113,40.3002],[123.7693,40.4435],[123.7488,40.6107],[123.5829,40.6865],[123.5337,40.827]]]]}},{"type":"Feature","properties":{"name":"抚顺","adcode":210400,"center":[123.921109,41.875956]},"bbox":[123.6655,41.2398,125.4899,42.4789],"geometry":{"type":"MultiPolygon","coordinates":[[[[123.7476,41.5272],[123.9219,41.5684],[124.1155,41.5059],[124.283,41.543],[124.3845,41.4617],[124.3455,41.4081],[124.4241,41.3117],[124.5004,41.3319],[124.654,41.2398],[124.7632,41.2748],[124.8726,41.3274],[124.8536,41.4199],[124.957,41.5201],[125.2222,41.48],[125.4516,41.5506],[125.4506,41.6738],[125.317,41.6775],[125.3452,41.7607],[125.2964,41.8874],[125.3517,41.9283],[125.292,41.9588],[125.4899,42.1363],[125.3689,42.1828],[125.3058,42.1465],[125.2993,42.2895],[125.1738,42.3107],[125.1975,42.4075],[125.108,42.4789],[124.9743,42.3681],[124.8217,42.4183],[124.7871,42.3396],[124.5746,42.3515],[124.5201,42.0879],[124.342,42.0094],[124.0952,42.0734],[124.0244,42.0117],[123.8807,42.0331],[123.7344,41.9672],[123.7398,41.8638],[123.6655,41.7959],[123.7802,41.7968],[123.8116,41.7088],[123.7499,41.6368],[123.7918,41.5985],[123.7217,41.5683],[123.7476,41.5272]]]]}},{"type":"Feature","properties":{"name":"本溪","adcode":210500,"center":[123.770519,41.297909]},"bbox":[123.5823,40.8153,125.7911,41.5684],"geometry":{"type":"MultiPolygon","coordinates":[[[[123.5915,41.494],[123.6527,41.4494],[123.6702,41.2607],[123.5989,41.2067],[123.6897,41.0597],[123.5823,40.8575],[123.6953,40.8153],[123.8245,40.8626],[124.1344,40.8536],[124.148,40.9573],[124.0936,41.036],[124.2321,41.0422],[124.2685,41.101],[124.2972,41.0539],[124.5105,41.0494],[124.736,41.1548],[125.2749,41.1006],[125.3547,40.9985],[125.4437,41.0315],[125.4655,40.9624],[125.5296,40.986],[125.5309,40.9081],[125.674,40.9744],[125.7911,41.1663],[125.7383,41.1786],[125.7496,41.2455],[125.6477,41.2642],[125.4625,41.5684],[125.2222,41.48],[124.957,41.5201],[124.8536,41.4199],[124.8726,41.3274],[124.654,41.2398],[124.5004,41.3319],[124.4241,41.3117],[124.3455,41.4081],[124.3845,41.4617],[124.283,41.543],[124.1155,41.5059],[123.8879,41.5669],[123.8072,41.5074],[123.7838,41.5416],[123.5915,41.494]]]]}},{"type":"Feature","properties":{"name":"丹东","adcode":210600,"center":[124.383044,40.124296]},"bbox":[123.3771,39.7452,125.7056,41.1548],"geometry":{"type":"MultiPolygon","coordinates":[[[[123.5188,39.7703],[123.6585,39.8314],[124.1033,39.8234],[124.1508,39.7458],[124.2271,39.9154],[124.3665,40.0002],[124.3508,40.0839],[124.5272,40.2311],[124.9069,40.4847],[125.0443,40.4665],[125.0018,40.5134],[125.0477,40.5505],[125.3054,40.6612],[125.4226,40.6355],[125.5854,40.7884],[125.679,40.7683],[125.6365,40.8079],[125.7056,40.8743],[125.521,40.9123],[125.5296,40.986],[125.4655,40.9624],[125.4437,41.0315],[125.3547,40.9985],[125.2309,41.1135],[124.736,41.1548],[124.5105,41.0494],[124.2972,41.0539],[124.2685,41.101],[124.2321,41.0422],[124.0936,41.036],[124.148,40.9573],[124.1344,40.8536],[123.8245,40.8626],[123.6953,40.8153],[123.5445,40.8611],[123.5589,40.713],[123.7311,40.649],[123.7693,40.4435],[123.7113,40.3002],[123.5605,40.1871],[123.5905,40.1303],[123.3771,39.9715],[123.4905,39.8981],[123.5188,39.7703]]],[[[123.8257,39.7863],[123.8254,39.7961],[123.8086,39.7915],[123.8257,39.7863]]],[[[123.7165,39.7452],[123.7567,39.7541],[123.7201,39.7631],[123.7165,39.7452]]],[[[124.8117,40.4043],[124.8289,40.4158],[124.7965,40.4002],[124.8117,40.4043]]]]}},{"type":"Feature","properties":{"name":"锦州","adcode":210700,"center":[121.135742,41.119269]},"bbox":[120.7203,40.7905,122.6004,42.1242],"geometry":{"type":"MultiPolygon","coordinates":[[[[121.5551,40.8496],[121.6636,40.9593],[121.6473,41.0625],[121.7634,41.1008],[121.5851,41.108],[121.6204,41.2068],[121.5803,41.2497],[121.747,41.3371],[122.0407,41.3715],[122.2838,41.5159],[122.4874,41.5663],[122.6004,41.7665],[122.4592,41.843],[122.4434,41.9012],[122.5231,41.9001],[122.4466,42.1242],[122.1533,42.0325],[121.8225,41.7828],[121.5388,41.7832],[121.4754,41.695],[121.2637,41.7945],[121.2245,41.6781],[120.976,41.5994],[120.8837,41.4212],[120.7703,41.3766],[120.7333,41.2748],[120.7697,41.2486],[120.7203,41.2196],[120.9383,41.1238],[120.955,41.0459],[121.0347,41.0505],[121.03,40.7905],[121.1452,40.8755],[121.5551,40.8496]]]]}},{"type":"Feature","properties":{"name":"营口","adcode":210800,"center":[122.235151,40.667432]},"bbox":[121.9359,39.9206,122.9992,40.9293],"geometry":{"type":"MultiPolygon","coordinates":[[[[121.9533,40.1289],[121.9934,40.0524],[122.5121,39.9206],[122.5612,39.9446],[122.5395,40.0621],[122.8511,40.1246],[122.8813,40.3069],[122.9992,40.477],[122.7976,40.5789],[122.6513,40.5847],[122.6498,40.7398],[122.516,40.7666],[122.5061,40.9293],[122.1824,40.8775],[122.0965,40.7969],[122.2727,40.6956],[122.1628,40.7115],[122.1341,40.6143],[122.2767,40.4752],[122.2221,40.4811],[122.251,40.4458],[122.1787,40.3656],[122.1111,40.3685],[122.1107,40.3158],[122.04,40.3222],[122.0269,40.245],[121.9359,40.2378],[122.0109,40.155],[121.9533,40.1289]]]]}},{"type":"Feature","properties":{"name":"阜新","adcode":210900,"center":[121.648962,42.011796]},"bbox":[121.0317,41.696,122.9744,42.8361],"geometry":{"type":"MultiPolygon","coordinates":[[[[122.8397,42.7183],[122.733,42.7859],[122.3593,42.8361],[122.3733,42.7754],[122.4572,42.7742],[122.3959,42.6842],[122.0611,42.7234],[121.9385,42.6879],[121.8694,42.528],[121.7132,42.4457],[121.6082,42.5158],[121.3884,42.4753],[121.0317,42.2536],[121.0845,42.1112],[121.0415,41.9802],[121.1921,41.9661],[121.2989,41.8841],[121.2637,41.7945],[121.4576,41.696],[121.5388,41.7832],[121.8351,41.7869],[121.8489,41.8453],[122.1533,42.0325],[122.901,42.3492],[122.8178,42.4168],[122.8194,42.4901],[122.9744,42.5643],[122.7473,42.6892],[122.8397,42.7183]]]]}},{"type":"Feature","properties":{"name":"辽阳","adcode":211000,"center":[123.18152,41.269402]},"bbox":[122.6225,40.7145,123.6897,41.6171],"geometry":{"type":"MultiPolygon","coordinates":[[[[122.6225,41.1998],[122.8245,41.0818],[122.9096,41.1942],[123.0382,41.2084],[123.2119,41.0981],[123.1925,40.9876],[123.0879,40.9755],[123.048,40.8718],[123.1362,40.7145],[123.5337,40.827],[123.6465,40.9307],[123.6897,41.0597],[123.5989,41.2067],[123.6702,41.2607],[123.6444,41.4582],[123.5802,41.4984],[123.4394,41.4693],[123.2195,41.5653],[123.1345,41.5362],[123.114,41.6171],[122.9297,41.4281],[122.7656,41.3683],[122.6225,41.1998]]]]}},{"type":"Feature","properties":{"name":"盘锦","adcode":211100,"center":[122.06957,41.124484]},"bbox":[121.5551,40.6808,122.4887,41.4596],"geometry":{"type":"MultiPolygon","coordinates":[[[[121.5551,40.8496],[121.6827,40.8296],[121.8161,40.8948],[121.9429,40.7888],[121.9513,40.6808],[122.2453,40.6833],[122.0965,40.7969],[122.1824,40.8775],[122.3323,40.8941],[122.3284,40.9711],[122.424,41.0128],[122.3689,41.1836],[122.4887,41.251],[122.2269,41.2019],[122.2803,41.354],[122.1937,41.4596],[121.8847,41.3225],[121.747,41.3371],[121.5803,41.2497],[121.6204,41.2068],[121.5851,41.108],[121.7634,41.1008],[121.6473,41.0625],[121.6636,40.9593],[121.5551,40.8496]]]]}},{"type":"Feature","properties":{"name":"铁岭","adcode":211200,"center":[123.844279,42.290585]},"bbox":[123.4496,41.9892,125.108,43.4712],"geometry":{"type":"MultiPolygon","coordinates":[[[[123.79,41.9892],[123.8807,42.0331],[124.0244,42.0117],[124.0952,42.0734],[124.3515,42.0122],[124.5501,42.119],[124.516,42.2367],[124.5746,42.3515],[124.7871,42.3396],[124.8217,42.4183],[124.9743,42.3681],[125.108,42.4789],[125.0668,42.5028],[125.0974,42.6221],[124.9685,42.6735],[124.9756,42.802],[124.8588,42.8203],[124.8444,43.0352],[124.895,43.1312],[124.6951,43.0573],[124.6594,42.9729],[124.4523,42.8259],[124.3665,42.8919],[124.4416,42.9599],[124.3334,42.9973],[124.4259,43.0763],[124.2925,43.1543],[124.2763,43.2334],[124.033,43.2809],[123.853,43.4056],[123.8493,43.4701],[123.7463,43.4712],[123.6312,43.089],[123.5468,42.9773],[123.6035,42.9303],[123.5693,42.6929],[123.7586,42.554],[123.6839,42.51],[123.6437,42.5531],[123.4545,42.4412],[123.5286,42.3397],[123.4496,42.2047],[123.8043,42.0582],[123.79,41.9892]]]]}},{"type":"Feature","properties":{"name":"朝阳","adcode":211300,"center":[120.451176,41.576758]},"bbox":[118.8491,40.5971,121.2989,42.388],"geometry":{"type":"MultiPolygon","coordinates":[[[[121.0275,42.2434],[120.8901,42.2718],[120.4809,42.1158],[120.4565,42.0163],[120.3328,41.9792],[120.0962,41.6971],[120.0353,41.7089],[120.0487,41.826],[119.8422,42.1035],[119.8467,42.2152],[119.617,42.2526],[119.5024,42.388],[119.2845,42.2652],[119.2379,42.2009],[119.385,42.0895],[119.2902,41.7834],[119.313,41.6401],[119.4199,41.5815],[119.3621,41.5665],[119.4034,41.4751],[119.3099,41.406],[119.3263,41.3294],[119.2402,41.3191],[119.1789,41.1778],[118.9371,41.0528],[119.0204,40.9979],[118.9035,40.9618],[118.8491,40.801],[119.0545,40.6647],[119.1762,40.6902],[119.1576,40.6052],[119.2359,40.5971],[119.4195,40.6961],[119.5281,40.8348],[119.6844,40.7805],[119.7152,40.8612],[119.8158,40.8722],[119.819,40.9297],[119.98,40.9332],[120.0298,41.003],[119.9937,41.0671],[120.0624,41.1016],[120.1992,41.001],[120.1799,40.9222],[120.3205,41.0004],[120.419,40.9564],[120.477,41.0776],[120.5987,41.1057],[120.6403,41.1841],[120.7715,41.1942],[120.7203,41.2196],[120.7697,41.2486],[120.7588,41.3574],[120.812,41.426],[120.8837,41.4212],[120.976,41.5994],[121.2245,41.6781],[121.2989,41.8841],[121.1632,41.9775],[121.0415,41.9802],[121.0845,42.1112],[121.0275,42.2434]]]]}},{"type":"Feature","properties":{"name":"葫芦岛","adcode":211400,"center":[120.856394,40.755572]},"bbox":[119.2206,39.9885,121.0397,41.199],"geometry":{"type":"MultiPolygon","coordinates":[[[[121.03,40.7905],[121.0347,41.0505],[120.955,41.0459],[120.9077,41.1457],[120.7014,41.199],[120.5275,41.0622],[120.477,41.0776],[120.4066,40.9533],[120.3205,41.0004],[120.1799,40.9222],[120.205,40.9914],[120.1128,41.0878],[119.9995,41.0756],[120.0298,41.003],[119.98,40.9332],[119.819,40.9297],[119.8158,40.8722],[119.7152,40.8612],[119.6844,40.7805],[119.5281,40.8348],[119.2206,40.5691],[119.573,40.5385],[119.6252,40.2242],[119.746,40.2079],[119.7709,40.0488],[119.914,39.9885],[119.9559,40.0467],[120.4833,40.1904],[120.619,40.46],[120.8227,40.5941],[120.8316,40.6743],[121.0397,40.7142],[120.9718,40.8057],[121.03,40.7905]]],[[[120.7865,40.4736],[120.8218,40.5178],[120.8024,40.513],[120.7865,40.4736]]],[[[120.6148,40.3967],[120.6207,40.3963],[120.6214,40.4062],[120.6148,40.3967]]]]}},{"type":"Feature","properties":{"name":"长春","adcode":220100,"center":[125.3245,43.886841]},"bbox":[124.0157,43.1616,127.0937,45.2523],"geometry":{"type":"MultiPolygon","coordinates":[[[[125.698,43.2627],[126.0189,43.3531],[125.8553,43.4954],[125.8937,43.6248],[125.8022,43.8278],[126.0422,43.8821],[126.0071,44.0274],[126.163,44.158],[126.4686,44.1828],[126.4936,44.38],[126.4248,44.4256],[126.4132,44.5285],[126.6277,44.5749],[126.8785,44.5122],[127.0504,44.567],[126.9842,44.825],[127.0937,44.9449],[126.9587,45.1379],[126.7926,45.1354],[126.5747,45.2523],[126.4202,45.2326],[126.1709,45.1463],[126.1882,45.0009],[126.1446,44.9816],[126.1925,44.9173],[126.0609,44.9027],[126.0497,44.7868],[125.9207,44.7714],[125.7199,44.939],[125.654,44.939],[125.6006,44.8857],[125.2472,44.8601],[125.3131,44.8142],[125.2625,44.796],[124.8689,44.7331],[124.8072,44.7041],[124.8264,44.666],[124.6343,44.6407],[124.5524,44.5694],[124.5455,44.5144],[124.6433,44.4486],[124.5508,44.4241],[124.6248,44.3593],[124.6051,44.2367],[124.7171,44.1924],[124.7616,44.2253],[124.7318,44.1487],[124.5164,44.1166],[124.3081,43.991],[124.0157,44.0045],[124.0853,43.8628],[124.0386,43.794],[124.0766,43.7177],[124.3623,43.7712],[124.5243,43.7552],[124.6661,43.6599],[124.7795,43.2112],[124.8405,43.1616],[124.8631,43.2854],[124.9317,43.3239],[124.8604,43.4067],[124.9161,43.4397],[124.8937,43.4812],[125.2541,43.6458],[125.3089,43.6111],[125.2477,43.4523],[125.3805,43.4736],[125.3866,43.5797],[125.453,43.5998],[125.4952,43.4219],[125.5826,43.4053],[125.5542,43.3455],[125.698,43.2627]]],[[[126.7167,44.533],[126.7191,44.5316],[126.7154,44.5333],[126.7167,44.533]]],[[[126.716,44.533],[126.7154,44.5333],[126.7191,44.5316],[126.716,44.533]]]]}},{"type":"Feature","properties":{"name":"吉林","adcode":220200,"center":[126.55302,43.843577]},"bbox":[125.6479,42.5615,127.9247,44.6436],"geometry":{"type":"MultiPolygon","coordinates":[[[[126.7504,42.6723],[126.8221,42.7775],[127.1917,42.8435],[127.2536,42.709],[127.2042,42.6084],[127.3196,42.6403],[127.4582,42.5615],[127.7176,42.8173],[127.8525,42.8111],[127.819,42.8758],[127.4698,43.0287],[127.48,43.1398],[127.6572,43.2602],[127.6174,43.3348],[127.6822,43.3543],[127.6982,43.4842],[127.8966,43.625],[127.9247,43.7079],[127.8134,43.8121],[127.8513,43.8961],[127.7625,43.9372],[127.8701,44.0558],[127.7292,44.099],[127.7195,44.2025],[127.6811,44.1669],[127.5905,44.2279],[127.6234,44.2776],[127.4879,44.3975],[127.4646,44.4867],[127.5682,44.5599],[127.4741,44.609],[127.1818,44.6436],[126.8785,44.5122],[126.6277,44.5749],[126.4525,44.5557],[126.4132,44.5285],[126.4248,44.4256],[126.4936,44.38],[126.4686,44.1828],[126.163,44.158],[126.0071,44.0274],[126.0422,43.8821],[125.8022,43.8278],[125.8937,43.6248],[125.8553,43.4954],[126.0205,43.3616],[125.6479,43.2228],[125.7876,43.0969],[125.6599,43.0584],[125.8216,42.9979],[125.8415,42.9257],[126.0293,42.7886],[126.384,42.8154],[126.4223,42.679],[126.5633,42.6708],[126.6487,42.7294],[126.7504,42.6723]]],[[[126.7202,44.534],[126.7096,44.5373],[126.7128,44.5324],[126.7202,44.534]]],[[[126.7037,44.5348],[126.7039,44.5333],[126.7074,44.5303],[126.7037,44.5348]]]]}},{"type":"Feature","properties":{"name":"四平","adcode":220300,"center":[124.370785,43.170344]},"bbox":[123.3045,42.8227,125.7876,44.1099],"geometry":{"type":"MultiPolygon","coordinates":[[[[124.0157,44.0045],[123.8186,43.9862],[123.6832,44.1099],[123.3285,44.071],[123.5372,43.6497],[123.5104,43.5923],[123.4262,43.6108],[123.4525,43.5457],[123.3045,43.5507],[123.316,43.492],[123.6086,43.3663],[123.7037,43.3707],[123.7979,43.4896],[124.0336,43.2811],[124.2763,43.2334],[124.2925,43.1543],[124.4259,43.0763],[124.3334,42.9974],[124.4423,42.9587],[124.3663,42.9025],[124.4659,42.8227],[124.6951,43.0572],[125.0434,43.2223],[125.2005,43.229],[125.3816,43.1052],[125.3672,43.2188],[125.4233,43.234],[125.4917,43.1815],[125.4958,43.1003],[125.704,43.056],[125.7876,43.0969],[125.6457,43.2173],[125.698,43.2627],[125.5416,43.3614],[125.5826,43.4053],[125.4952,43.4219],[125.453,43.5998],[125.3866,43.5797],[125.3805,43.4736],[125.2477,43.4523],[125.2901,43.6498],[125.0535,43.5917],[124.8937,43.4812],[124.9161,43.4397],[124.8604,43.4067],[124.9317,43.3239],[124.8631,43.2854],[124.8405,43.1616],[124.7795,43.2112],[124.6661,43.6599],[124.5243,43.7552],[124.3623,43.7712],[124.0766,43.7177],[124.0386,43.794],[124.0853,43.8628],[124.0157,44.0045]]]]}},{"type":"Feature","properties":{"name":"辽源","adcode":220400,"center":[125.145349,42.902692]},"bbox":[124.8408,42.3083,125.8442,43.2304],"geometry":{"type":"MultiPolygon","coordinates":[[[[124.8913,43.1329],[124.8408,43.0267],[124.8571,42.8238],[124.9751,42.8027],[124.9651,42.678],[125.0974,42.6221],[125.0691,42.4996],[125.1975,42.4078],[125.1754,42.3083],[125.5629,42.4351],[125.7276,42.6051],[125.6803,42.6108],[125.6476,42.739],[125.8442,42.7662],[125.7416,42.847],[125.7262,43.0229],[125.4958,43.1003],[125.435,43.2304],[125.3672,43.2188],[125.3816,43.1052],[125.2005,43.229],[125.0434,43.2223],[124.8913,43.1329]]]]}},{"type":"Feature","properties":{"name":"通化","adcode":220500,"center":[125.936501,41.721177]},"bbox":[125.2629,40.899,126.7504,43.0201],"geometry":{"type":"MultiPolygon","coordinates":[[[[125.2629,42.3131],[125.3059,42.1463],[125.3688,42.1828],[125.4899,42.1363],[125.2919,41.9588],[125.3516,41.9282],[125.2964,41.8873],[125.3464,41.762],[125.317,41.6773],[125.4464,41.6758],[125.5485,41.4008],[125.7911,41.1663],[125.5769,40.899],[126.0275,40.9019],[125.9779,40.9168],[126.1084,41.0067],[126.1221,41.0899],[126.2865,41.1631],[126.4396,41.3549],[126.5389,41.3627],[126.4974,41.4067],[126.5518,41.534],[126.3993,41.5168],[126.4255,41.6585],[126.3176,41.6546],[126.281,41.696],[126.3212,41.801],[126.1208,41.9536],[126.3974,42.0639],[126.47,42.1768],[126.5756,42.2055],[126.5109,42.4107],[126.6291,42.4705],[126.6228,42.5764],[126.7504,42.6723],[126.6487,42.7294],[126.5633,42.6708],[126.4223,42.679],[126.384,42.8154],[126.0293,42.7886],[125.7723,43.0201],[125.7416,42.847],[125.8442,42.7662],[125.6476,42.739],[125.7014,42.5737],[125.5858,42.5076],[125.5629,42.4351],[125.2629,42.3131]]]]}},{"type":"Feature","properties":{"name":"白山","adcode":220600,"center":[126.427839,41.942505]},"bbox":[126.1208,41.3645,128.3154,42.8435],"geometry":{"type":"MultiPolygon","coordinates":[[[[126.5518,41.534],[126.6083,41.6693],[126.7248,41.7113],[126.6966,41.7517],[126.7965,41.6959],[126.9316,41.8129],[127.0507,41.7447],[127.0938,41.6251],[127.1807,41.5992],[127.105,41.5458],[127.2782,41.5149],[127.2675,41.4798],[127.5475,41.4769],[127.6537,41.4069],[128.0102,41.4482],[128.1142,41.3645],[128.208,41.4117],[128.3154,41.6052],[128.17,41.7149],[128.1068,41.95],[127.9076,42.2436],[127.8084,42.307],[128.0436,42.4801],[127.9659,42.6532],[127.886,42.6748],[127.8376,42.7883],[127.7254,42.8219],[127.4582,42.5615],[127.3196,42.6403],[127.2042,42.6084],[127.2536,42.709],[127.1917,42.8435],[126.8221,42.7775],[126.8072,42.7026],[126.6228,42.5764],[126.6291,42.4705],[126.5109,42.4107],[126.5756,42.2055],[126.47,42.1768],[126.3974,42.0639],[126.1208,41.9536],[126.3212,41.801],[126.281,41.696],[126.3176,41.6546],[126.4255,41.6585],[126.3993,41.5168],[126.5518,41.534]]]]}},{"type":"Feature","properties":{"name":"松原","adcode":220700,"center":[124.823608,45.118243]},"bbox":[123.1234,43.9862,126.1964,45.5385],"geometry":{"type":"MultiPolygon","coordinates":[[[[123.1255,44.5093],[123.1234,44.3643],[123.3864,44.1619],[123.3285,44.071],[123.6832,44.1099],[123.8186,43.9862],[124.3081,43.991],[124.5164,44.1166],[124.7318,44.1487],[124.7616,44.2253],[124.6173,44.2116],[124.6248,44.3593],[124.5508,44.4241],[124.6433,44.4486],[124.5455,44.5144],[124.6343,44.6407],[124.8264,44.666],[124.8072,44.7041],[125.0263,44.788],[125.3131,44.8142],[125.2472,44.8601],[125.6006,44.8857],[125.654,44.939],[125.7199,44.939],[125.9207,44.7714],[126.0497,44.7868],[126.0609,44.9027],[126.1925,44.9173],[126.1446,44.9816],[126.1964,45.1032],[125.7519,45.2873],[125.6958,45.3507],[125.6879,45.514],[125.4251,45.4856],[125.3623,45.3927],[125.0697,45.3846],[125.0304,45.4894],[124.931,45.5385],[124.8762,45.4383],[124.7606,45.4684],[124.5442,45.4119],[124.3738,45.4586],[124.087,45.3278],[124.0694,45.2361],[123.9193,45.2095],[123.7203,45.0487],[123.4925,44.9595],[123.4197,44.8558],[123.5238,44.707],[123.2898,44.6359],[123.1255,44.5093]]]]}},{"type":"Feature","properties":{"name":"白城","adcode":220800,"center":[122.841114,45.619026]},"bbox":[121.6444,44.2329,124.3738,46.3036],"geometry":{"type":"MultiPolygon","coordinates":[[[[124.3738,45.4586],[124.3587,45.5448],[124.2837,45.5413],[124.2266,45.6334],[124.1472,45.6231],[124.1378,45.6872],[124.002,45.7707],[124.0626,45.7965],[124.0686,45.8688],[123.9657,45.9607],[124.0397,46.0311],[123.9665,46.2771],[123.9042,46.2588],[123.8963,46.3036],[123.5695,46.2236],[123.2233,46.2705],[123.1285,46.2105],[123.1124,46.1301],[122.7931,46.0732],[122.8267,45.898],[122.7524,45.8348],[122.7925,45.7663],[122.742,45.7052],[122.6715,45.7006],[122.5561,45.8216],[122.5043,45.7877],[122.446,45.9169],[122.3621,45.9174],[122.3731,45.8561],[122.2627,45.795],[122.0046,45.9846],[121.8129,46.0259],[121.7591,45.9936],[121.8171,45.8756],[121.6444,45.7525],[121.7568,45.6907],[121.9448,45.7141],[122.0025,45.5079],[122.1799,45.4096],[122.1472,45.2956],[122.2418,45.2477],[122.1099,45.1421],[122.045,44.8995],[122.0999,44.7824],[122.1691,44.7703],[122.0989,44.7448],[122.1614,44.7283],[122.1135,44.6154],[122.2861,44.4778],[122.2659,44.2673],[122.3194,44.2329],[122.6755,44.2858],[123.2898,44.6359],[123.5238,44.707],[123.4197,44.8558],[123.4925,44.9595],[123.7203,45.0487],[123.9193,45.2095],[124.0694,45.2361],[124.087,45.3278],[124.3738,45.4586]]]]}},{"type":"Feature","properties":{"name":"延边朝鲜族自治州","adcode":222400,"center":[129.513228,42.904823]},"bbox":[127.4698,41.9964,131.3195,44.5094],"geometry":{"type":"MultiPolygon","coordinates":[[[[128.0646,42.0115],[128.5692,41.9964],[128.7504,42.0505],[128.9305,42.0141],[128.9713,42.097],[129.2159,42.2082],[129.1832,42.2621],[129.2416,42.3124],[129.2045,42.319],[129.3548,42.4095],[129.3512,42.4543],[129.5462,42.3615],[129.6161,42.4639],[129.7215,42.4372],[129.7863,42.6071],[129.7648,42.7225],[129.8602,42.9674],[129.9397,43.0123],[130.144,42.9764],[130.1022,42.9229],[130.1361,42.9035],[130.2672,42.9029],[130.2548,42.7147],[130.4468,42.6072],[130.4418,42.5498],[130.5228,42.6224],[130.5811,42.4356],[130.6402,42.4227],[130.5656,42.5065],[130.6335,42.5908],[130.5921,42.6717],[130.4021,42.7294],[130.6671,42.8482],[131.0433,42.8632],[131.0338,42.9287],[131.1456,42.9366],[131.1025,43.0214],[131.2185,43.1471],[131.2029,43.2284],[131.3176,43.3974],[131.3195,43.4987],[131.1426,43.426],[131.0013,43.5076],[130.8598,43.4391],[130.6239,43.6242],[130.4128,43.6527],[130.3452,44.051],[130.0798,43.8353],[129.9357,44.0274],[129.7852,43.9646],[129.7802,43.8928],[129.2549,43.8195],[129.2121,43.785],[129.2254,43.5881],[129.0143,43.5233],[128.878,43.5401],[128.7286,43.7379],[128.7609,43.8577],[128.6364,43.8914],[128.4501,44.2037],[128.4628,44.433],[128.3467,44.5094],[128.2118,44.4321],[128.1718,44.3465],[128.0503,44.3504],[128.1015,44.2904],[128.0605,44.1686],[128.1008,44.1354],[127.7834,43.9959],[127.7625,43.9372],[127.861,43.8822],[127.8078,43.8279],[127.9159,43.7306],[127.9164,43.6579],[127.6982,43.4842],[127.6822,43.3543],[127.6174,43.3348],[127.6342,43.2238],[127.48,43.1398],[127.4698,43.0287],[127.819,42.8758],[127.8504,42.7249],[128.0278,42.5612],[128.0072,42.4142],[127.8084,42.307],[128.0646,42.0115]]]]}},{"type":"Feature","properties":{"name":"哈尔滨","adcode":230100,"center":[126.642464,45.756967]},"bbox":[125.688,44.0645,130.2401,46.6669],"geometry":{"type":"MultiPolygon","coordinates":[[[[125.7613,45.5313],[125.688,45.514],[125.6958,45.3507],[125.997,45.1627],[126.2356,45.1402],[126.5696,45.2527],[126.7926,45.1354],[126.9643,45.1322],[127.0876,44.9567],[126.9842,44.8245],[127.0535,44.5669],[127.2104,44.6482],[127.557,44.5756],[127.4646,44.4867],[127.4879,44.3975],[127.6235,44.2779],[127.5906,44.2279],[127.6817,44.167],[127.7198,44.2023],[127.7289,44.0995],[127.9081,44.0645],[128.1015,44.1358],[128.0604,44.1686],[128.1014,44.2899],[128.0503,44.3505],[128.1887,44.3643],[128.4084,44.6759],[128.6916,44.6632],[128.9046,44.8834],[129.0616,44.9037],[128.9974,45.0645],[129.1503,45.1123],[129.1058,45.1633],[129.2099,45.2234],[129.0624,45.3388],[129.1942,45.3896],[129.1178,45.474],[129.1093,45.6254],[129.3109,45.6252],[129.3443,45.7358],[129.5566,45.8171],[129.586,45.8871],[129.794,45.8971],[129.8082,45.9871],[129.9493,45.9084],[130.1162,45.9265],[130.1158,46.0696],[130.2401,46.1223],[129.9238,46.376],[130.1154,46.3867],[130.1978,46.6172],[130.1265,46.5981],[130.1389,46.5042],[130.0418,46.5263],[130.0867,46.6041],[129.9888,46.5651],[129.9212,46.6294],[129.6834,46.5366],[129.5928,46.6089],[129.3557,46.6528],[129.2423,46.6203],[129.1974,46.536],[129.0822,46.5579],[129.0207,46.4878],[128.9137,46.5262],[128.7042,46.4838],[128.6795,46.5758],[128.4673,46.6255],[128.1211,46.5085],[127.8147,46.6059],[127.5697,46.5125],[127.4084,46.6669],[127.1873,46.6426],[126.6821,46.3759],[126.6156,46.2358],[126.4232,46.0848],[126.1708,46.0615],[126.3654,45.8771],[126.3581,45.725],[126.124,45.6738],[126.0266,45.7115],[125.8482,45.5097],[125.7613,45.5313]]]]}},{"type":"Feature","properties":{"name":"齐齐哈尔","adcode":230200,"center":[123.95792,47.342081]},"bbox":[122.4182,46.2258,126.6665,48.924],"geometry":{"type":"MultiPolygon","coordinates":[[[[124.7502,48.924],[124.5186,48.5543],[124.5554,48.4692],[124.508,48.4469],[124.5188,48.378],[124.5804,48.2539],[124.4641,48.0977],[124.4162,48.0879],[124.4758,48.173],[124.4208,48.1811],[124.3188,48.3471],[124.3142,48.5039],[124.2591,48.5366],[123.5712,48.0408],[123.289,47.9432],[123.1649,47.7831],[122.5747,47.5354],[122.4182,47.3505],[122.6214,47.1217],[122.852,47.0723],[122.7748,46.9741],[122.8953,46.9603],[122.907,46.8074],[123.0266,46.7188],[123.1637,46.7401],[123.2373,46.8621],[123.3746,46.8377],[123.4047,46.9355],[123.3017,46.9999],[123.4275,46.9345],[123.5271,46.9592],[123.5142,46.8261],[123.6056,46.8913],[123.6043,46.6897],[123.0025,46.5745],[123.0106,46.4358],[123.1786,46.2481],[123.5665,46.2258],[123.8499,46.3024],[123.8663,46.4186],[123.7545,46.6424],[123.7664,46.7418],[123.8555,46.7443],[123.8873,46.6848],[124.0037,46.7371],[123.928,46.8625],[124.0006,47.0025],[124.073,47.005],[124.196,47.1313],[124.4189,47.1839],[124.4464,47.3528],[124.6337,47.3078],[125.0474,47.4788],[125.0798,47.3933],[125.3149,47.3813],[125.3329,47.2865],[125.4075,47.2855],[126.4463,47.3799],[126.5334,47.4826],[126.5186,47.7256],[126.5664,47.7267],[126.5666,47.8804],[126.6312,47.9493],[126.5901,48.0639],[126.6665,48.1312],[126.573,48.2156],[126.3187,48.1783],[126.2897,48.2715],[125.8434,48.3579],[125.7997,48.5563],[125.707,48.5624],[125.7154,48.6096],[125.8925,48.6369],[125.8737,48.6685],[126.0078,48.7382],[125.9597,48.7807],[125.8388,48.8673],[125.6978,48.8032],[125.6226,48.891],[125.3091,48.7268],[125.1288,48.7258],[124.9928,48.8134],[125.0131,48.8915],[124.7502,48.924]]]]}},{"type":"Feature","properties":{"name":"鸡西","adcode":230300,"center":[130.975966,45.300046]},"bbox":[130.3988,44.8546,133.95,46.6103],"geometry":{"type":"MultiPolygon","coordinates":[[[[131.7889,45.904],[131.574,45.9155],[131.4521,45.8127],[131.4788,45.7246],[131.3575,45.7058],[131.3048,45.5981],[131.0201,45.6863],[130.8907,45.61],[130.777,45.6189],[130.744,45.5092],[130.493,45.3372],[130.4338,45.2052],[130.4677,45.1694],[130.3988,45.1241],[130.4854,45.0549],[130.5566,45.101],[130.7205,44.9654],[130.8665,44.9912],[130.9681,44.8546],[131.1078,44.9381],[131.4935,44.9681],[131.6853,45.1158],[131.6817,45.2151],[131.7936,45.2117],[131.8876,45.3423],[132.0257,45.2506],[133.0077,45.0428],[133.1388,45.127],[133.0978,45.2849],[133.1869,45.4928],[133.4642,45.6184],[133.4918,45.6721],[133.4303,45.7],[133.5052,45.7857],[133.4711,45.838],[133.6727,45.9403],[133.7461,46.0652],[133.6941,46.1565],[133.9101,46.2545],[133.923,46.3307],[133.8735,46.3596],[133.95,46.3948],[133.8523,46.4501],[133.8639,46.5274],[133.5077,46.517],[133.3209,46.6103],[133.2323,46.5768],[133.2074,46.4712],[133.0905,46.468],[132.9016,46.1401],[132.7287,46.1852],[132.4853,45.9924],[132.3091,46.0293],[132.2777,45.8921],[132.2125,45.8464],[131.9711,45.8201],[131.9274,45.8844],[131.8676,45.7991],[131.7887,45.7893],[131.7889,45.904]]]]}},{"type":"Feature","properties":{"name":"鹤岗","adcode":230400,"center":[130.277487,47.332085]},"bbox":[129.675,47.0617,132.5239,48.3573],"geometry":{"type":"MultiPolygon","coordinates":[[[[130.7851,48.3573],[130.675,48.3061],[130.2902,48.2937],[130.2514,48.1655],[130.1299,48.1459],[129.8797,48.3168],[129.7834,48.241],[129.8093,48.1737],[129.7335,48.104],[129.7809,47.9991],[129.675,47.979],[129.7731,47.7825],[129.913,47.7171],[129.9348,47.5651],[129.8693,47.5382],[129.9032,47.441],[129.838,47.4263],[129.9146,47.3603],[129.8513,47.3204],[130.1264,47.2074],[130.2093,47.0918],[130.3561,47.0617],[130.4125,47.1287],[130.5387,47.1225],[130.6928,47.2049],[130.5607,47.3147],[130.6249,47.3385],[130.7923,47.2907],[130.9835,47.3183],[130.9681,47.2207],[131.095,47.1929],[131.196,47.2244],[131.3392,47.1818],[131.4818,47.2536],[132.0042,47.2526],[132.0479,47.3661],[132.4118,47.5404],[132.4563,47.6811],[132.5239,47.7162],[132.3446,47.7672],[131.9706,47.6716],[131.7139,47.7112],[131.5904,47.6608],[131.5438,47.736],[131.456,47.7472],[131.0301,47.6948],[130.8914,47.9272],[130.6688,48.0992],[130.8459,48.3007],[130.7851,48.3573]]]]}},{"type":"Feature","properties":{"name":"双鸭山","adcode":230500,"center":[131.157304,46.643442]},"bbox":[130.6572,45.7893,134.5518,47.8871],"geometry":{"type":"MultiPolygon","coordinates":[[[[134.4982,47.4493],[134.5518,47.7846],[134.5134,47.7846],[134.5174,47.8838],[134.4652,47.8871],[134.3844,47.828],[134.3278,47.673],[134.1918,47.5885],[134.1087,47.6173],[134.0527,47.5279],[133.6933,47.544],[133.5934,47.4416],[133.4551,47.4655],[133.2928,47.3024],[133.2963,47.2014],[133.149,46.8991],[132.8779,46.7677],[132.4325,46.8282],[132.3642,46.7676],[132.2078,46.8157],[132.1953,46.8779],[132.2672,46.9437],[132.0591,46.9895],[131.8396,46.9582],[131.8647,46.8866],[131.5291,46.891],[131.5392,47.0763],[131.4083,47.0689],[131.405,47.0263],[131.2127,46.9654],[131.0133,46.9891],[130.8364,46.9397],[130.8285,46.8548],[130.6661,46.8309],[130.6572,46.781],[130.7306,46.7149],[130.744,46.5979],[130.9451,46.5796],[131.0627,46.4008],[131.2477,46.3661],[131.4104,46.2492],[131.7212,46.2016],[131.7072,46.0921],[131.778,46.0592],[131.9291,46.0753],[131.9259,46.0036],[131.7889,45.904],[131.7887,45.7893],[131.8676,45.7991],[131.9274,45.8844],[131.9711,45.8201],[132.1975,45.8436],[132.2777,45.8921],[132.3091,46.0293],[132.4853,45.9924],[132.7287,46.1852],[132.8659,46.1265],[132.9532,46.1696],[133.0285,46.3085],[132.9952,46.3449],[133.0837,46.4009],[133.0905,46.468],[133.2074,46.4712],[133.2323,46.5768],[133.3209,46.6103],[133.5077,46.517],[133.8707,46.5083],[134.0112,46.6382],[134.0641,46.98],[134.1414,47.0915],[134.2223,47.1053],[134.2302,47.1822],[134.1573,47.2484],[134.1776,47.3264],[134.315,47.4333],[134.4982,47.4493]]]]}},{"type":"Feature","properties":{"name":"大庆","adcode":230600,"center":[125.11272,46.590734]},"bbox":[123.7545,45.3846,125.8066,47.4788],"geometry":{"type":"MultiPolygon","coordinates":[[[[125.3329,47.2865],[125.3149,47.3813],[125.0798,47.3933],[125.0474,47.4788],[124.6337,47.3078],[124.4464,47.3528],[124.4189,47.1839],[124.196,47.1313],[124.073,47.005],[124.0006,47.0025],[123.928,46.8625],[124.0037,46.7371],[123.8873,46.6848],[123.8555,46.7443],[123.7664,46.7418],[123.7545,46.6424],[123.8663,46.4186],[123.8456,46.3134],[123.9175,46.2568],[123.9583,46.29],[124.041,46.0252],[123.9657,45.9607],[124.0686,45.8688],[124.002,45.7706],[124.135,45.6905],[124.1473,45.623],[124.2266,45.6334],[124.2647,45.555],[124.3587,45.5448],[124.3988,45.4406],[124.8864,45.4427],[124.9149,45.5395],[125.0256,45.4933],[125.0698,45.3846],[125.3699,45.3949],[125.4251,45.4856],[125.7613,45.5313],[125.7156,45.6633],[125.8066,45.6996],[125.72,45.7693],[125.7812,45.7992],[125.7234,45.7971],[125.6958,45.9075],[125.4201,45.8855],[125.3571,46.1479],[125.1169,46.1866],[125.0906,46.2662],[125.0791,46.1714],[125.2235,46.1376],[125.1473,46.044],[124.8759,46.0686],[124.9312,46.1113],[124.9177,46.2088],[125.0525,46.2582],[125.0361,46.4064],[124.9871,46.4301],[125.0759,46.4897],[125.1723,46.4828],[125.1258,46.4483],[125.1616,46.4284],[125.2708,46.4361],[125.1613,46.52],[125.2652,46.5088],[125.1811,46.6528],[125.2765,46.6749],[125.1424,46.76],[125.2358,46.9636],[125.3434,46.9982],[125.2853,47.0832],[125.3329,47.2865]]]]}},{"type":"Feature","properties":{"name":"伊春","adcode":230700,"center":[128.899396,47.724775]},"bbox":[127.6329,46.4838,130.7787,49.4421],"geometry":{"type":"MultiPolygon","coordinates":[[[[128.239,46.5772],[128.3801,46.5651],[128.4673,46.6255],[128.6795,46.5758],[128.7042,46.4838],[128.9137,46.5262],[129.0207,46.4878],[129.0822,46.5579],[129.1974,46.536],[129.2815,46.642],[129.4393,46.6044],[129.7076,46.7384],[129.5349,46.9811],[129.7083,47.0627],[129.691,47.1204],[129.7585,47.1482],[129.7958,47.2641],[129.8999,47.3048],[129.8513,47.3204],[129.9146,47.3603],[129.838,47.4263],[129.9032,47.441],[129.8693,47.5382],[129.9348,47.5651],[129.9089,47.7259],[129.7731,47.7825],[129.6784,47.9549],[129.7809,47.9991],[129.7335,48.104],[129.8093,48.1737],[129.7834,48.241],[129.8797,48.3168],[130.1299,48.1459],[130.2514,48.1655],[130.2902,48.2937],[130.7637,48.3349],[130.7787,48.4943],[130.6212,48.496],[130.6057,48.594],[130.5385,48.6119],[130.6805,48.881],[130.5199,48.8586],[130.4446,48.91],[130.2454,48.8665],[129.9373,49.0404],[129.7304,49.2883],[129.5845,49.2823],[129.5185,49.4237],[129.4224,49.4421],[129.3581,49.3561],[129.2029,49.3516],[129.1712,49.2842],[129.2412,49.1777],[129.2227,49.0867],[129.4445,49.0371],[129.5263,48.8698],[129.4356,48.8047],[129.1828,48.7666],[129.2301,48.6822],[129.1997,48.6234],[129.0332,48.5704],[128.9127,48.2801],[128.8153,48.2588],[128.7417,48.4097],[128.4979,48.3777],[128.3969,48.2966],[128.3344,48.1479],[128.1321,48.0783],[128.1745,48.0578],[128.164,47.9444],[128.2872,47.9284],[128.3508,47.8547],[128.276,47.8173],[128.2628,47.7545],[128.3222,47.7167],[128.2383,47.5249],[128.4499,47.4001],[128.4546,47.347],[128.5526,47.4078],[128.4855,47.2444],[128.2426,47.1061],[127.8716,47.0807],[127.6329,47.0004],[128.0823,46.6172],[128.239,46.5772]]]]}},{"type":"Feature","properties":{"name":"佳木斯","adcode":230800,"center":[130.361634,46.809606]},"bbox":[129.5014,45.9477,135.0829,48.4596],"geometry":{"type":"MultiPolygon","coordinates":[[[[134.4982,47.4493],[134.7848,47.7393],[134.5515,48.0328],[134.6794,48.1555],[134.6794,48.2564],[135.0829,48.3964],[135.0685,48.4596],[134.7644,48.3701],[134.5017,48.419],[134.2035,48.3824],[133.7407,48.2548],[133.5217,48.115],[133.0666,48.117],[132.8189,47.9371],[132.6614,47.9448],[132.6873,47.8851],[132.6003,47.7408],[132.4563,47.6811],[132.4118,47.5404],[132.0479,47.3661],[132.0042,47.2526],[131.4818,47.2536],[131.3392,47.1818],[131.196,47.2244],[131.095,47.1929],[130.9681,47.2207],[130.9835,47.3183],[130.7923,47.2907],[130.6249,47.3385],[130.5607,47.3147],[130.6928,47.2049],[130.5387,47.1225],[130.4125,47.1287],[130.3561,47.0617],[130.2093,47.0918],[130.1264,47.2074],[129.8999,47.3048],[129.7958,47.2641],[129.7585,47.1482],[129.691,47.1204],[129.7083,47.0627],[129.5349,46.9811],[129.7076,46.7384],[129.5893,46.7139],[129.5014,46.6194],[129.7612,46.5318],[129.9212,46.6294],[129.9888,46.5651],[130.0867,46.6041],[130.0418,46.5263],[130.1389,46.5042],[130.1146,46.5742],[130.1911,46.625],[130.1392,46.4077],[129.9238,46.376],[130.2401,46.1223],[130.6558,45.9477],[130.7008,46.001],[131.033,46.0219],[131.063,46.0679],[131.1434,46.0076],[131.2742,46.0489],[131.2832,45.9683],[131.3552,46.0198],[131.4104,46.2492],[131.2477,46.3661],[131.0627,46.4008],[130.9451,46.5796],[130.7198,46.625],[130.7452,46.6785],[130.6685,46.7433],[130.6661,46.8309],[130.8285,46.8548],[130.8364,46.9397],[131.0133,46.9891],[131.2127,46.9654],[131.405,47.0263],[131.4083,47.0689],[131.5392,47.0763],[131.5291,46.891],[131.8647,46.8866],[131.8396,46.9582],[132.0591,46.9895],[132.2672,46.9437],[132.1953,46.8779],[132.2379,46.8024],[132.4007,46.7629],[132.4325,46.8282],[132.7197,46.8172],[132.8122,46.7539],[133.149,46.8991],[133.2963,47.2014],[133.2928,47.3024],[133.4551,47.4655],[133.5934,47.4416],[133.6933,47.544],[134.0527,47.5279],[134.1087,47.6173],[134.1918,47.5885],[134.3278,47.673],[134.3844,47.828],[134.4652,47.8871],[134.5174,47.8838],[134.5134,47.7846],[134.5518,47.7846],[134.4982,47.4493]]],[[[131.506,46.2493],[131.5296,46.1284],[131.6304,46.2179],[131.506,46.2493]]]]}},{"type":"Feature","properties":{"name":"七台河","adcode":230900,"center":[131.015584,45.771266]},"bbox":[130.1117,45.5888,131.9291,46.2493],"geometry":{"type":"MultiPolygon","coordinates":[[[[131.6304,46.2179],[131.5296,46.1284],[131.506,46.2493],[131.4104,46.2492],[131.3552,46.0198],[131.2832,45.9683],[131.2742,46.0489],[131.1434,46.0076],[131.063,46.0679],[131.033,46.0219],[130.7008,46.001],[130.6558,45.9477],[130.2401,46.1223],[130.1117,46.0553],[130.1162,45.9265],[130.1956,45.8729],[130.1693,45.6963],[130.3092,45.6254],[130.4104,45.6729],[130.4825,45.6068],[130.6274,45.5888],[130.7194,45.657],[130.8907,45.61],[131.0201,45.6863],[131.3048,45.5981],[131.3575,45.7058],[131.4788,45.7246],[131.4521,45.8127],[131.574,45.9155],[131.7889,45.904],[131.9259,46.0036],[131.9291,46.0753],[131.7072,46.0921],[131.7212,46.2016],[131.6304,46.2179]]]]}},{"type":"Feature","properties":{"name":"牡丹江","adcode":231000,"center":[129.618602,44.582962]},"bbox":[128.253,43.4258,131.3106,45.9871],"geometry":{"type":"MultiPolygon","coordinates":[[[[128.253,44.4467],[128.3727,44.5143],[128.462,44.4344],[128.4505,44.2048],[128.6365,43.8913],[128.7609,43.8577],[128.7276,43.7409],[128.878,43.5401],[129.0144,43.5233],[129.2296,43.593],[129.2113,43.7825],[129.2552,43.8197],[129.7428,43.876],[129.7822,43.9625],[129.9363,44.0276],[130.0664,43.8344],[130.3532,44.0503],[130.413,43.6523],[130.6301,43.6224],[130.8618,43.4381],[131.0015,43.5076],[131.1425,43.4258],[131.306,43.4794],[131.2003,43.5328],[131.2448,43.6042],[131.2434,43.987],[131.3106,44.0466],[131.0934,44.7457],[130.9728,44.82],[130.8665,44.9912],[130.7205,44.9654],[130.5566,45.101],[130.4854,45.0549],[130.3988,45.1241],[130.4677,45.1694],[130.4338,45.2052],[130.493,45.3372],[130.744,45.5092],[130.777,45.6189],[130.7194,45.657],[130.6274,45.5888],[130.4825,45.6068],[130.4104,45.6729],[130.3404,45.6191],[130.213,45.6521],[130.1693,45.6963],[130.1956,45.8729],[130.1162,45.9265],[129.9493,45.9084],[129.8082,45.9871],[129.794,45.8971],[129.586,45.8871],[129.5566,45.8171],[129.3443,45.7358],[129.3109,45.6252],[129.1093,45.6254],[129.1178,45.474],[129.1942,45.3896],[129.0624,45.3388],[129.2099,45.2234],[129.1058,45.1633],[129.1503,45.1123],[128.9974,45.0645],[129.0616,44.9037],[128.9046,44.8834],[128.6916,44.6632],[128.4084,44.6759],[128.253,44.4467]]]]}},{"type":"Feature","properties":{"name":"黑河","adcode":231100,"center":[127.499023,50.249585]},"bbox":[124.7502,47.5886,129.5263,51.0032],"geometry":{"type":"MultiPolygon","coordinates":[[[[126.0199,50.9208],[125.8399,50.7563],[125.7589,50.7468],[125.8252,50.7049],[125.7876,50.6772],[125.8293,50.5616],[125.5132,50.4094],[125.5467,50.3604],[125.4634,50.2958],[125.4646,50.2299],[125.3379,50.159],[125.376,50.1375],[125.2775,50.1247],[125.3373,50.0559],[125.1836,49.9527],[125.2442,49.8756],[125.1779,49.8294],[125.2273,49.7922],[125.2209,49.6722],[125.1274,49.655],[125.2346,49.592],[125.2113,49.54],[125.2701,49.4551],[125.221,49.191],[125.1205,49.1272],[125.0398,49.1763],[124.8609,49.1665],[124.7502,48.924],[125.0131,48.8915],[124.9928,48.8134],[125.1288,48.7258],[125.3091,48.7268],[125.6226,48.891],[125.6978,48.8032],[125.8388,48.8673],[125.9597,48.7807],[126.0078,48.7382],[125.8737,48.6685],[125.8925,48.6369],[125.7154,48.6096],[125.707,48.5624],[125.7997,48.5563],[125.8434,48.3579],[126.2897,48.2715],[126.3187,48.1783],[126.573,48.2156],[126.6665,48.1312],[126.5901,48.0639],[126.6312,47.9493],[126.5666,47.8804],[126.5664,47.7267],[126.5186,47.7256],[126.5401,47.5886],[126.8034,47.7427],[126.9315,47.7132],[127.1487,47.7884],[127.6607,47.8394],[127.693,47.7771],[127.8919,47.955],[127.88,48.0607],[127.9807,48.0977],[128.088,48.0617],[128.3344,48.1479],[128.3969,48.2966],[128.4979,48.3777],[128.7417,48.4097],[128.8503,48.251],[128.9127,48.2801],[129.0332,48.5704],[129.1997,48.6234],[129.2301,48.6822],[129.1828,48.7666],[129.4356,48.8047],[129.5263,48.8698],[129.4445,49.0371],[129.2227,49.0867],[129.2412,49.1777],[129.1712,49.2842],[129.2419,49.3787],[129.3014,49.3706],[129.2665,49.396],[129.0849,49.3599],[129.0136,49.4573],[128.7614,49.4821],[128.7841,49.5898],[128.1858,49.5394],[127.8151,49.5939],[127.7052,49.6652],[127.6749,49.7641],[127.5323,49.826],[127.5474,49.9288],[127.4958,49.9945],[127.6085,50.2298],[127.3323,50.3406],[127.3646,50.4384],[127.2938,50.4658],[127.3707,50.5813],[127.2946,50.6636],[127.3028,50.7482],[127.114,50.9377],[127.0309,50.9813],[126.9948,50.9267],[126.4763,50.9021],[126.2437,51.0032],[126.0199,50.9208]]]]}},{"type":"Feature","properties":{"name":"绥化","adcode":231200,"center":[126.99293,46.637393]},"bbox":[124.8759,45.5097,128.5378,48.0977],"geometry":{"type":"MultiPolygon","coordinates":[[[[125.7613,45.5313],[125.8482,45.5097],[126.0266,45.7115],[126.124,45.6738],[126.3581,45.725],[126.3654,45.8771],[126.1708,46.0615],[126.4232,46.0848],[126.6156,46.2358],[126.6821,46.3759],[127.1873,46.6426],[127.4084,46.6669],[127.5697,46.5125],[127.8147,46.6059],[128.0855,46.5084],[128.2006,46.5347],[128.239,46.5772],[128.0823,46.6172],[127.6329,47.0004],[127.8716,47.0807],[128.2426,47.1061],[128.4855,47.2444],[128.5378,47.4284],[128.4546,47.347],[128.4499,47.4001],[128.3788,47.4037],[128.2282,47.5416],[128.2953,47.6035],[128.3222,47.7167],[128.2662,47.784],[128.3403,47.8246],[128.339,47.8925],[128.164,47.9444],[128.1574,48.0704],[127.9807,48.0977],[127.88,48.0607],[127.8919,47.955],[127.693,47.7771],[127.6607,47.8394],[127.5416,47.8327],[126.7113,47.7135],[126.5874,47.6385],[126.4463,47.3799],[125.3329,47.2865],[125.2853,47.0832],[125.3434,46.9982],[125.2358,46.9636],[125.1424,46.76],[125.2765,46.6749],[125.1811,46.6528],[125.2652,46.5088],[125.1613,46.52],[125.2708,46.4361],[125.1616,46.4284],[125.1258,46.4483],[125.1723,46.4828],[125.0759,46.4897],[124.9871,46.4301],[125.0361,46.4064],[125.0525,46.2582],[124.9177,46.2088],[124.9312,46.1113],[124.8759,46.0686],[125.1473,46.044],[125.2235,46.1376],[125.0791,46.1714],[125.0906,46.2662],[125.1169,46.1866],[125.3571,46.1479],[125.4201,45.8855],[125.6958,45.9075],[125.7234,45.7971],[125.7812,45.7992],[125.72,45.7693],[125.8066,45.6996],[125.7156,45.6633],[125.7613,45.5313]]]]}},{"type":"Feature","properties":{"name":"大兴安岭地区","adcode":232700,"center":[124.711526,52.335262]},"bbox":[121.1824,50.202,127.0309,53.5636],"geometry":{"type":"MultiPolygon","coordinates":[[[[127.0309,50.9813],[126.9228,51.0619],[126.9,51.2007],[126.9841,51.3188],[126.8765,51.3163],[126.9088,51.2468],[126.8203,51.2809],[126.9239,51.3871],[126.7913,51.4326],[126.8373,51.536],[126.6791,51.6022],[126.7411,51.6422],[126.7343,51.7115],[126.4626,51.9485],[126.4509,52.0277],[126.5249,52.0456],[126.5602,52.1339],[126.307,52.2057],[126.4347,52.2979],[126.328,52.3104],[126.3536,52.3893],[126.2705,52.4744],[126.1908,52.4741],[126.2065,52.5352],[125.9686,52.6303],[126.0618,52.6734],[126.0442,52.7417],[126.1079,52.7742],[125.9667,52.76],[125.8361,52.8988],[125.6785,52.861],[125.6722,52.9224],[125.752,52.9855],[125.6138,53.0834],[125.5307,53.051],[125.142,53.2043],[124.8876,53.1644],[124.8726,53.0991],[124.6841,53.2064],[124.4358,53.2239],[124.2394,53.3797],[124.109,53.3553],[123.894,53.4813],[123.621,53.5501],[123.5534,53.4981],[123.5467,53.5517],[123.4909,53.5427],[123.4991,53.4978],[123.2804,53.5636],[123.1374,53.4983],[122.462,53.4443],[122.3501,53.5055],[121.4995,53.3372],[121.6789,53.2414],[121.6564,53.1789],[121.8132,53.0546],[121.5912,52.8247],[121.1824,52.5993],[121.6401,52.4444],[121.7141,52.3181],[121.8411,52.2827],[121.9477,52.2984],[122.1692,52.5136],[122.4472,52.394],[122.4781,52.2962],[122.7873,52.2527],[122.738,52.1535],[122.6292,52.1366],[122.6251,52.0676],[122.7262,51.9788],[122.7501,51.7477],[122.8846,51.5498],[122.8546,51.4777],[123.0027,51.3122],[123.4401,51.2709],[123.6619,51.3192],[123.7111,51.3983],[123.9262,51.3006],[124.2111,51.3487],[124.4065,51.2721],[124.4902,51.3804],[124.6245,51.3287],[124.8851,51.388],[124.9288,51.4985],[125.0475,51.5296],[125.1285,51.659],[125.37,51.6139],[125.7579,51.2273],[125.9937,51.1189],[126.0748,50.964],[126.0199,50.9208],[126.2437,51.0032],[126.4763,50.9021],[126.9948,50.9267],[127.0309,50.9813]]],[[[124.1431,50.5661],[123.9836,50.5103],[124.0053,50.4345],[123.9203,50.373],[123.7805,50.4371],[123.7777,50.3445],[123.8789,50.2087],[124.3597,50.202],[124.3453,50.3319],[124.4399,50.3856],[124.4335,50.5467],[124.1431,50.5661]]]]}},{"type":"Feature","properties":{"name":"南京","adcode":320100,"center":[118.767413,32.041544]},"bbox":[118.3644,31.2294,119.2417,32.589],"geometry":{"type":"MultiPolygon","coordinates":[[[[119.0675,32.4624],[118.8879,32.5549],[118.902,32.589],[118.5695,32.5864],[118.5967,32.4766],[118.6893,32.4735],[118.7079,32.3384],[118.6441,32.21],[118.5098,32.1943],[118.5008,32.1216],[118.385,32.0608],[118.3644,31.9302],[118.5047,31.8417],[118.4822,31.7783],[118.6849,31.7249],[118.6578,31.6411],[118.7741,31.6826],[118.8688,31.6111],[118.8696,31.4216],[118.7546,31.3851],[118.7044,31.3028],[118.7957,31.2294],[119.1053,31.2353],[119.218,31.3489],[119.1409,31.445],[119.2325,31.6323],[119.0771,31.784],[118.9805,31.7647],[118.9704,31.8261],[119.1164,31.8905],[119.0295,31.95],[119.1211,31.9776],[119.0989,32.091],[119.0092,32.1247],[119.2417,32.2163],[119.0371,32.2599],[119.0164,32.4132],[119.0675,32.4624]]],[[[118.8658,31.519],[118.8564,31.5223],[118.8467,31.503],[118.8658,31.519]]]]}},{"type":"Feature","properties":{"name":"无锡","adcode":320200,"center":[120.301663,31.574729]},"bbox":[119.5326,31.1092,120.6058,31.9908],"geometry":{"type":"MultiPolygon","coordinates":[[[[119.5326,31.1591],[119.5998,31.1092],[119.6637,31.166],[119.92,31.1709],[120.5361,31.4671],[120.6058,31.5252],[120.5431,31.6017],[120.6006,31.6171],[120.5611,31.6557],[120.5842,31.7821],[120.3793,31.9141],[120.3707,31.9908],[120.2366,31.9329],[120.0224,31.9678],[120.0033,31.8282],[120.1759,31.8702],[120.2057,31.7534],[120.1556,31.7568],[120.0571,31.5804],[120.1297,31.5047],[120.0446,31.4062],[120.1002,31.3353],[120.0237,31.365],[120.0362,31.4979],[119.6579,31.6093],[119.5365,31.4082],[119.5326,31.1591]]]]}},{"type":"Feature","properties":{"name":"徐州","adcode":320300,"center":[117.184811,34.261792]},"bbox":[116.3657,33.7115,118.6691,34.9751],"geometry":{"type":"MultiPolygon","coordinates":[[[[118.4082,34.4355],[118.1704,34.3814],[118.1329,34.4834],[118.1847,34.5442],[118.079,34.5698],[118.1027,34.6477],[117.9633,34.6785],[117.7936,34.6518],[117.8017,34.5188],[117.6845,34.5473],[117.5923,34.4625],[117.4874,34.4663],[117.3529,34.5841],[117.2728,34.5567],[117.2479,34.4511],[117.166,34.4347],[117.0705,34.7137],[116.9289,34.8429],[116.9768,34.8685],[116.8058,34.9684],[116.7989,34.9285],[116.7891,34.9751],[116.7812,34.9166],[116.4451,34.8954],[116.3657,34.7428],[116.3706,34.6422],[116.4305,34.6508],[116.5686,34.4925],[116.7606,34.4626],[116.8281,34.3892],[116.9693,34.3888],[116.969,34.2837],[117.0496,34.2424],[117.0253,34.1677],[117.1514,34.0837],[117.3571,34.0882],[117.4156,34.0259],[117.5148,34.0609],[117.5758,33.9829],[117.6297,34.0287],[117.7036,33.8878],[117.7587,33.8857],[117.7527,33.7115],[118.1786,33.7631],[118.1685,33.881],[118.0339,33.9839],[118.0638,34.0538],[117.999,34.14],[118.5177,34.1175],[118.6691,34.4193],[118.4082,34.4355]]]]}},{"type":"Feature","properties":{"name":"常州","adcode":320400,"center":[119.946973,31.772752]},"bbox":[119.1491,31.1591,120.2057,32.049],"geometry":{"type":"MultiPolygon","coordinates":[[[[120.0224,31.9678],[119.7963,32.049],[119.7552,31.8803],[119.8118,31.8522],[119.74,31.7312],[119.5561,31.8625],[119.3421,31.8596],[119.3165,31.671],[119.1491,31.484],[119.218,31.3489],[119.1972,31.2735],[119.3375,31.2589],[119.3566,31.3033],[119.3912,31.1745],[119.5326,31.1591],[119.5365,31.4082],[119.6579,31.6093],[120.0362,31.4979],[120.0237,31.365],[120.1002,31.3353],[120.0446,31.4062],[120.1297,31.5047],[120.0571,31.5804],[120.1556,31.7568],[120.2057,31.7534],[120.1759,31.8702],[120.0033,31.8282],[120.0224,31.9678]]]]}},{"type":"Feature","properties":{"name":"苏州","adcode":320500,"center":[120.619585,31.299379]},"bbox":[119.92,30.758,121.3722,32.0458],"geometry":{"type":"MultiPolygon","coordinates":[[[[119.92,31.1709],[120.0017,31.0271],[120.1351,30.9419],[120.3711,30.9488],[120.3647,30.8805],[120.435,30.9208],[120.5044,30.758],[120.5889,30.8544],[120.6999,30.8678],[120.6982,30.9708],[120.8914,31.0037],[120.8813,31.1347],[121.077,31.1584],[121.0633,31.2679],[121.1613,31.284],[121.1083,31.3506],[121.1473,31.4439],[121.3722,31.5532],[121.1453,31.7539],[120.9167,31.7937],[120.782,32.016],[120.4656,32.0458],[120.3707,31.9908],[120.3793,31.9141],[120.5842,31.7821],[120.5611,31.6557],[120.6006,31.6171],[120.5431,31.6017],[120.6058,31.5252],[119.92,31.1709]]]]}},{"type":"Feature","properties":{"name":"南通","adcode":320600,"center":[120.864608,32.016212]},"bbox":[120.2023,31.617,121.9752,32.7109],"geometry":{"type":"MultiPolygon","coordinates":[[[[120.2023,32.6009],[120.2557,32.5976],[120.2845,32.3799],[120.3597,32.358],[120.3562,32.1308],[120.5128,32.0917],[120.5883,32.0097],[120.782,32.016],[120.9167,31.7937],[121.1185,31.7591],[121.3019,31.8727],[121.5997,31.7031],[121.9752,31.617],[121.856,31.9552],[121.759,32.0594],[121.4586,32.1777],[121.4939,32.2635],[121.3905,32.4607],[120.9617,32.6122],[120.976,32.6584],[120.6534,32.5719],[120.6005,32.65],[120.4431,32.6293],[120.3761,32.7109],[120.2257,32.6759],[120.2023,32.6009]]],[[[121.4038,32.5306],[121.4086,32.5196],[121.4365,32.5293],[121.4038,32.5306]]]]}},{"type":"Feature","properties":{"name":"连云港","adcode":320700,"center":[119.178821,34.600018]},"bbox":[118.4082,33.9796,119.823,35.1229],"geometry":{"type":"MultiPolygon","coordinates":[[[[119.823,34.482],[119.465,34.6747],[119.5257,34.7333],[119.3783,34.7614],[119.4971,34.7595],[119.2386,34.7996],[119.2114,34.9817],[119.2794,35.0711],[119.3072,35.0331],[119.2407,35.1229],[119.1146,35.055],[118.8653,35.0299],[118.8608,34.944],[118.7164,34.7638],[118.7834,34.722],[118.4685,34.6743],[118.4082,34.4355],[118.6465,34.4395],[118.6443,34.359],[118.7666,34.3089],[119.0896,34.4209],[119.0571,34.3562],[119.1291,34.1458],[119.2362,34.0363],[119.3928,34.0368],[119.4392,33.9796],[119.5683,34.0132],[119.5884,34.0913],[119.5039,34.1726],[119.7404,34.3088],[119.823,34.482]]]]}},{"type":"Feature","properties":{"name":"淮安","adcode":320800,"center":[119.021265,33.597506]},"bbox":[118.2029,32.719,119.646,34.0935],"geometry":{"type":"MultiPolygon","coordinates":[[[[119.1849,32.8256],[119.3327,32.815],[119.3637,33.0535],[119.2192,33.206],[119.1507,33.2128],[119.1534,33.2853],[119.2627,33.303],[119.2431,33.3524],[119.618,33.4272],[119.4982,33.5203],[119.4565,33.6416],[119.646,33.9248],[119.5358,34.0309],[119.4392,33.9796],[119.1749,34.0935],[119.008,33.8966],[118.8637,33.8914],[118.7998,33.8135],[118.7801,33.3458],[118.4243,33.1871],[118.2617,33.1999],[118.2029,33.0881],[118.3096,32.959],[118.2354,32.9265],[118.2506,32.8484],[118.3017,32.8462],[118.3753,32.719],[118.7563,32.7371],[118.7418,32.8534],[118.8117,32.855],[118.8493,32.9566],[119.0208,32.9558],[119.1043,32.8267],[119.1849,32.8256]]]]}},{"type":"Feature","properties":{"name":"盐城","adcode":320900,"center":[120.139998,33.377631]},"bbox":[119.4565,32.5719,120.9787,34.482],"geometry":{"type":"MultiPolygon","coordinates":[[[[120.976,32.6584],[120.915,32.7117],[120.9719,32.7612],[120.9787,32.8757],[120.8718,33.0472],[120.8326,33.2821],[120.741,33.3376],[120.3676,34.0914],[120.3116,34.307],[119.823,34.482],[119.7404,34.3088],[119.5039,34.1726],[119.644,33.947],[119.4565,33.6416],[119.4982,33.5203],[119.62,33.4374],[119.5767,33.3784],[119.654,33.2807],[119.7003,33.2942],[119.7493,33.131],[120.0808,33.1818],[120.2968,33.1296],[120.3004,32.9542],[120.1764,32.9325],[120.2084,32.8643],[120.1593,32.7879],[120.2282,32.7786],[120.1132,32.6138],[120.2136,32.6027],[120.2257,32.6759],[120.3761,32.7109],[120.4431,32.6293],[120.6005,32.65],[120.6534,32.5719],[120.976,32.6584]]]]}},{"type":"Feature","properties":{"name":"扬州","adcode":321000,"center":[119.421003,32.393159]},"bbox":[119.0164,32.2174,119.9119,33.4149],"geometry":{"type":"MultiPolygon","coordinates":[[[[119.229,32.2222],[119.5764,32.2846],[119.5709,32.2301],[119.6217,32.2174],[119.8473,32.3284],[119.8144,32.6271],[119.9119,32.6252],[119.6403,33.1192],[119.7151,33.2719],[119.5439,33.4149],[119.2431,33.3524],[119.2627,33.303],[119.1534,33.2853],[119.1507,33.2128],[119.2192,33.206],[119.3637,33.0535],[119.3454,32.8383],[119.1849,32.8256],[119.2202,32.5766],[119.177,32.5938],[119.1478,32.4927],[119.0164,32.4132],[119.0371,32.2599],[119.229,32.2222]]]]}},{"type":"Feature","properties":{"name":"镇江","adcode":321100,"center":[119.452753,32.204402]},"bbox":[118.9695,31.6271,119.9755,32.3189],"geometry":{"type":"MultiPolygon","coordinates":[[[[119.2341,31.6271],[119.3165,31.671],[119.3295,31.8458],[119.4434,31.8289],[119.4488,31.8854],[119.74,31.7312],[119.8118,31.8522],[119.7552,31.8803],[119.7963,32.049],[119.9755,32.0069],[119.8527,32.2819],[119.7686,32.3189],[119.6217,32.2174],[119.5449,32.2828],[119.0393,32.157],[119.0089,32.1159],[119.0989,32.091],[119.1216,31.9848],[119.0295,31.95],[119.1164,31.8905],[118.9695,31.8346],[118.9805,31.7647],[119.0771,31.784],[119.2341,31.6271]]]]}},{"type":"Feature","properties":{"name":"泰州","adcode":321200,"center":[119.915176,32.484882]},"bbox":[119.6403,31.9315,120.5531,33.2191],"geometry":{"type":"MultiPolygon","coordinates":[[[[120.5531,32.0211],[120.5128,32.0917],[120.3562,32.1308],[120.3597,32.358],[120.2845,32.3799],[120.2557,32.5976],[120.1091,32.6305],[120.2282,32.7786],[120.1593,32.7879],[120.2084,32.8643],[120.1764,32.9325],[120.3004,32.9542],[120.2968,33.1296],[120.0808,33.1818],[119.7493,33.131],[119.7126,33.2191],[119.6403,33.1192],[119.9119,32.6252],[119.8144,32.6271],[119.8145,32.4689],[119.8685,32.4387],[119.8192,32.3025],[119.9801,31.9981],[120.2059,31.9315],[120.4656,32.0458],[120.5531,32.0211]]]]}},{"type":"Feature","properties":{"name":"宿迁","adcode":321300,"center":[118.275162,33.963008]},"bbox":[117.9424,33.1352,119.1749,34.4209],"geometry":{"type":"MultiPolygon","coordinates":[[[[119.1749,34.0935],[119.0741,34.2651],[119.0896,34.4209],[118.7666,34.3089],[118.6352,34.3551],[118.4826,34.1],[118.2326,34.1003],[118.1877,34.1617],[117.999,34.14],[118.0638,34.0538],[118.0339,33.9839],[118.1685,33.881],[118.1853,33.7449],[118.1123,33.6171],[118.1081,33.4751],[118.0506,33.492],[117.9424,33.2251],[118.0382,33.1352],[118.1782,33.218],[118.4243,33.1871],[118.7801,33.3458],[118.7998,33.8135],[118.8637,33.8914],[119.008,33.8966],[119.1749,34.0935]]]]}},{"type":"Feature","properties":{"name":"杭州","adcode":330100,"center":[120.153576,30.287459]},"bbox":[118.3458,29.1888,120.7219,30.5665],"geometry":{"type":"MultiPolygon","coordinates":[[[[120.7219,30.2863],[120.7039,30.3659],[120.6339,30.3894],[120.4602,30.3827],[120.4138,30.3183],[120.3983,30.3848],[120.3064,30.3962],[120.3177,30.5216],[120.1498,30.4675],[120.0683,30.4966],[120.0648,30.4301],[119.965,30.4316],[119.7117,30.5665],[119.6681,30.3995],[119.5659,30.4434],[119.2471,30.3408],[119.2255,30.2888],[118.9554,30.3592],[118.8799,30.3149],[118.9299,30.2034],[118.8457,30.1561],[118.8968,30.1481],[118.8949,29.9392],[118.7556,29.8454],[118.7447,29.7388],[118.6473,29.6434],[118.3458,29.4651],[118.6038,29.3236],[118.6269,29.1957],[118.7088,29.1888],[118.9004,29.3326],[119.0032,29.2077],[119.1895,29.2052],[119.2003,29.2904],[119.2609,29.2478],[119.3183,29.2799],[119.3781,29.4298],[119.4371,29.4241],[119.4802,29.333],[119.6163,29.3683],[119.6425,29.4329],[119.7073,29.4332],[119.7912,29.655],[119.9731,29.6748],[119.8903,29.7629],[120.0109,29.7572],[120.1663,29.9173],[120.3252,29.9385],[120.3628,29.9978],[120.2978,30.1282],[120.5935,30.1468],[120.7219,30.2863]]]]}},{"type":"Feature","properties":{"name":"宁波","adcode":330200,"center":[121.549792,29.868388]},"bbox":[120.867,28.8533,122.2673,30.4898],"geometry":{"type":"MultiPolygon","coordinates":[[[[120.867,30.2717],[120.9902,30.0278],[121.0916,29.9873],[121.0166,29.8949],[121.105,29.8055],[120.9924,29.6758],[121.0588,29.6839],[121.113,29.5548],[121.2315,29.5131],[121.1647,29.2116],[121.2337,29.1968],[121.2952,29.0927],[121.3788,29.1992],[121.5297,29.1363],[121.768,29.1667],[121.7806,29.1096],[121.9661,29.0529],[121.9883,29.1493],[121.9373,29.1829],[122.0002,29.2788],[121.9448,29.2842],[121.9322,29.3535],[121.9998,29.5937],[121.8336,29.6531],[122.1402,29.9018],[122.0098,29.8911],[121.968,29.9565],[121.9195,29.9208],[121.725,29.9922],[121.3719,30.3709],[121.1192,30.4898],[121.0326,30.337],[120.867,30.2717]]],[[[122.0264,29.1784],[122.0679,29.1656],[122.0501,29.1935],[122.0264,29.1784]]],[[[122.2313,28.8598],[122.2387,28.8533],[122.2438,28.8613],[122.2313,28.8598]]],[[[122.1819,29.4077],[122.2079,29.4296],[122.1994,29.4362],[122.1819,29.4077]]],[[[121.7909,29.0823],[121.8235,29.051],[121.8316,29.095],[121.7909,29.0823]]],[[[122.1843,29.4606],[122.1832,29.4556],[122.1941,29.4535],[122.1843,29.4606]]],[[[122.0265,29.6219],[122.0224,29.6202],[122.0376,29.6135],[122.0265,29.6219]]],[[[122.2588,28.8866],[122.2673,28.8804],[122.267,28.8868],[122.2588,28.8866]]],[[[121.9835,29.2278],[121.9911,29.2214],[122.0018,29.2214],[121.9835,29.2278]]],[[[121.9807,29.4727],[121.9908,29.4678],[121.9878,29.4749],[121.9807,29.4727]]],[[[121.9762,29.5011],[121.9847,29.5039],[122.005,29.5038],[121.9762,29.5011]]],[[[121.9521,29.1876],[121.9714,29.1633],[121.9818,29.1759],[121.9521,29.1876]]],[[[121.9305,29.0361],[121.941,29.0337],[121.9488,29.0472],[121.9305,29.0361]]],[[[122.0066,29.2349],[122.001,29.2274],[122.0086,29.223],[122.0066,29.2349]]],[[[122.0016,29.4104],[122.0038,29.4051],[122.0163,29.4042],[122.0016,29.4104]]],[[[121.9814,29.3326],[121.9787,29.3405],[121.9851,29.3485],[121.9814,29.3326]]],[[[122.1783,29.406],[122.1739,29.3998],[122.1843,29.3996],[122.1783,29.406]]],[[[122.01,29.9027],[122.0216,29.9015],[122.0115,29.917],[122.01,29.9027]]],[[[122.0062,29.8996],[122.0144,29.8926],[122.0172,29.9008],[122.0062,29.8996]]]]}},{"type":"Feature","properties":{"name":"温州","adcode":330300,"center":[120.672111,28.000575]},"bbox":[119.6309,27.1422,121.2577,28.6116],"geometry":{"type":"MultiPolygon","coordinates":[[[[121.1084,28.139],[121.2577,28.4081],[121.1567,28.5205],[120.9952,28.4733],[120.8695,28.4912],[120.7435,28.6116],[120.6243,28.5334],[120.4463,28.5843],[120.3317,28.4076],[120.4384,28.2345],[120.3492,27.9877],[120.23,27.9314],[120.1175,27.9826],[119.8336,27.9562],[119.7851,27.7958],[119.6356,27.6684],[119.6309,27.5827],[119.7086,27.5143],[119.6855,27.4384],[119.8195,27.296],[120.249,27.4399],[120.3516,27.3836],[120.4262,27.1735],[120.5223,27.1422],[120.5716,27.31],[120.6701,27.3628],[120.6996,27.4657],[120.6349,27.5773],[120.7777,27.7747],[120.8406,27.7587],[120.9418,27.8968],[121.1315,27.7888],[121.1966,27.834],[121.1579,27.9103],[120.9918,27.9497],[121.1084,28.139]]],[[[120.9717,27.6499],[120.9865,27.6551],[120.9796,27.6704],[120.9717,27.6499]]],[[[121.1999,27.6249],[121.1983,27.6146],[121.2208,27.6303],[121.1999,27.6249]]],[[[121.1131,27.9183],[121.1082,27.9109],[121.1239,27.9114],[121.1131,27.9183]]],[[[121.131,27.7625],[121.1331,27.7531],[121.1444,27.7585],[121.131,27.7625]]],[[[121.131,27.7701],[121.137,27.767],[121.1498,27.772],[121.131,27.7701]]],[[[121.1073,27.444],[121.0705,27.4712],[121.0663,27.445],[121.1073,27.444]]],[[[120.9034,27.6939],[120.912,27.6892],[120.9121,27.6992],[120.9034,27.6939]]],[[[121.2174,27.6137],[121.2249,27.607],[121.2287,27.6164],[121.2174,27.6137]]],[[[121.0837,27.7919],[121.0736,27.778],[121.0969,27.7831],[121.0837,27.7919]]],[[[121.1458,27.7607],[121.1467,27.7542],[121.155,27.7566],[121.1458,27.7607]]],[[[120.8262,27.6862],[120.8325,27.6769],[120.8428,27.6755],[120.8262,27.6862]]],[[[121.2241,27.8179],[121.225,27.8245],[121.2133,27.8201],[121.2241,27.8179]]],[[[120.8249,27.6462],[120.822,27.6348],[120.8339,27.65],[120.8249,27.6462]]],[[[121.2043,27.6097],[121.21,27.6085],[121.2169,27.6189],[121.2043,27.6097]]],[[[121.0982,27.9375],[121.1529,27.9616],[121.0405,27.9643],[121.0982,27.9375]]],[[[120.8965,27.7114],[120.8874,27.7045],[120.8995,27.706],[120.8965,27.7114]]],[[[121.1859,27.963],[121.2375,27.9881],[121.195,28.0001],[121.1859,27.963]]],[[[121.0439,27.9793],[121.0896,27.9987],[121.0741,28.0074],[121.0439,27.9793]]],[[[121.079,27.4287],[121.0904,27.4245],[121.0881,27.4316],[121.079,27.4287]]],[[[121.113,27.4731],[121.1065,27.4732],[121.1123,27.4635],[121.113,27.4731]]],[[[121.0946,27.494],[121.0857,27.4923],[121.0946,27.4863],[121.0946,27.494]]]]}},{"type":"Feature","properties":{"name":"嘉兴","adcode":330400,"center":[120.750865,30.762653]},"bbox":[120.3032,30.2627,121.2746,31.0286],"geometry":{"type":"MultiPolygon","coordinates":[[[[120.7219,30.2863],[120.8253,30.2627],[121.0139,30.3236],[121.1192,30.4898],[121.0584,30.564],[121.2746,30.6774],[121.218,30.7849],[121.123,30.779],[121.1236,30.8473],[120.9946,30.8215],[121.0219,30.8752],[120.9583,31.0286],[120.6982,30.9708],[120.6999,30.8678],[120.589,30.8544],[120.47,30.7644],[120.455,30.6855],[120.3032,30.609],[120.3186,30.3806],[120.3983,30.3848],[120.4138,30.3183],[120.4602,30.3827],[120.693,30.378],[120.7219,30.2863]]]]}},{"type":"Feature","properties":{"name":"湖州","adcode":330500,"center":[120.102398,30.867198]},"bbox":[119.2369,30.3733,120.4891,31.1704],"geometry":{"type":"MultiPolygon","coordinates":[[[[120.4891,30.7639],[120.4234,30.9274],[120.3647,30.8805],[120.3711,30.9488],[120.1351,30.9419],[120.0017,31.0271],[119.921,31.1704],[119.6637,31.166],[119.5563,30.8967],[119.5757,30.8297],[119.4796,30.7712],[119.4483,30.6558],[119.3915,30.6852],[119.2459,30.6189],[119.2369,30.5467],[119.3266,30.533],[119.403,30.3733],[119.5659,30.4434],[119.6681,30.3995],[119.7117,30.5665],[119.8726,30.4625],[120.0648,30.4301],[120.0683,30.4966],[120.2858,30.5078],[120.345,30.6627],[120.455,30.6855],[120.4891,30.7639]]]]}},{"type":"Feature","properties":{"name":"绍兴","adcode":330600,"center":[120.582112,29.997117]},"bbox":[119.8903,29.2251,121.2301,30.2863],"geometry":{"type":"MultiPolygon","coordinates":[[[[119.9731,29.6748],[120.0372,29.664],[120.0071,29.5725],[120.0796,29.5047],[120.2007,29.5495],[120.2821,29.4892],[120.2899,29.3556],[120.4748,29.4929],[120.5714,29.3429],[120.773,29.3046],[120.7765,29.2251],[121.2301,29.3627],[121.2256,29.5329],[121.113,29.5548],[121.0588,29.6839],[120.9924,29.6758],[121.105,29.8055],[121.0166,29.8949],[121.0916,29.9873],[120.9902,30.0278],[120.867,30.2717],[120.7219,30.2863],[120.5935,30.1468],[120.2978,30.1282],[120.3643,29.9785],[120.1663,29.9173],[120.0109,29.7572],[119.8903,29.7629],[119.9731,29.6748]]]]}},{"type":"Feature","properties":{"name":"金华","adcode":330700,"center":[119.649506,29.089524]},"bbox":[119.2334,28.5332,120.7782,29.6731],"geometry":{"type":"MultiPolygon","coordinates":[[[[119.3224,28.8009],[119.3462,28.757],[119.4709,28.7654],[119.4984,28.5486],[119.7036,28.5332],[119.9213,28.7962],[120.1989,28.784],[120.271,28.9501],[120.3885,28.8295],[120.647,28.9005],[120.7267,28.9813],[120.6944,29.0869],[120.7782,29.1996],[120.773,29.3046],[120.5714,29.3429],[120.4748,29.4929],[120.2899,29.3556],[120.2821,29.4892],[120.2007,29.5495],[120.0933,29.5003],[120.0071,29.5725],[120.0372,29.664],[119.8176,29.6731],[119.7073,29.4332],[119.6425,29.4329],[119.6163,29.3683],[119.4923,29.3311],[119.4371,29.4241],[119.3371,29.4112],[119.3488,29.3195],[119.2334,29.1958],[119.3325,29.076],[119.3224,28.8009]]]]}},{"type":"Feature","properties":{"name":"衢州","adcode":330800,"center":[118.87263,28.941708]},"bbox":[118.0284,28.2431,119.3325,29.496],"geometry":{"type":"MultiPolygon","coordinates":[[[[119.3224,28.8009],[119.3325,29.076],[119.2511,29.1417],[119.2287,29.2842],[119.1895,29.2052],[119.0032,29.2077],[118.9004,29.3326],[118.7088,29.1888],[118.6383,29.1922],[118.596,29.3308],[118.4562,29.3659],[118.3106,29.496],[118.3161,29.4226],[118.2181,29.4204],[118.1766,29.2974],[118.0719,29.287],[118.0284,29.1693],[118.0999,28.9904],[118.2238,28.9478],[118.1994,28.903],[118.2699,28.9186],[118.2953,28.8352],[118.3833,28.7874],[118.4329,28.6765],[118.415,28.4974],[118.4822,28.4712],[118.4311,28.3984],[118.4871,28.329],[118.4304,28.2808],[118.4639,28.2431],[118.6748,28.2714],[118.7576,28.4075],[118.7512,28.5245],[118.8783,28.5221],[118.9302,28.6405],[119.064,28.7335],[119.3224,28.8009]]]]}},{"type":"Feature","properties":{"name":"舟山","adcode":330900,"center":[122.106863,30.016028]},"bbox":[121.6177,29.607,122.8368,30.8488],"geometry":{"type":"MultiPolygon","coordinates":[[[[122.2569,30.0651],[122.2939,30.1003],[121.9364,30.1678],[122.0264,29.9924],[122.3241,29.9413],[122.3439,30.0204],[122.2569,30.0651]]],[[[122.6251,30.8175],[122.6377,30.8144],[122.6222,30.826],[122.6251,30.8175]]],[[[122.1509,30.1901],[122.1629,30.1379],[122.2182,30.1889],[122.1509,30.1901]]],[[[122.2078,29.7032],[122.2709,29.6851],[122.2296,29.7016],[122.2078,29.7032]]],[[[122.4276,30.7385],[122.4371,30.6917],[122.5397,30.7037],[122.4276,30.7385]]],[[[122.1631,30.3298],[122.0519,30.3001],[122.2301,30.2327],[122.2482,30.3045],[122.1631,30.3298]]],[[[122.3175,30.2496],[122.276,30.2354],[122.4295,30.2509],[122.3175,30.2496]]],[[[122.6752,30.8488],[122.688,30.8381],[122.6985,30.8481],[122.6752,30.8488]]],[[[122.7828,30.7897],[122.7757,30.788],[122.7821,30.7823],[122.7828,30.7897]]],[[[122.331,29.9381],[122.4162,29.829],[122.4243,29.9458],[122.331,29.9381]]],[[[122.4304,30.4087],[122.3727,30.4789],[122.2787,30.4744],[122.2859,30.417],[122.4304,30.4087]]],[[[122.3272,30.5195],[122.3192,30.5128],[122.3461,30.528],[122.3272,30.5195]]],[[[122.4507,30.4261],[122.4857,30.4158],[122.4761,30.436],[122.4507,30.4261]]],[[[122.4774,30.2298],[122.4814,30.2211],[122.5035,30.2257],[122.4774,30.2298]]],[[[122.2648,29.8454],[122.2213,29.8358],[122.3284,29.7777],[122.2648,29.8454]]],[[[122.303,30.4991],[122.3143,30.4911],[122.3218,30.4943],[122.303,30.4991]]],[[[122.2172,29.6386],[122.2198,29.63],[122.231,29.6347],[122.2172,29.6386]]],[[[122.7032,30.1973],[122.7081,30.1885],[122.7116,30.2094],[122.7032,30.1973]]],[[[122.4269,30.0321],[122.4335,30.022],[122.4282,30.0387],[122.4269,30.0321]]],[[[122.1896,29.81],[122.1956,29.8047],[122.1906,29.8207],[122.1896,29.81]]],[[[122.5255,30.2216],[122.5294,30.2304],[122.5167,30.2313],[122.5255,30.2216]]],[[[121.9437,30.7771],[121.997,30.6588],[122.1333,30.5955],[121.9437,30.7771]]],[[[122.6361,30.2043],[122.6463,30.1869],[122.6503,30.211],[122.6361,30.2043]]],[[[122.2697,30.2226],[122.2828,30.2279],[122.2747,30.2302],[122.2697,30.2226]]],[[[122.1823,29.6508],[122.2008,29.7112],[122.0837,29.7832],[122.0479,29.718],[122.1823,29.6508]]],[[[122.2326,29.6827],[122.2346,29.672],[122.243,29.6753],[122.2326,29.6827]]],[[[122.4662,30.7432],[122.4701,30.7526],[122.4526,30.7576],[122.4662,30.7432]]],[[[122.3588,30.6001],[122.3565,30.5934],[122.3744,30.5874],[122.3588,30.6001]]],[[[122.0779,30.5964],[122.0556,30.5855],[122.0852,30.5788],[122.0779,30.5964]]],[[[122.3618,29.8396],[122.3759,29.8257],[122.3712,29.8355],[122.3618,29.8396]]],[[[122.23,29.6611],[122.2459,29.6547],[122.2435,29.661],[122.23,29.6611]]],[[[122.4614,29.9439],[122.4595,29.9486],[122.4492,29.9392],[122.4614,29.9439]]],[[[122.5707,30.6443],[122.5879,30.6653],[122.5558,30.6674],[122.5707,30.6443]]],[[[122.1794,30.2264],[122.1864,30.2178],[122.2046,30.2141],[122.1794,30.2264]]],[[[122.4249,30.6212],[122.424,30.6123],[122.4327,30.6175],[122.4249,30.6212]]],[[[122.209,30.2224],[122.2283,30.2205],[122.2374,30.2323],[122.209,30.2224]]],[[[122.1555,29.6194],[122.1442,29.6085],[122.1527,29.607],[122.1555,29.6194]]],[[[122.0652,30.1796],[122.0429,30.2015],[122.0177,30.1865],[122.0652,30.1796]]],[[[122.3915,29.9703],[122.418,30.0063],[122.38,30.0245],[122.3915,29.9703]]],[[[121.8881,30.0921],[121.8398,30.0473],[121.8743,29.9648],[121.9328,29.9948],[121.8881,30.0921]]],[[[122.3256,30.2269],[122.3322,30.2202],[122.3356,30.2278],[122.3256,30.2269]]],[[[121.8308,30.0664],[121.8525,30.0656],[121.8333,30.0829],[121.8308,30.0664]]],[[[122.3224,29.8326],[122.3329,29.8267],[122.324,29.8395],[122.3224,29.8326]]],[[[122.0382,29.7592],[122.0114,29.7461],[122.0318,29.7368],[122.0382,29.7592]]],[[[122.5145,30.649],[122.5142,30.6418],[122.5228,30.6436],[122.5145,30.649]]],[[[122.1436,30.6109],[122.15,30.6191],[122.1361,30.6153],[122.1436,30.6109]]],[[[122.7165,30.1757],[122.7186,30.1684],[122.7281,30.1727],[122.7165,30.1757]]],[[[122.5263,30.6668],[122.5409,30.6579],[122.5449,30.6633],[122.5263,30.6668]]],[[[121.9404,30.1145],[121.9165,30.0833],[121.946,30.0644],[121.9404,30.1145]]],[[[121.9574,30.2877],[121.9891,30.34],[121.9215,30.3076],[121.9574,30.2877]]],[[[122.6809,30.1905],[122.6892,30.181],[122.687,30.2053],[122.6809,30.1905]]],[[[122.2266,29.8089],[122.2247,29.8019],[122.239,29.8019],[122.2266,29.8089]]],[[[122.4168,30.682],[122.4088,30.6725],[122.4257,30.6689],[122.4168,30.682]]],[[[121.6181,30.6048],[121.6374,30.6088],[121.6177,30.6085],[121.6181,30.6048]]],[[[122.1278,30.2184],[122.1295,30.2074],[122.1519,30.216],[122.1278,30.2184]]],[[[121.8638,30.117],[121.8612,30.1043],[121.8706,30.1066],[121.8638,30.117]]],[[[122.225,29.7383],[122.2336,29.731],[122.2413,29.7319],[122.225,29.7383]]],[[[122.1785,29.9784],[122.1436,29.9685],[122.1829,29.9553],[122.1785,29.9784]]],[[[122.1977,29.7268],[122.2171,29.7174],[122.2197,29.7241],[122.1977,29.7268]]],[[[122.2879,29.7239],[122.28,29.7462],[122.2339,29.7845],[122.2879,29.7239]]],[[[122.1538,30.579],[122.1679,30.5837],[122.1567,30.5845],[122.1538,30.579]]],[[[122.2591,30.5199],[122.2574,30.5118],[122.2779,30.5245],[122.2591,30.5199]]],[[[122.7599,30.1371],[122.7671,30.1235],[122.7756,30.1392],[122.7599,30.1371]]],[[[122.1925,29.7962],[122.1757,29.7972],[122.1983,29.7852],[122.1925,29.7962]]],[[[122.1463,29.9625],[122.1407,29.9437],[122.1703,29.9578],[122.1463,29.9625]]],[[[122.4521,29.9735],[122.4447,29.9682],[122.4502,29.9647],[122.4521,29.9735]]],[[[122.4675,30.4089],[122.4764,30.4036],[122.4779,30.4105],[122.4675,30.4089]]],[[[122.3312,30.5957],[122.326,30.5901],[122.3413,30.5936],[122.3312,30.5957]]],[[[122.2641,30.2699],[122.2616,30.2347],[122.3158,30.2502],[122.2641,30.2699]]],[[[122.283,29.8604],[122.33,29.859],[122.3401,29.8836],[122.283,29.8604]]],[[[122.6484,30.8125],[122.6606,30.8199],[122.6434,30.8267],[122.6484,30.8125]]],[[[122.7813,30.6942],[122.7906,30.7174],[122.7821,30.73],[122.7813,30.6942]]],[[[121.978,30.1003],[121.9665,30.0974],[121.9739,30.0849],[121.978,30.1003]]],[[[122.0694,29.9924],[122.0722,29.9729],[122.0938,29.9855],[122.0694,29.9924]]],[[[122.1453,29.9663],[122.1284,29.9664],[122.129,29.9605],[122.1453,29.9663]]],[[[121.981,30.067],[121.9904,30.0711],[121.9817,30.0832],[121.981,30.067]]],[[[122.3916,30.7406],[122.3953,30.7605],[122.3864,30.7594],[122.3916,30.7406]]],[[[122.285,30.6358],[122.2958,30.6407],[122.2847,30.6487],[122.285,30.6358]]],[[[122.1642,29.7993],[122.1749,29.7972],[122.1743,29.8077],[122.1642,29.7993]]],[[[122.4528,29.9569],[122.4448,29.955],[122.4507,29.9459],[122.4528,29.9569]]],[[[122.8363,30.6987],[122.8368,30.7192],[122.8042,30.723],[122.8363,30.6987]]],[[[122.1324,29.9838],[122.1431,29.9783],[122.1432,29.9871],[122.1324,29.9838]]],[[[122.0962,29.9449],[122.0815,29.9537],[122.0835,29.9356],[122.0962,29.9449]]],[[[122.2279,29.7156],[122.2334,29.71],[122.2354,29.7177],[122.2279,29.7156]]],[[[122.2131,29.9582],[122.2734,29.9323],[122.2398,29.96],[122.2131,29.9582]]],[[[122.1083,29.9631],[122.1109,29.9587],[122.1282,29.9738],[122.1083,29.9631]]],[[[121.9691,30.064],[121.9641,30.0538],[121.975,30.0495],[121.9691,30.064]]],[[[122.029,29.955],[122.037,29.9295],[122.0585,29.9529],[122.029,29.955]]],[[[122.2561,29.8647],[122.2742,29.8624],[122.2672,29.8758],[122.2561,29.8647]]],[[[122.1937,29.7663],[122.1892,29.7552],[122.2013,29.7555],[122.1937,29.7663]]],[[[122.2888,29.9307],[122.3067,29.9221],[122.3118,29.942],[122.2888,29.9307]]],[[[122.2124,29.6917],[122.2158,29.6843],[122.2297,29.6854],[122.2124,29.6917]]],[[[122.0424,29.9816],[122.0514,29.9768],[122.0547,29.9887],[122.0424,29.9816]]],[[[122.3007,29.8946],[122.2999,29.8905],[122.3147,29.8894],[122.3007,29.8946]]]]}},{"type":"Feature","properties":{"name":"台州","adcode":331000,"center":[121.428599,28.661378]},"bbox":[120.2927,28.0132,121.9452,29.3222],"geometry":{"type":"MultiPolygon","coordinates":[[[[121.6085,29.1691],[121.5297,29.1363],[121.3788,29.1992],[121.2952,29.0927],[121.2337,29.1968],[121.1647,29.2116],[121.1942,29.3222],[120.9153,29.3033],[120.9,29.2408],[120.7765,29.2251],[120.7123,29.1438],[120.7267,28.9813],[120.6638,28.9165],[120.5632,28.8617],[120.5147,28.8907],[120.3861,28.7871],[120.3225,28.6698],[120.3807,28.5819],[120.2927,28.512],[120.399,28.465],[120.4463,28.5843],[120.6243,28.5334],[120.7091,28.6115],[120.8945,28.4855],[121.1567,28.5205],[121.2577,28.4081],[121.1084,28.139],[121.1498,28.0253],[121.2612,28.0344],[121.4888,28.3014],[121.6242,28.2505],[121.6928,28.4073],[121.5408,28.6556],[121.6791,28.6989],[121.7029,28.8253],[121.6601,28.8697],[121.7764,28.8798],[121.6085,29.1691]]],[[[121.8491,28.7337],[121.8661,28.738],[121.893,28.7625],[121.8491,28.7337]]],[[[121.7497,28.6906],[121.7817,28.6801],[121.79,28.6909],[121.7497,28.6906]]],[[[121.3873,28.1193],[121.4016,28.123],[121.4013,28.1299],[121.3873,28.1193]]],[[[121.9199,28.7073],[121.9206,28.7049],[121.9427,28.7207],[121.9199,28.7073]]],[[[121.8373,28.7705],[121.8655,28.7994],[121.857,28.8036],[121.8373,28.7705]]],[[[121.6874,28.3845],[121.6861,28.3746],[121.6953,28.3813],[121.6874,28.3845]]],[[[121.8896,28.4715],[121.897,28.5142],[121.8713,28.4943],[121.8896,28.4715]]],[[[121.6786,28.2783],[121.6888,28.2739],[121.6864,28.2895],[121.6786,28.2783]]],[[[121.4107,28.0794],[121.4105,28.1016],[121.4072,28.0899],[121.4107,28.0794]]],[[[121.8695,28.4239],[121.8935,28.4303],[121.9206,28.4527],[121.8695,28.4239]]],[[[121.6874,29.0967],[121.6971,29.0941],[121.6918,29.1112],[121.6874,29.0967]]],[[[121.6953,29.0885],[121.6944,29.0847],[121.7101,29.0827],[121.6953,29.0885]]],[[[121.6726,29.0622],[121.6658,29.0596],[121.6805,29.0547],[121.6726,29.0622]]],[[[121.6791,28.3711],[121.6873,28.3663],[121.6884,28.3731],[121.6791,28.3711]]],[[[121.8512,28.4235],[121.8609,28.4267],[121.8556,28.4318],[121.8512,28.4235]]],[[[121.6346,28.2254],[121.6448,28.223],[121.6449,28.2328],[121.6346,28.2254]]],[[[121.5021,28.0722],[121.5161,28.0872],[121.5323,28.0934],[121.5021,28.0722]]],[[[121.3464,28.0878],[121.3721,28.0999],[121.3594,28.0981],[121.3464,28.0878]]],[[[121.8173,28.6104],[121.8039,28.5991],[121.8233,28.6073],[121.8173,28.6104]]],[[[121.6856,29.1159],[121.6944,29.1131],[121.6902,29.1209],[121.6856,29.1159]]],[[[121.1451,28.0132],[121.1662,28.0218],[121.1496,28.0198],[121.1451,28.0132]]],[[[121.9401,28.4415],[121.9452,28.4367],[121.9436,28.4507],[121.9401,28.4415]]]]}},{"type":"Feature","properties":{"name":"丽水","adcode":331100,"center":[119.921786,28.451993]},"bbox":[118.7002,27.4215,120.4384,28.9501],"geometry":{"type":"MultiPolygon","coordinates":[[[[120.4267,28.832],[120.3579,28.8394],[120.271,28.9501],[120.1989,28.784],[119.9213,28.7962],[119.7036,28.5332],[119.5742,28.5239],[119.4944,28.554],[119.4709,28.7654],[119.3462,28.757],[119.3115,28.8119],[119.064,28.7335],[118.9302,28.6405],[118.8783,28.5221],[118.7512,28.5245],[118.7002,28.3104],[118.8124,28.2256],[118.761,28.1674],[118.8023,28.1173],[118.7188,28.0636],[118.7299,27.9726],[118.8184,27.9167],[118.898,27.7189],[118.9102,27.5704],[118.8579,27.5167],[118.9015,27.4647],[118.9554,27.4498],[118.9907,27.5034],[119.2679,27.4215],[119.3768,27.535],[119.4665,27.5265],[119.5012,27.6499],[119.6356,27.6684],[119.7851,27.7958],[119.8336,27.9562],[120.1175,27.9826],[120.23,27.9314],[120.3361,27.9707],[120.4384,28.2345],[120.3347,28.3714],[120.3797,28.498],[120.2909,28.539],[120.3807,28.5819],[120.3241,28.6863],[120.4267,28.832]]]]}},{"type":"Feature","properties":{"name":"合肥","adcode":340100,"center":[117.283042,31.86119]},"bbox":[116.6925,30.9519,117.9719,32.534],"geometry":{"type":"MultiPolygon","coordinates":[[[[117.0323,31.2566],[117.1173,31.0851],[117.3833,30.9519],[117.5075,31.0035],[117.5588,31.1591],[117.5253,31.2006],[117.7056,31.4587],[117.9654,31.4982],[117.9072,31.5567],[117.9719,31.6205],[117.9014,31.8118],[117.9519,31.9062],[117.8109,32.0023],[117.8851,32.0641],[117.8639,32.1955],[117.6722,32.2611],[117.4981,32.2035],[117.3958,32.2837],[117.4417,32.3665],[117.3593,32.385],[117.4083,32.4686],[117.2829,32.4428],[117.209,32.4725],[117.2011,32.534],[117.0848,32.5305],[117.0092,32.4046],[117.0722,32.2663],[116.9784,32.1523],[117.0299,32.007],[116.9404,32.0277],[116.6925,31.8203],[116.758,31.7625],[116.7633,31.5824],[116.8297,31.5191],[117.2283,31.5448],[117.2507,31.4968],[117.1492,31.4833],[117.0323,31.2566]]]]}},{"type":"Feature","properties":{"name":"芜湖","adcode":340200,"center":[118.376451,31.326319]},"bbox":[117.4839,30.6413,118.7336,31.5336],"geometry":{"type":"MultiPolygon","coordinates":[[[[118.6569,31.3047],[118.5751,31.2913],[118.525,31.4018],[118.445,31.3935],[118.3766,31.5325],[118.3262,31.4441],[118.2482,31.5336],[118.1351,31.517],[118.1652,31.3991],[117.9797,31.4329],[117.9654,31.4982],[117.7785,31.4812],[117.7056,31.4587],[117.5253,31.2006],[117.5588,31.1591],[117.4839,31.0358],[117.6605,30.94],[117.8074,31.1297],[118.0058,31.0782],[118.1591,30.9639],[118.1648,30.9072],[117.9935,30.8546],[117.9668,30.7991],[118.125,30.7178],[118.101,30.6413],[118.3144,30.7051],[118.2766,30.7432],[118.3589,30.8458],[118.4803,30.7664],[118.4957,30.941],[118.7336,31.1494],[118.6569,31.3047]]]]}},{"type":"Feature","properties":{"name":"蚌埠","adcode":340300,"center":[117.363228,32.939667]},"bbox":[116.7357,32.7162,118.0738,33.5015],"geometry":{"type":"MultiPolygon","coordinates":[[[[116.7357,32.9287],[117.0463,32.7162],[117.1959,32.7347],[117.2849,32.8174],[117.4792,32.8429],[117.5312,32.9806],[117.6575,32.9107],[117.7734,33.0473],[118.0113,33.0018],[118.0738,33.1351],[117.9424,33.225],[117.993,33.3329],[117.7378,33.2751],[117.6319,33.3437],[117.4771,33.3478],[117.3915,33.4562],[117.2431,33.5015],[117.2027,33.4235],[117.1597,33.4575],[117.1255,33.381],[117.0607,33.3923],[117.0955,33.2849],[116.8019,33.3039],[116.8153,33.1554],[116.7569,33.1412],[116.7486,33.0609],[116.8162,33.0131],[116.7552,33.0027],[116.7357,32.9287]]]]}},{"type":"Feature","properties":{"name":"淮南","adcode":340400,"center":[117.018329,32.647574]},"bbox":[116.3824,31.9034,117.2114,33.0048],"geometry":{"type":"MultiPolygon","coordinates":[[[[116.7711,31.9113],[116.9404,32.0277],[117.0408,32.0243],[116.9784,32.1523],[117.0722,32.2663],[117.0046,32.3862],[117.0848,32.5305],[117.2114,32.5466],[117.1613,32.6796],[117.2052,32.7283],[117.1253,32.7578],[117.0463,32.7162],[116.785,32.9172],[116.3824,33.0048],[116.4452,32.698],[116.6351,32.5539],[116.4848,32.4393],[116.5469,32.0281],[116.6779,31.9763],[116.6878,31.9034],[116.7711,31.9113]]]]}},{"type":"Feature","properties":{"name":"马鞍山","adcode":340500,"center":[118.507906,31.689362]},"bbox":[117.908,31.2941,118.8837,32.0581],"geometry":{"type":"Polygon","coordinates":[[[118.8837,31.5001],[118.8511,31.3925],[118.6175,31.2941],[118.525,31.4018],[118.445,31.3935],[118.3766,31.5325],[118.3262,31.4441],[118.2482,31.5336],[118.1351,31.517],[118.1652,31.3991],[117.9797,31.4329],[117.9083,31.5468],[117.9733,31.6384],[117.9132,31.704],[117.908,31.8326],[117.9519,31.9062],[118.084,31.8538],[118.3851,32.0581],[118.3644,31.9301],[118.5047,31.8417],[118.4822,31.7783],[118.6849,31.7249],[118.6579,31.6411],[118.799,31.6664],[118.8687,31.6114],[118.8837,31.5001]]]}},{"type":"Feature","properties":{"name":"淮北","adcode":340600,"center":[116.794664,33.971707]},"bbox":[116.3937,33.3039,117.0421,34.2487],"geometry":{"type":"MultiPolygon","coordinates":[[[[116.3937,33.7831],[116.5511,33.5966],[116.5475,33.4679],[116.7,33.4741],[116.8046,33.4229],[116.8019,33.3039],[116.9234,33.307],[116.9714,33.4283],[116.905,33.4771],[116.937,33.5803],[116.8597,33.6243],[116.9294,33.6732],[116.9971,33.9142],[116.9731,34.079],[116.8187,34.0861],[116.8031,33.9937],[116.6042,34.0213],[116.6427,33.8925],[116.5671,33.9082],[116.3937,33.7831]]],[[[117.0316,34.1667],[117.0421,34.2487],[116.9715,34.1546],[117.0316,34.1667]]]]}},{"type":"Feature","properties":{"name":"铜陵","adcode":340700,"center":[117.816576,30.929935]},"bbox":[116.9221,30.4206,118.1648,31.1402],"geometry":{"type":"MultiPolygon","coordinates":[[[[117.1562,31.0724],[117.0827,30.9749],[117.101,30.7674],[117.2414,30.6904],[117.2171,30.6306],[117.4704,30.679],[117.7018,30.8066],[117.7962,30.7484],[118.1648,30.9072],[118.0058,31.0782],[117.898,31.0783],[117.8507,31.1402],[117.6605,30.94],[117.5075,31.0035],[117.3715,30.951],[117.1562,31.0724]]],[[[117.2971,30.4872],[117.252,30.4206],[117.2993,30.4254],[117.2971,30.4872]]],[[[116.9607,30.6285],[116.957,30.658],[116.9221,30.6543],[116.9607,30.6285]]]]}},{"type":"Feature","properties":{"name":"安庆","adcode":340800,"center":[117.043551,30.50883]},"bbox":[115.7655,29.782,117.2522,31.2668],"geometry":{"type":"Polygon","coordinates":[[[116.9033,30.3573],[116.9272,30.2735],[116.8169,30.1151],[116.7473,30.0572],[116.5966,30.0597],[116.5415,29.9016],[116.2614,29.782],[116.1352,29.8194],[116.0644,30.2069],[115.9044,30.3101],[115.9199,30.515],[115.7655,30.7075],[115.8684,30.7743],[115.8657,30.8643],[116.0717,30.9567],[116.051,31.0496],[116.0934,31.0901],[116.2225,31.0618],[116.3595,31.174],[116.4603,31.1259],[116.5435,31.1819],[116.5306,31.021],[116.614,31.0739],[116.7097,31.0432],[116.9439,31.1618],[117.0163,31.2668],[117.1562,31.0724],[117.0827,30.9749],[117.101,30.7674],[117.2414,30.6904],[117.2055,30.6544],[117.2522,30.564],[117.1922,30.4659],[117.0255,30.4943],[116.9011,30.4365],[116.9033,30.3573]],[[116.957,30.658],[116.9221,30.6543],[116.9607,30.6285],[116.957,30.658]]]}},{"type":"Feature","properties":{"name":"黄山","adcode":341000,"center":[118.317325,29.709239]},"bbox":[117.2062,29.3954,118.8947,30.5122],"geometry":{"type":"MultiPolygon","coordinates":[[[[118.8689,30.1014],[118.7431,30.0927],[118.5487,29.9452],[118.4945,30.0721],[118.3706,30.0997],[118.2907,30.1995],[118.3003,30.3701],[118.2137,30.4668],[118.125,30.4237],[118.1176,30.5092],[117.9701,30.5122],[117.9401,30.3347],[117.8249,30.2416],[117.8529,30.1917],[117.6762,30.1079],[117.541,30.1106],[117.5115,30.0371],[117.2062,29.9743],[117.2062,29.9275],[117.2574,29.8313],[117.4188,29.8504],[117.4519,29.6959],[117.5433,29.5886],[117.6614,29.6118],[117.7077,29.549],[118.0141,29.5773],[118.2042,29.3954],[118.3161,29.4226],[118.3105,29.496],[118.4959,29.5196],[118.5739,29.6384],[118.7187,29.7092],[118.7556,29.8454],[118.8947,29.9381],[118.8689,30.1014]]]]}},{"type":"Feature","properties":{"name":"滁州","adcode":341100,"center":[118.316264,32.303627]},"bbox":[117.1613,31.8538,119.231,33.218],"geometry":{"type":"MultiPolygon","coordinates":[[[[117.9519,31.9062],[118.084,31.8538],[118.4991,32.1204],[118.5098,32.1943],[118.6441,32.21],[118.7079,32.3384],[118.6926,32.4651],[118.5933,32.4788],[118.5813,32.5945],[118.9079,32.5923],[118.8883,32.5572],[119.0414,32.5148],[119.0737,32.4554],[119.1478,32.4926],[119.1769,32.5938],[119.231,32.6071],[119.1849,32.8256],[119.1043,32.8267],[119.0208,32.9558],[118.8493,32.9566],[118.8117,32.855],[118.7418,32.8534],[118.7563,32.737],[118.3753,32.719],[118.3017,32.8462],[118.2506,32.8484],[118.2354,32.9265],[118.3096,32.959],[118.2524,32.9821],[118.1782,33.218],[118.0446,33.1272],[118.0727,33.081],[118.0043,33.0553],[118.0113,33.0018],[117.7734,33.0473],[117.6575,32.9107],[117.5312,32.9806],[117.4712,32.8372],[117.2558,32.8057],[117.1613,32.6796],[117.209,32.4725],[117.4083,32.4686],[117.3593,32.385],[117.4417,32.3665],[117.3958,32.2837],[117.4981,32.2035],[117.6524,32.2608],[117.8472,32.2174],[117.8851,32.0641],[117.8109,32.0023],[117.9519,31.9062]]]]}},{"type":"Feature","properties":{"name":"阜阳","adcode":341200,"center":[115.819729,32.896969]},"bbox":[114.8834,32.403,116.6351,33.5851],"geometry":{"type":"Polygon","coordinates":[[[115.5086,32.4686],[115.4116,32.5748],[115.1922,32.6023],[115.1986,32.8544],[114.8834,32.9838],[114.937,33.0255],[114.8973,33.0866],[114.9327,33.154],[115.0574,33.0837],[115.2903,33.1324],[115.3602,33.2981],[115.3133,33.3771],[115.3454,33.5029],[115.6398,33.5851],[115.6767,33.5087],[115.8974,33.4005],[115.9257,33.2292],[115.8321,33.2568],[115.8667,33.0943],[116.0511,33.0443],[116.0549,32.9906],[116.1679,32.9671],[116.2803,32.8591],[116.387,32.8977],[116.4456,32.8435],[116.4452,32.698],[116.6351,32.5539],[116.4724,32.4382],[116.2717,32.521],[116.1764,32.4254],[115.9674,32.6051],[115.7888,32.4689],[115.7012,32.4953],[115.6675,32.4099],[115.5639,32.403],[115.5086,32.4686]]]}},{"type":"Feature","properties":{"name":"宿州","adcode":341300,"center":[116.984084,33.633891]},"bbox":[116.1621,33.2751,118.1853,34.6508],"geometry":{"type":"MultiPolygon","coordinates":[[[[116.6042,34.0213],[116.8031,33.9937],[116.8187,34.0861],[116.9731,34.079],[116.9971,33.9142],[116.9294,33.6732],[116.8597,33.6243],[116.937,33.5803],[116.905,33.4771],[116.9735,33.392],[116.9139,33.3446],[116.9746,33.2784],[117.0955,33.2849],[117.0607,33.3923],[117.1255,33.381],[117.1597,33.4575],[117.2027,33.4235],[117.2431,33.5015],[117.3915,33.4562],[117.4771,33.3478],[117.6319,33.3437],[117.7378,33.2751],[117.9727,33.3301],[118.0507,33.4921],[118.1081,33.4751],[118.1853,33.745],[117.9649,33.7634],[117.7527,33.7115],[117.7586,33.8857],[117.7036,33.8878],[117.6297,34.0287],[117.5757,33.9829],[117.5148,34.0609],[117.4156,34.0259],[117.3572,34.0882],[117.2247,34.0642],[117.0384,34.1674],[116.9822,34.1373],[117.0351,34.2319],[116.969,34.2837],[116.9693,34.3888],[116.5751,34.4889],[116.4305,34.6508],[116.2477,34.5518],[116.197,34.5759],[116.1621,34.4594],[116.2136,34.3822],[116.3722,34.2661],[116.5824,34.2752],[116.528,34.1229],[116.6042,34.0213]]]]}},{"type":"Feature","properties":{"name":"六安","adcode":341500,"center":[116.507676,31.752889]},"bbox":[115.3712,31.0119,117.2514,32.6051],"geometry":{"type":"MultiPolygon","coordinates":[[[[116.7711,31.9113],[116.6878,31.9034],[116.6779,31.9763],[116.5469,32.0281],[116.4848,32.4393],[116.2717,32.521],[116.1764,32.4254],[115.9674,32.6051],[115.8458,32.5018],[115.9419,32.1651],[115.9103,31.7923],[115.6778,31.7789],[115.4954,31.6729],[115.3712,31.4945],[115.3721,31.3493],[115.442,31.3461],[115.5857,31.1442],[115.7008,31.2011],[115.7701,31.1131],[115.8801,31.1419],[116.015,31.0119],[116.1046,31.0945],[116.2225,31.0618],[116.3595,31.174],[116.4603,31.1259],[116.5528,31.1797],[116.5306,31.021],[116.614,31.0739],[116.7887,31.0653],[117.0639,31.2894],[117.1492,31.4833],[117.2514,31.5029],[117.1983,31.552],[116.7929,31.5439],[116.758,31.7625],[116.6925,31.8203],[116.7711,31.9113]]]]}},{"type":"Feature","properties":{"name":"亳州","adcode":341600,"center":[115.782939,33.869338]},"bbox":[115.5466,32.8591,116.8266,34.0732],"geometry":{"type":"MultiPolygon","coordinates":[[[[116.3937,33.7831],[116.1554,33.7099],[115.987,33.9012],[115.984,33.9878],[115.8527,34.0038],[115.7803,34.0732],[115.6011,34.023],[115.5466,33.8884],[115.6335,33.8673],[115.6143,33.7757],[115.5632,33.7717],[115.6767,33.5087],[115.8974,33.4005],[115.9257,33.2292],[115.8394,33.2628],[115.8244,33.1509],[116.2803,32.8591],[116.3946,32.8913],[116.3824,33.0048],[116.7357,32.9287],[116.7552,33.0027],[116.8162,33.0131],[116.7486,33.0609],[116.8266,33.2108],[116.8046,33.4229],[116.5475,33.4679],[116.5511,33.5966],[116.3937,33.7831]]]]}},{"type":"Feature","properties":{"name":"池州","adcode":341700,"center":[117.489157,30.656037]},"bbox":[116.6519,29.565,118.125,30.8438],"geometry":{"type":"Polygon","coordinates":[[[116.6738,29.7098],[116.892,29.9193],[116.7473,30.0572],[116.9272,30.2735],[116.8924,30.4311],[117.0255,30.4943],[117.1922,30.4659],[117.2522,30.564],[117.2171,30.6306],[117.4704,30.679],[117.7018,30.8066],[117.7962,30.7484],[117.9804,30.8438],[117.9688,30.7949],[118.125,30.7178],[117.9851,30.5613],[117.9401,30.3347],[117.8249,30.2416],[117.8529,30.1917],[117.6762,30.1079],[117.541,30.1106],[117.5115,30.0371],[117.2062,29.9743],[117.0733,29.8322],[117.1356,29.781],[117.113,29.7122],[116.8381,29.5698],[116.7216,29.565],[116.6519,29.6372],[116.6738,29.7098]],[[116.699,29.7078],[116.7058,29.6971],[116.7034,29.7101],[116.699,29.7078]],[[116.7065,29.6966],[116.7051,29.6887],[116.7172,29.6908],[116.7065,29.6966]],[[117.2971,30.4872],[117.252,30.4206],[117.2993,30.4254],[117.2971,30.4872]]]}},{"type":"Feature","properties":{"name":"宣城","adcode":341800,"center":[118.757995,30.945667]},"bbox":[117.9851,29.9452,119.6491,31.3227],"geometry":{"type":"MultiPolygon","coordinates":[[[[118.8689,30.1014],[118.8968,30.1481],[118.8457,30.1561],[118.9299,30.2034],[118.8799,30.3149],[118.9364,30.3508],[119.2292,30.2897],[119.2471,30.3408],[119.4031,30.3744],[119.3266,30.533],[119.2426,30.53],[119.2391,30.6093],[119.3915,30.6852],[119.4483,30.6558],[119.4801,30.7733],[119.5757,30.8297],[119.5563,30.8967],[119.6491,31.1051],[119.3915,31.1742],[119.3566,31.3033],[119.3376,31.2589],[119.1811,31.3005],[119.1053,31.2353],[118.8027,31.2282],[118.7211,31.3227],[118.6569,31.3047],[118.7336,31.1494],[118.4957,30.941],[118.4803,30.7664],[118.3589,30.8458],[118.2766,30.7432],[118.3144,30.7051],[118.1712,30.6916],[117.9851,30.5613],[117.9858,30.4987],[118.1307,30.4982],[118.1076,30.4293],[118.2252,30.455],[118.3205,30.2938],[118.2666,30.2598],[118.2907,30.1995],[118.3706,30.0997],[118.4945,30.0721],[118.5487,29.9452],[118.7431,30.0927],[118.8689,30.1014]]]]}},{"type":"Feature","properties":{"name":"福州","adcode":350100,"center":[119.306239,26.075302]},"bbox":[118.3821,25.2896,120.4979,26.6344],"geometry":{"type":"MultiPolygon","coordinates":[[[[119.8,26.5468],[119.7437,26.5758],[119.6226,26.5211],[119.4085,26.6344],[119.2291,26.524],[119.0285,26.5984],[118.9503,26.4695],[118.8276,26.4264],[118.7482,26.5108],[118.7312,26.4384],[118.7942,26.3405],[118.7205,26.3404],[118.6633,26.2279],[118.5785,26.204],[118.601,26.0552],[118.5164,26.0593],[118.5183,25.8876],[118.4598,25.8658],[118.4325,25.9176],[118.3821,25.8141],[118.5237,25.6591],[118.6101,25.7085],[118.73,25.6682],[118.9526,25.76],[118.9515,25.7127],[119.1329,25.7528],[119.134,25.6334],[119.1807,25.5551],[119.2277,25.5646],[119.2127,25.472],[119.2726,25.4778],[119.288,25.411],[119.3537,25.4118],[119.357,25.5207],[119.4529,25.4937],[119.4303,25.4357],[119.4901,25.4468],[119.4967,25.3588],[119.5789,25.4008],[119.573,25.4503],[119.5888,25.3458],[119.6491,25.3429],[119.6701,25.4355],[119.6229,25.434],[119.675,25.4681],[119.7725,25.3951],[119.7642,25.4334],[119.8666,25.455],[119.8146,25.5294],[119.8904,25.5657],[119.788,25.6153],[119.7914,25.6654],[119.6838,25.5959],[119.7239,25.5175],[119.6541,25.4703],[119.5968,25.5933],[119.5348,25.5853],[119.473,25.6623],[119.603,25.6853],[119.6285,25.872],[119.7152,25.9633],[119.6053,26.1697],[119.6763,26.2631],[119.9099,26.3104],[119.9624,26.3735],[119.8766,26.3596],[119.8,26.5468]]],[[[120.4956,26.3719],[120.4729,26.3676],[120.4979,26.3523],[120.4956,26.3719]]],[[[119.8998,25.5821],[119.8975,25.6069],[119.8759,25.6062],[119.8998,25.5821]]],[[[119.5799,25.6271],[119.6101,25.6539],[119.5808,25.6499],[119.5799,25.6271]]],[[[120.0063,26.2152],[120.0009,26.2362],[119.9696,26.1911],[120.0063,26.2152]]],[[[119.9675,25.9454],[119.9793,25.9518],[119.9765,25.9648],[119.9675,25.9454]]],[[[119.7051,25.3528],[119.7359,25.3625],[119.7245,25.3787],[119.7051,25.3528]]],[[[119.6943,25.3039],[119.6992,25.3278],[119.6938,25.3371],[119.6943,25.3039]]],[[[119.9295,26.1343],[119.9701,26.1628],[119.9183,26.1696],[119.9295,26.1343]]],[[[119.6429,26.1293],[119.6572,26.1521],[119.6071,26.1697],[119.6429,26.1293]]],[[[119.884,26.411],[119.8929,26.4148],[119.8859,26.4199],[119.884,26.411]]],[[[119.474,25.3313],[119.4859,25.3372],[119.4716,25.3452],[119.474,25.3313]]],[[[119.6624,25.6466],[119.698,25.6364],[119.7169,25.6648],[119.6624,25.6466]]],[[[119.6733,25.7567],[119.6831,25.7627],[119.6724,25.7659],[119.6733,25.7567]]],[[[119.6762,26.1244],[119.6842,26.1409],[119.6622,26.1339],[119.6762,26.1244]]],[[[119.7573,25.2985],[119.7644,25.2896],[119.7676,25.2988],[119.7573,25.2985]]],[[[119.9158,26.4182],[119.907,26.407],[119.9189,26.4094],[119.9158,26.4182]]],[[[119.9992,26.2397],[120.0113,26.2475],[120.0026,26.2467],[119.9992,26.2397]]],[[[119.9371,25.9638],[119.9533,25.9762],[119.9302,25.9786],[119.9371,25.9638]]],[[[119.6396,25.672],[119.6413,25.6675],[119.6596,25.6801],[119.6396,25.672]]],[[[119.3904,25.4351],[119.399,25.4366],[119.3965,25.4435],[119.3904,25.4351]]],[[[119.6365,26.1147],[119.6444,26.1091],[119.648,26.1181],[119.6365,26.1147]]],[[[119.9871,26.2626],[119.995,26.2659],[119.9939,26.2804],[119.9871,26.2626]]],[[[120.2215,26.332],[120.2344,26.3416],[120.2238,26.3387],[120.2215,26.332]]],[[[119.6493,25.665],[119.6477,25.6548],[119.6723,25.6614],[119.6493,25.665]]],[[[119.5798,25.6684],[119.5823,25.6616],[119.5909,25.6741],[119.5798,25.6684]]]]}},{"type":"Feature","properties":{"name":"厦门","adcode":350200,"center":[118.11022,24.490474]},"bbox":[117.886,24.4183,118.3949,24.8926],"geometry":{"type":"MultiPolygon","coordinates":[[[[118.049,24.4183],[118.1505,24.5835],[118.2429,24.5125],[118.3755,24.5364],[118.3296,24.6053],[118.3448,24.7717],[118.195,24.8926],[117.913,24.8703],[117.963,24.8412],[117.9654,24.671],[117.886,24.5902],[117.9641,24.444],[118.049,24.4183]]],[[[118.2045,24.5048],[118.1117,24.5553],[118.0704,24.4552],[118.1432,24.4208],[118.2045,24.5048]]],[[[118.3788,24.5555],[118.3837,24.5516],[118.3949,24.5544],[118.3788,24.5555]]],[[[118.0713,24.4352],[118.0749,24.4469],[118.0565,24.4451],[118.0713,24.4352]]]]}},{"type":"Feature","properties":{"name":"莆田","adcode":350300,"center":[119.007558,25.431011]},"bbox":[118.4647,24.9823,119.6022,25.76],"geometry":{"type":"MultiPolygon","coordinates":[[[[118.8998,25.2414],[119.0236,25.2679],[118.9784,25.2228],[119.0744,25.2114],[119.0291,25.1396],[119.1424,25.0967],[119.0899,25.0522],[119.1278,25.0126],[119.1658,25.1454],[119.1191,25.2124],[119.2693,25.16],[119.2934,25.2351],[119.3783,25.2489],[119.1449,25.388],[119.2322,25.4423],[119.2444,25.5279],[119.134,25.6334],[119.1522,25.7447],[118.9515,25.7127],[118.9526,25.76],[118.73,25.6682],[118.6101,25.7085],[118.4647,25.5163],[118.5129,25.3176],[118.6557,25.302],[118.6916,25.1549],[118.8998,25.2414]]],[[[119.471,25.1971],[119.5236,25.1581],[119.5784,25.2048],[119.4715,25.2596],[119.471,25.1971]]],[[[119.58,25.2639],[119.5775,25.2699],[119.5709,25.2593],[119.58,25.2639]]],[[[119.3718,25.1149],[119.3779,25.1202],[119.3696,25.1289],[119.3718,25.1149]]],[[[119.5171,25.2648],[119.5305,25.2658],[119.5186,25.2792],[119.5171,25.2648]]],[[[119.0483,25.1015],[119.0496,25.0947],[119.0582,25.1026],[119.0483,25.1015]]],[[[119.5921,25.1873],[119.6022,25.1876],[119.5952,25.1948],[119.5921,25.1873]]],[[[119.3422,25.312],[119.3494,25.3187],[119.3452,25.3238],[119.3422,25.312]]],[[[119.5789,25.2485],[119.5875,25.2413],[119.5849,25.2509],[119.5789,25.2485]]],[[[119.0181,25.1733],[119.027,25.1715],[119.0326,25.1894],[119.0181,25.1733]]],[[[119.3681,25.3265],[119.3771,25.3275],[119.3628,25.3343],[119.3681,25.3265]]],[[[119.4611,24.9823],[119.4595,24.9922],[119.4499,24.9948],[119.4611,24.9823]]]]}},{"type":"Feature","properties":{"name":"三明","adcode":350400,"center":[117.635001,26.265444]},"bbox":[116.3925,25.478,118.6559,27.1263],"geometry":{"type":"MultiPolygon","coordinates":[[[[117.7181,25.512],[117.798,25.478],[118.0301,25.5686],[118.038,25.6282],[117.9374,25.6584],[118.006,25.6919],[118.0154,25.857],[118.3503,25.937],[118.4598,25.8658],[118.5183,25.8876],[118.5164,26.0593],[118.601,26.0552],[118.5645,26.1685],[118.6559,26.2627],[118.3332,26.438],[118.1361,26.3657],[118.0034,26.5113],[118.0111,26.5696],[117.8783,26.5572],[117.854,26.6796],[117.6676,26.6347],[117.5935,26.7029],[117.6706,26.8048],[117.5791,26.9232],[117.5053,26.9267],[117.5462,26.9929],[117.4517,27.0051],[117.3835,27.0995],[117.2763,27.1263],[117.2441,27.0335],[117.161,27.1103],[117.064,27.1098],[116.9364,27.0193],[116.6793,26.9785],[116.5486,26.84],[116.512,26.7083],[116.5688,26.6422],[116.5409,26.5564],[116.6371,26.4661],[116.6014,26.3729],[116.5194,26.4104],[116.4131,26.2981],[116.3925,26.1703],[116.4715,26.1752],[116.4893,26.1137],[116.4001,26.0331],[116.4955,25.9663],[116.6295,26.0138],[116.8202,25.7839],[116.9047,25.8499],[117.024,25.8531],[117.058,25.686],[117.1658,25.5707],[117.2123,25.5703],[117.2835,25.6651],[117.2667,25.7249],[117.3543,25.7859],[117.3922,25.6587],[117.4879,25.7393],[117.6012,25.6495],[117.6621,25.6643],[117.7483,25.5963],[117.6889,25.5351],[117.7181,25.512]]]]}},{"type":"Feature","properties":{"name":"泉州","adcode":350500,"center":[118.589421,24.908853]},"bbox":[117.5557,24.4013,119.0368,25.937],"geometry":{"type":"MultiPolygon","coordinates":[[[[118.8998,25.2414],[118.6916,25.1549],[118.6557,25.302],[118.5334,25.2913],[118.4601,25.4436],[118.5448,25.6566],[118.4309,25.7306],[118.3821,25.8141],[118.4098,25.8894],[118.3503,25.937],[118.0154,25.857],[118.006,25.6919],[117.9374,25.6584],[118.038,25.6282],[118.0301,25.5686],[117.798,25.478],[117.7181,25.512],[117.6915,25.3683],[117.5557,25.1942],[117.7384,25.0373],[117.6043,24.9479],[117.6248,24.8667],[118.195,24.8926],[118.3448,24.7717],[118.3315,24.5983],[118.5186,24.6059],[118.5799,24.5072],[118.6803,24.5822],[118.6561,24.6698],[118.7847,24.7601],[118.6479,24.8436],[118.9918,24.8803],[118.9184,24.9325],[119.0327,24.9577],[118.9897,24.9741],[119.0245,25.0517],[118.9603,25.0218],[118.8892,25.0842],[118.9855,25.1661],[118.8998,25.2414]]],[[[118.4125,24.5143],[118.3746,24.4588],[118.2957,24.4753],[118.2819,24.4104],[118.4577,24.4123],[118.4735,24.4773],[118.4125,24.5143]]],[[[118.2304,24.4013],[118.2528,24.4173],[118.2339,24.4458],[118.2304,24.4013]]],[[[119.0044,25.182],[119.001,25.1859],[118.9942,25.1726],[119.0044,25.182]]],[[[119.0283,25.0297],[119.0368,25.0315],[119.027,25.0405],[119.0283,25.0297]]]]}},{"type":"Feature","properties":{"name":"漳州","adcode":350600,"center":[117.661801,24.510897]},"bbox":[116.9039,23.549,118.1574,25.2117],"geometry":{"type":"MultiPolygon","coordinates":[[[[116.9039,24.3699],[116.934,24.2193],[116.9986,24.179],[116.9266,24.0986],[116.9813,23.9967],[116.9621,23.8614],[117.0225,23.8388],[117.0532,23.6984],[117.1926,23.6296],[117.1929,23.5616],[117.3178,23.549],[117.454,23.575],[117.5027,23.7046],[117.613,23.7134],[117.672,23.8781],[117.7879,23.9],[118.0194,24.1973],[118.1574,24.2636],[118.0863,24.4103],[117.9641,24.444],[117.886,24.5902],[117.9654,24.671],[117.963,24.8412],[117.8826,24.8957],[117.8126,24.85],[117.6248,24.8667],[117.6043,24.9479],[117.7384,25.0373],[117.5554,25.2117],[117.4846,25.1649],[117.4931,24.9621],[117.2866,24.9905],[117.2271,24.9092],[117.1844,24.9259],[117.1375,24.7848],[117.0567,24.8237],[117.0231,24.5714],[116.9115,24.5157],[116.944,24.4319],[116.9039,24.3699]]],[[[117.7115,23.7727],[117.7176,23.7696],[117.7244,23.7759],[117.7115,23.7727]]],[[[117.6837,23.7846],[117.6928,23.7749],[117.6903,23.7839],[117.6837,23.7846]]],[[[118.1511,24.3184],[118.1564,24.3315],[118.1463,24.3391],[118.1511,24.3184]]],[[[117.6695,23.7905],[117.6767,23.7883],[117.6713,23.8034],[117.6695,23.7905]]]]}},{"type":"Feature","properties":{"name":"南平","adcode":350700,"center":[118.178459,26.635627]},"bbox":[117.0034,26.2434,119.2718,28.3121],"geometry":{"type":"MultiPolygon","coordinates":[[[[119.2621,27.4206],[118.9907,27.5034],[118.9554,27.4498],[118.8579,27.5167],[118.9102,27.5703],[118.8979,27.7189],[118.7188,28.0636],[118.8023,28.1173],[118.761,28.1674],[118.8124,28.2256],[118.7194,28.3121],[118.4907,28.2384],[118.4331,28.2931],[118.3735,28.2659],[118.3149,28.2229],[118.3743,28.188],[118.3562,28.0917],[118.1351,28.0537],[118.0899,27.965],[117.856,27.9459],[117.742,27.8012],[117.6026,27.8696],[117.5218,27.9824],[117.3534,27.8585],[117.2808,27.8712],[117.3056,27.7755],[117.2026,27.6836],[117.0034,27.626],[117.02,27.5571],[117.0988,27.5441],[117.1003,27.3392],[117.1719,27.2903],[117.0532,27.1014],[117.161,27.1103],[117.2441,27.0335],[117.2763,27.1263],[117.3835,27.0995],[117.4517,27.0051],[117.5462,26.9929],[117.5053,26.9267],[117.5791,26.9232],[117.6706,26.8048],[117.5935,26.7029],[117.6676,26.6347],[117.854,26.6796],[117.8783,26.5572],[118.0111,26.5696],[118.0034,26.5113],[118.1361,26.3657],[118.3332,26.438],[118.6687,26.2434],[118.6622,26.3422],[118.5496,26.413],[118.6086,26.4896],[118.5723,26.6834],[118.6318,26.8523],[118.696,26.8721],[118.6718,26.9473],[118.8377,26.9886],[118.9581,27.1172],[118.9374,27.1755],[119.1364,27.0563],[119.2051,27.1152],[119.1786,27.1996],[119.2718,27.2126],[119.2049,27.2609],[119.2621,27.4206]]]]}},{"type":"Feature","properties":{"name":"龙岩","adcode":350800,"center":[117.02978,25.091603]},"bbox":[115.8556,24.3699,117.7483,26.0331],"geometry":{"type":"MultiPolygon","coordinates":[[[[116.4001,26.0331],[116.37,25.9633],[116.1307,25.8587],[116.1755,25.7495],[116.0602,25.6949],[116.0001,25.3015],[115.8556,25.2094],[115.9283,25.0505],[115.8736,25.0199],[115.9251,24.9608],[115.8702,24.9595],[116.0913,24.8384],[116.1917,24.8771],[116.2513,24.7934],[116.3948,24.8779],[116.376,24.8034],[116.487,24.7186],[116.5259,24.6048],[116.8012,24.6783],[116.7584,24.5466],[116.9039,24.3699],[116.944,24.4319],[116.9115,24.5157],[117.0231,24.5714],[117.0567,24.8237],[117.1375,24.7848],[117.1844,24.9259],[117.2271,24.9092],[117.2866,24.9905],[117.4931,24.9621],[117.4846,25.1649],[117.6139,25.2223],[117.5998,25.2937],[117.6915,25.3683],[117.6889,25.5351],[117.7483,25.5963],[117.4879,25.7393],[117.3922,25.6587],[117.3543,25.7859],[117.2667,25.7249],[117.2835,25.6651],[117.1972,25.5593],[117.058,25.686],[117.024,25.8531],[116.9047,25.8499],[116.8202,25.7839],[116.6295,26.0138],[116.4955,25.9663],[116.4001,26.0331]]]]}},{"type":"Feature","properties":{"name":"宁德","adcode":350900,"center":[119.527082,26.65924]},"bbox":[118.5509,26.2753,120.7205,27.6754],"geometry":{"type":"MultiPolygon","coordinates":[[[[119.8,26.5468],[119.7401,26.6107],[119.5779,26.6223],[119.6534,26.7447],[119.8739,26.6429],[119.9323,26.7801],[120.0564,26.786],[119.9464,26.612],[119.8458,26.589],[119.8286,26.5242],[119.8937,26.514],[119.9469,26.5897],[120.1446,26.6494],[120.1106,26.6928],[120.1658,26.7315],[120.0545,26.8637],[120.1188,26.9189],[120.2319,26.9072],[120.2828,27.0898],[120.3921,27.0813],[120.4617,27.1426],[120.3407,27.3996],[120.2734,27.3894],[120.249,27.4399],[120.0523,27.3387],[119.9942,27.3792],[119.944,27.3141],[119.7706,27.3057],[119.6855,27.4384],[119.7086,27.5143],[119.6309,27.5827],[119.644,27.6635],[119.5392,27.6754],[119.4517,27.5136],[119.3768,27.535],[119.285,27.4577],[119.2049,27.2609],[119.2718,27.2126],[119.1786,27.1996],[119.2051,27.1152],[119.1364,27.0563],[118.9374,27.1755],[118.9581,27.1172],[118.8377,26.9886],[118.6813,26.9635],[118.696,26.8721],[118.6318,26.8523],[118.5723,26.6834],[118.6189,26.554],[118.5509,26.3914],[118.6622,26.3422],[118.6665,26.2753],[118.7942,26.3405],[118.7312,26.4384],[118.7482,26.5108],[118.8276,26.4264],[118.9503,26.4695],[119.0578,26.6037],[119.2291,26.524],[119.4085,26.6344],[119.6226,26.5211],[119.7437,26.5758],[119.8,26.5468]]],[[[118.8253,26.433],[118.817,26.4361],[118.8103,26.4324],[118.8253,26.433]]],[[[120.7133,26.9883],[120.7127,26.9746],[120.7205,26.9747],[120.7133,26.9883]]],[[[120.6944,27.0029],[120.695,26.9933],[120.7081,27.007],[120.6944,27.0029]]],[[[120.2495,26.9341],[120.2652,26.9168],[120.2583,26.9245],[120.2495,26.9341]]],[[[120.3182,26.9307],[120.3089,26.9391],[120.2936,26.924],[120.3182,26.9307]]],[[[119.8076,26.6735],[119.8134,26.6653],[119.8095,26.6823],[119.8076,26.6735]]],[[[120.3509,26.6407],[120.3691,26.6348],[120.3555,26.6473],[120.3509,26.6407]]],[[[119.9068,26.6898],[119.9256,26.675],[119.9392,26.6706],[119.9068,26.6898]]],[[[119.8013,26.5675],[119.814,26.5604],[119.8169,26.5727],[119.8013,26.5675]]],[[[120.3486,26.7015],[120.3445,26.6962],[120.372,26.6993],[120.3486,26.7015]]],[[[120.0344,26.4888],[120.0713,26.5089],[120.0492,26.5202],[120.0344,26.4888]]],[[[120.1501,26.5556],[120.1484,26.5516],[120.1647,26.5548],[120.1501,26.5556]]],[[[120.1374,26.6842],[120.14,26.6919],[120.1251,26.6965],[120.1374,26.6842]]],[[[120.1327,26.5304],[120.1536,26.5331],[120.138,26.542],[120.1327,26.5304]]],[[[120.3736,26.9596],[120.3772,26.9525],[120.3921,26.9588],[120.3736,26.9596]]],[[[120.003,26.5443],[119.9977,26.5337],[120.0113,26.5426],[120.003,26.5443]]],[[[119.7609,26.6133],[119.7921,26.6055],[119.8188,26.621],[119.7609,26.6133]]],[[[119.7968,26.6002],[119.8079,26.6004],[119.8013,26.6061],[119.7968,26.6002]]],[[[120.4039,27.0961],[120.4213,27.0974],[120.4252,27.1045],[120.4039,27.0961]]],[[[120.1359,26.551],[120.167,26.5715],[120.1368,26.5881],[120.1359,26.551]]],[[[120.2196,26.8722],[120.2289,26.8765],[120.2247,26.8871],[120.2196,26.8722]]],[[[120.1337,26.4896],[120.1349,26.4833],[120.1461,26.4899],[120.1337,26.4896]]],[[[120.3606,26.9169],[120.3944,26.9339],[120.339,26.9704],[120.3606,26.9169]]],[[[120.1415,26.7989],[120.1446,26.7918],[120.1618,26.8034],[120.1415,26.7989]]],[[[119.6682,26.6285],[119.7628,26.675],[119.6662,26.6795],[119.6682,26.6285]]],[[[119.778,26.6761],[119.7887,26.6804],[119.7915,26.6885],[119.778,26.6761]]]]}},{"type":"Feature","properties":{"name":"南昌","adcode":360100,"center":[115.892151,28.676493]},"bbox":[115.4387,28.1586,116.5598,29.1181],"geometry":{"type":"MultiPolygon","coordinates":[[[[115.4756,29.0062],[115.5306,28.8617],[115.4387,28.76],[115.5595,28.7294],[115.5275,28.5825],[115.5873,28.5735],[115.5317,28.3925],[115.6181,28.418],[115.6489,28.3344],[115.8142,28.403],[115.8794,28.2869],[116.0735,28.289],[116.2255,28.1586],[116.3148,28.243],[116.3593,28.2076],[116.467,28.2524],[116.5598,28.4071],[116.5549,28.4969],[116.4465,28.7012],[116.24,28.8246],[116.4043,28.9539],[116.4005,29.053],[116.2711,29.1021],[116.2369,28.992],[116.1423,29.0845],[116.1735,29.1181],[115.93,29.0938],[115.7642,28.8924],[115.4756,29.0062]]]]}},{"type":"Feature","properties":{"name":"景德镇","adcode":360200,"center":[117.214664,29.29256]},"bbox":[116.9639,28.7192,117.7077,29.9151],"geometry":{"type":"MultiPolygon","coordinates":[[[[117.7077,29.549],[117.6614,29.6118],[117.5434,29.5886],[117.4519,29.696],[117.4188,29.8504],[117.2782,29.8251],[117.2462,29.9151],[117.1347,29.9038],[117.0733,29.8322],[117.1225,29.7285],[117.0259,29.6075],[117.0795,29.3099],[117.0084,29.2819],[117.0112,29.2253],[117.0774,29.1032],[116.9639,28.8865],[117.2484,28.7192],[117.4023,28.7837],[117.3958,28.829],[117.5491,28.8074],[117.5544,28.8992],[117.4571,28.9703],[117.5193,29.0573],[117.4973,29.158],[117.4276,29.1361],[117.3728,29.1902],[117.5099,29.436],[117.7077,29.549]]]]}},{"type":"Feature","properties":{"name":"萍乡","adcode":360300,"center":[113.852186,27.622946]},"bbox":[113.5788,26.96,114.2819,28.0042],"geometry":{"type":"MultiPolygon","coordinates":[[[[113.9214,26.96],[114.1576,27.2428],[114.0301,27.4261],[114.1735,27.4448],[114.2819,27.5781],[114.1423,27.7613],[114.001,27.752],[113.9002,27.83],[114.003,27.9554],[113.8695,28.0042],[113.7534,27.9347],[113.7672,27.8082],[113.5788,27.5452],[113.6286,27.5122],[113.6167,27.3454],[113.8762,27.3821],[113.7719,27.0964],[113.9214,26.96]]]]}},{"type":"Feature","properties":{"name":"九江","adcode":360400,"center":[115.992811,29.712034]},"bbox":[113.9462,28.6852,116.9001,30.0767],"geometry":{"type":"MultiPolygon","coordinates":[[[[116.689,29.6041],[116.6541,29.6947],[116.9001,29.9495],[116.6669,30.0767],[116.5861,30.0463],[116.5415,29.9016],[116.2615,29.7821],[116.1673,29.8274],[115.9437,29.7212],[115.6831,29.8478],[115.5116,29.8403],[115.3598,29.6465],[115.2859,29.6186],[115.1077,29.6794],[115.121,29.5952],[115.1709,29.5957],[115.154,29.5104],[115.0005,29.5721],[114.9576,29.5005],[114.9012,29.53],[114.8842,29.4378],[114.9469,29.4624],[114.8943,29.3967],[114.6733,29.3962],[114.5025,29.3238],[114.2663,29.3497],[114.2523,29.2348],[114.0632,29.2049],[113.9462,29.018],[114.0597,28.8497],[114.1495,28.8351],[114.1535,28.771],[114.2134,28.8289],[114.3456,28.7058],[114.4655,28.6969],[114.5673,28.7715],[114.7058,28.6852],[114.8926,28.7699],[114.9806,28.9944],[115.2167,29.0947],[115.446,29.0606],[115.7642,28.8924],[115.93,29.0938],[116.0033,29.1113],[116.1735,29.1181],[116.1423,29.0845],[116.2369,28.992],[116.2711,29.1021],[116.4005,29.053],[116.473,29.1557],[116.6465,29.2294],[116.5378,29.3433],[116.5009,29.5857],[116.689,29.6041]]],[[[116.7058,29.6971],[116.7034,29.7101],[116.6989,29.7095],[116.7058,29.6971]]],[[[116.7065,29.6966],[116.7055,29.688],[116.7171,29.6908],[116.7065,29.6966]]]]}},{"type":"Feature","properties":{"name":"新余","adcode":360500,"center":[114.930835,27.810834]},"bbox":[114.4856,27.5302,115.4058,28.1076],"geometry":{"type":"MultiPolygon","coordinates":[[[[114.5309,27.6012],[114.6347,27.5302],[114.7816,27.6282],[114.8796,27.5915],[114.976,27.6747],[115.0192,27.6544],[115.0585,27.7326],[115.1601,27.7172],[115.4058,27.8725],[115.1442,27.8932],[115.1521,28.0751],[114.9631,28.0905],[114.8828,28.0223],[114.7962,28.0301],[114.7827,28.1076],[114.6669,28.1042],[114.5677,28.0562],[114.6111,27.9845],[114.4856,27.8952],[114.5851,27.808],[114.5309,27.6012]]]]}},{"type":"Feature","properties":{"name":"鹰潭","adcode":360600,"center":[117.033838,28.238638]},"bbox":[116.6923,27.8549,117.4464,28.6266],"geometry":{"type":"MultiPolygon","coordinates":[[[[117.4464,27.9327],[117.4368,28.107],[117.2707,28.1624],[117.3027,28.2402],[117.2573,28.3093],[117.3177,28.3486],[117.3281,28.451],[117.2369,28.6266],[117.1477,28.5622],[117.0553,28.6033],[117.0039,28.4963],[116.9765,28.5344],[116.8807,28.5073],[116.879,28.389],[116.7887,28.3411],[116.8069,28.2554],[116.6923,28.2316],[116.8044,28.1763],[116.8131,28.1019],[116.9332,28.0933],[117.0454,27.9664],[117.0266,27.8549],[117.1235,27.9093],[117.3407,27.8563],[117.4464,27.9327]]]]}},{"type":"Feature","properties":{"name":"赣州","adcode":360700,"center":[114.940278,25.85097]},"bbox":[113.9138,24.4863,116.6381,27.1422],"geometry":{"type":"MultiPolygon","coordinates":[[[[114.0207,25.9722],[114.0283,25.8933],[113.9138,25.7038],[113.9924,25.5652],[113.9447,25.4417],[114.0451,25.384],[114.0291,25.2542],[114.1585,25.3136],[114.3028,25.2908],[114.3062,25.3341],[114.3829,25.3171],[114.5404,25.417],[114.7494,25.2426],[114.6802,25.1931],[114.7352,25.1213],[114.5616,25.0776],[114.3959,24.9511],[114.3358,24.7491],[114.169,24.6897],[114.1746,24.6456],[114.3563,24.59],[114.4288,24.4863],[114.6652,24.5837],[114.7052,24.5261],[114.7527,24.6162],[114.869,24.5624],[114.9197,24.6671],[115.0549,24.7099],[115.1207,24.6643],[115.413,24.7929],[115.6861,24.547],[115.8442,24.5627],[115.7567,24.7375],[115.7826,24.8629],[115.8243,24.9093],[115.907,24.8802],[115.8723,24.9721],[115.9251,24.9608],[115.8747,25.0097],[115.9283,25.0505],[115.8556,25.2094],[116,25.3015],[116.0602,25.6949],[116.1755,25.7495],[116.1307,25.8587],[116.37,25.9633],[116.4893,26.1137],[116.4715,26.1752],[116.3925,26.1703],[116.4131,26.298],[116.5194,26.4103],[116.6014,26.373],[116.6381,26.4795],[116.4642,26.5975],[116.3659,26.5068],[116.2391,26.5487],[116.2724,26.6559],[116.1187,26.7298],[116.1877,27.0425],[116.0675,27.1422],[115.7854,26.8041],[115.7081,26.8527],[115.6769,26.7767],[115.7316,26.7113],[115.6703,26.6418],[115.5546,26.6463],[115.5267,26.6954],[115.3363,26.6738],[115.2269,26.5171],[115.0961,26.4877],[115.0265,26.3595],[115.0953,26.1542],[114.909,26.2118],[114.7148,26.1626],[114.5763,26.2355],[114.4287,26.082],[114.3751,26.1165],[114.2945,26.0369],[114.0207,25.9722]]]]}},{"type":"Feature","properties":{"name":"吉安","adcode":360800,"center":[114.986373,27.111699]},"bbox":[113.8358,25.9722,115.9354,27.9491],"geometry":{"type":"MultiPolygon","coordinates":[[[[114.2819,27.5781],[114.1735,27.4448],[114.0301,27.4261],[114.1576,27.2428],[114.0134,27.1226],[113.8358,26.8064],[113.9064,26.6157],[114.1081,26.575],[114.0854,26.4063],[113.9445,26.1638],[114.1813,26.2145],[114.2322,26.1799],[114.1069,26.0694],[114.0438,26.0767],[114.0207,25.9722],[114.2945,26.0369],[114.3751,26.1165],[114.4287,26.082],[114.5763,26.2355],[114.7148,26.1626],[114.909,26.2118],[115.0783,26.1446],[115.0472,26.2117],[115.0911,26.2669],[115.0265,26.3595],[115.0961,26.4877],[115.2269,26.5171],[115.3363,26.6738],[115.5267,26.6954],[115.5546,26.6463],[115.6703,26.6418],[115.7316,26.7113],[115.6769,26.7767],[115.7081,26.8527],[115.7854,26.8041],[115.9354,26.965],[115.8142,27.1105],[115.7184,27.1003],[115.6404,27.1878],[115.725,27.4404],[115.5919,27.5237],[115.7351,27.7296],[115.6739,27.8213],[115.5106,27.8967],[115.5274,27.9491],[115.3936,27.9456],[115.4058,27.8725],[115.2976,27.7777],[115.1392,27.7093],[115.0585,27.7326],[115.0192,27.6544],[114.976,27.6747],[114.8796,27.5915],[114.7816,27.6282],[114.6347,27.5302],[114.5176,27.6075],[114.417,27.5482],[114.2819,27.5781]]]]}},{"type":"Feature","properties":{"name":"宜春","adcode":360900,"center":[114.391136,27.8043]},"bbox":[113.9002,27.5482,116.1508,29.0947],"geometry":{"type":"MultiPolygon","coordinates":[[[[114.5309,27.6012],[114.5851,27.808],[114.4856,27.8952],[114.6111,27.9845],[114.5677,28.0562],[114.6669,28.1042],[114.7827,28.1076],[114.7962,28.0301],[114.8828,28.0223],[114.9631,28.0905],[115.1521,28.0751],[115.1196,27.9417],[115.1903,27.8779],[115.4058,27.8725],[115.3936,27.9456],[115.5274,27.9491],[115.5106,27.8967],[115.6739,27.8213],[115.7351,27.7296],[115.8426,27.7303],[115.8655,27.855],[116.027,27.9082],[116.1194,28.0076],[116.1508,28.1288],[116.0774,28.1566],[116.116,28.2372],[116.0735,28.289],[115.8794,28.2869],[115.8142,28.403],[115.6489,28.3344],[115.6181,28.418],[115.5317,28.3925],[115.5873,28.5735],[115.5275,28.5825],[115.5595,28.7294],[115.4387,28.76],[115.5306,28.8617],[115.446,29.0606],[115.2167,29.0947],[115.0001,29.0093],[114.8926,28.7699],[114.8106,28.7679],[114.7371,28.687],[114.6237,28.6951],[114.5673,28.7715],[114.4655,28.6969],[114.3456,28.7058],[114.2134,28.8289],[114.1535,28.771],[114.0862,28.5583],[114.2188,28.4826],[114.1724,28.4328],[114.256,28.3921],[114.2555,28.3266],[114.1073,28.183],[113.9927,28.1614],[114.0471,28.0575],[113.9158,27.9935],[114.003,27.9554],[113.9002,27.83],[114.001,27.752],[114.1423,27.7613],[114.2732,27.5766],[114.417,27.5482],[114.5309,27.6012]]]]}},{"type":"Feature","properties":{"name":"抚州","adcode":361000,"center":[116.358351,27.98385]},"bbox":[115.607,26.5091,117.3031,28.4969],"geometry":{"type":"MultiPolygon","coordinates":[[[[115.9354,26.965],[116.0075,27.1123],[116.123,27.1344],[116.1891,27.0172],[116.12,26.7242],[116.2724,26.6559],[116.2391,26.5487],[116.3755,26.5091],[116.4519,26.5989],[116.5033,26.5498],[116.5532,26.5758],[116.5151,26.721],[116.6593,26.9622],[116.9364,27.0193],[117.1662,27.2671],[117.1003,27.3392],[117.0988,27.5441],[117.0201,27.5571],[117.0034,27.626],[117.2027,27.6836],[117.3031,27.8302],[117.1235,27.9093],[117.0266,27.8549],[117.0454,27.9664],[116.9332,28.0933],[116.8131,28.1019],[116.8044,28.1763],[116.6922,28.2162],[116.8069,28.2554],[116.7742,28.3657],[116.7299,28.4069],[116.5818,28.3796],[116.5549,28.4969],[116.5598,28.4071],[116.4599,28.248],[116.3593,28.2076],[116.3148,28.243],[116.2255,28.1586],[116.116,28.2372],[116.0774,28.1566],[116.1508,28.1288],[116.1494,28.0765],[116.0791,27.9471],[115.8655,27.855],[115.8426,27.7303],[115.7351,27.7296],[115.607,27.5758],[115.6307,27.4691],[115.725,27.4404],[115.6404,27.1878],[115.7184,27.1003],[115.8142,27.1105],[115.9354,26.965]]]]}},{"type":"Feature","properties":{"name":"上饶","adcode":361100,"center":[117.971185,28.44442]},"bbox":[116.24,27.8012,118.4819,29.6992],"geometry":{"type":"MultiPolygon","coordinates":[[[[117.4464,27.9327],[117.5307,27.9817],[117.6026,27.8695],[117.742,27.8012],[117.856,27.9459],[118.0899,27.965],[118.1351,28.0537],[118.3562,28.0917],[118.3726,28.1888],[118.3149,28.2229],[118.4819,28.321],[118.3833,28.7873],[118.2953,28.8352],[118.2698,28.9186],[118.1994,28.903],[118.2255,28.9468],[118.0999,28.9904],[118.038,29.1019],[118.0719,29.287],[118.2078,29.3476],[118.1295,29.4326],[118.143,29.4998],[118.0141,29.5773],[117.8164,29.5739],[117.5099,29.436],[117.3728,29.1902],[117.4276,29.1361],[117.4973,29.158],[117.5193,29.0573],[117.4571,28.9703],[117.5544,28.8992],[117.5491,28.8074],[117.3958,28.829],[117.4023,28.7837],[117.2484,28.7192],[116.9571,28.9048],[117.0774,29.1032],[117.0084,29.2819],[117.0795,29.3099],[117.0259,29.6075],[117.0908,29.6992],[116.8184,29.5648],[116.5121,29.6002],[116.5378,29.3433],[116.6465,29.2294],[116.473,29.1557],[116.4005,29.053],[116.4043,28.9539],[116.3421,28.8777],[116.24,28.8608],[116.2464,28.8018],[116.4465,28.7012],[116.4739,28.5836],[116.5853,28.4712],[116.5702,28.3883],[116.7299,28.4069],[116.7887,28.3411],[116.879,28.389],[116.8807,28.5073],[116.9765,28.5344],[117.0039,28.4963],[117.069,28.6087],[117.1477,28.5622],[117.2627,28.6132],[117.3281,28.451],[117.3177,28.3486],[117.2573,28.3093],[117.3027,28.2402],[117.2707,28.1624],[117.4368,28.107],[117.4464,27.9327]]]]}},{"type":"Feature","properties":{"name":"济南","adcode":370100,"center":[117.000923,36.675807]},"bbox":[116.2261,35.9906,117.973,37.5326],"geometry":{"type":"MultiPolygon","coordinates":[[[[116.5462,36.4089],[116.2261,36.1737],[116.2716,36.0438],[116.5323,36.0743],[116.569,36.1188],[116.4726,36.2146],[116.5123,36.2534],[116.7728,36.312],[116.9755,36.2432],[117.2882,36.476],[117.3464,36.4637],[117.3932,36.223],[117.488,36.1592],[117.452,36.0874],[117.5349,36.1114],[117.7623,35.9906],[117.9508,35.9965],[117.903,36.1721],[117.973,36.2684],[117.8331,36.443],[117.7558,36.4453],[117.7659,36.513],[117.6943,36.5689],[117.7473,36.7486],[117.5805,36.8514],[117.5491,36.9798],[117.3916,36.952],[117.3173,37.0209],[117.4598,37.1099],[117.4024,37.2248],[117.4439,37.2501],[117.4154,37.3642],[117.2734,37.5326],[117.0184,37.4358],[116.9867,37.3353],[117.0598,37.1373],[116.919,37.0931],[116.9487,37.0365],[116.875,36.9993],[116.9628,36.8427],[116.8871,36.8334],[116.8868,36.7455],[116.6613,36.5784],[116.5933,36.486],[116.6198,36.4285],[116.5462,36.4089]]]]}},{"type":"Feature","properties":{"name":"青岛","adcode":370200,"center":[120.355173,36.082982]},"bbox":[119.5178,35.5761,121.0043,37.149],"geometry":{"type":"MultiPolygon","coordinates":[[[[120.8501,36.6123],[120.6378,36.5742],[120.6606,36.648],[120.5408,36.7679],[120.6123,36.8292],[120.5766,36.8799],[120.6228,36.9074],[120.5603,36.9607],[120.6139,37.0238],[120.5333,37.0539],[120.5173,37.149],[120.3486,37.0771],[120.2366,37.126],[120.1599,37.0134],[119.6098,37.0139],[119.5471,36.7255],[119.7276,36.5627],[119.972,36.5224],[120.0128,36.4678],[119.8339,36.2788],[119.8213,36.1713],[119.671,36.1779],[119.6336,36.0677],[119.7173,36.0442],[119.6811,36.0121],[119.7369,35.863],[119.6124,35.8127],[119.6247,35.7128],[119.5178,35.7237],[119.5182,35.6154],[119.7513,35.6178],[119.7862,35.5761],[119.8243,35.6463],[119.8776,35.611],[119.953,35.7131],[119.9248,35.7583],[120.0111,35.7132],[120.0787,35.8858],[120.2079,35.9473],[120.2021,35.892],[120.3051,35.9718],[120.3095,36.0141],[120.1989,35.9957],[120.2413,36.0604],[120.1169,36.1029],[120.1816,36.2039],[120.3588,36.2003],[120.2976,36.0454],[120.7122,36.1266],[120.6548,36.2798],[120.663,36.3318],[120.7444,36.3282],[120.6944,36.3902],[120.8285,36.4666],[120.8721,36.367],[120.9677,36.478],[120.9833,36.5459],[120.8501,36.6123]]],[[[120.5844,36.0962],[120.5795,36.0915],[120.595,36.0903],[120.5844,36.0962]]],[[[120.99,36.4133],[120.9698,36.4316],[120.9503,36.4148],[120.99,36.4133]]],[[[121.0043,36.4883],[120.9899,36.4924],[120.9885,36.4852],[121.0043,36.4883]]],[[[120.8774,35.8936],[120.8754,35.8884],[120.8888,35.8973],[120.8774,35.8936]]],[[[119.7352,35.5958],[119.7419,35.5839],[119.7437,35.5913],[119.7352,35.5958]]],[[[120.1588,35.765],[120.173,35.7414],[120.1847,35.767],[120.1588,35.765]]],[[[120.7751,36.238],[120.7681,36.2307],[120.7775,36.2223],[120.7751,36.238]]]]}},{"type":"Feature","properties":{"name":"淄博","adcode":370300,"center":[118.047648,36.814939]},"bbox":[117.5513,35.9257,118.5052,37.2741],"geometry":{"type":"MultiPolygon","coordinates":[[[[117.9885,35.9477],[118.1094,36.03],[118.2576,35.9257],[118.387,35.9876],[118.5052,35.9658],[118.4926,36.1271],[118.4022,36.1316],[118.3865,36.2391],[118.3069,36.2521],[118.177,36.583],[118.2342,36.7265],[118.4387,36.8097],[118.4943,36.9418],[118.2714,37.0067],[118.1609,36.9819],[118.1569,37.0653],[118.046,37.0982],[118.0741,37.2041],[117.9739,37.2165],[117.9906,37.2624],[117.6595,37.2741],[117.5513,37.1468],[117.5751,37.0892],[117.8474,37.066],[117.9618,36.9225],[117.828,36.8559],[117.8525,36.7507],[117.7013,36.6852],[117.6905,36.6049],[117.7558,36.4453],[117.8331,36.443],[117.973,36.2684],[117.903,36.1721],[117.954,36.0902],[117.9372,35.9812],[117.9885,35.9477]]]]}},{"type":"Feature","properties":{"name":"枣庄","adcode":370400,"center":[117.557964,34.856424]},"bbox":[116.8112,34.4625,117.8306,35.3184],"geometry":{"type":"MultiPolygon","coordinates":[[[[117.3923,34.5749],[117.4873,34.4664],[117.5923,34.4625],[117.6845,34.5474],[117.8017,34.5188],[117.8306,34.7602],[117.6985,34.92],[117.7362,35.0315],[117.3596,35.3184],[116.962,35.1773],[116.8112,35.1774],[116.9671,34.9511],[117.1034,34.9375],[117.1947,34.8162],[117.1625,34.7821],[117.4109,34.6235],[117.3923,34.5749]]]]}},{"type":"Feature","properties":{"name":"东营","adcode":370500,"center":[118.66471,37.434564]},"bbox":[118.1149,36.9384,119.3041,38.1496],"geometry":{"type":"MultiPolygon","coordinates":[[[[118.2454,38.1443],[118.2276,38.0379],[118.42,38.0255],[118.2234,38.001],[118.2391,37.8687],[118.3281,37.8653],[118.3619,37.7921],[118.2846,37.6621],[118.1656,37.6446],[118.1149,37.4397],[118.1562,37.3643],[118.2585,37.3791],[118.3721,37.2737],[118.3876,37.1778],[118.2946,36.9697],[118.5547,36.9384],[118.5902,37.0014],[118.5454,37.0385],[118.6651,37.0818],[118.6336,37.1712],[118.6806,37.2293],[119.0399,37.3045],[118.9869,37.3395],[118.9518,37.556],[119.0242,37.6419],[119.2626,37.6605],[119.3041,37.8455],[119.2638,37.8815],[119.1359,37.828],[118.9741,38.0941],[118.8775,38.1496],[118.6258,38.1383],[118.5525,38.0557],[118.4832,38.1232],[118.2454,38.1443]]],[[[118.41,38.0533],[118.2276,38.0379],[118.2234,38.001],[118.41,38.0533]]]]}},{"type":"Feature","properties":{"name":"烟台","adcode":370600,"center":[121.391382,37.539297]},"bbox":[119.5765,36.2642,121.9339,38.4019],"geometry":{"type":"MultiPolygon","coordinates":[[[[119.5765,37.1276],[119.6098,37.0139],[119.7311,36.9885],[120.1599,37.0134],[120.2366,37.126],[120.3486,37.0771],[120.5173,37.149],[120.5333,37.0539],[120.6139,37.0238],[120.5603,36.9607],[120.6228,36.9074],[120.5766,36.8799],[120.6123,36.8292],[120.5408,36.7679],[120.6606,36.648],[120.6378,36.5742],[120.882,36.6271],[121.029,36.5732],[121.4782,36.7708],[121.3959,36.7943],[121.361,36.9215],[121.3084,36.9052],[121.1824,36.9946],[121.1914,37.072],[121.3065,37.142],[121.3914,37.0983],[121.734,37.1256],[121.7481,37.2416],[121.9339,37.4525],[121.6335,37.4932],[121.5653,37.4404],[121.4604,37.4939],[121.3861,37.6278],[121.2159,37.5831],[121.1496,37.6199],[121.1485,37.7197],[121.0377,37.7186],[120.9358,37.8224],[120.7542,37.8375],[120.2272,37.6936],[120.2736,37.6509],[120.2102,37.6167],[120.2223,37.5329],[119.844,37.3767],[119.8921,37.2639],[119.7403,37.1338],[119.5765,37.1276]]],[[[121.5086,37.5525],[121.5266,37.5625],[121.5203,37.5651],[121.5086,37.5525]]],[[[120.7298,37.9469],[120.7317,37.921],[120.7649,37.8962],[120.7298,37.9469]]],[[[120.6924,37.9838],[120.7325,37.9615],[120.7247,37.9874],[120.6924,37.9838]]],[[[120.653,37.98],[120.6442,37.9648],[120.654,37.964],[120.653,37.98]]],[[[120.4526,37.7689],[120.4633,37.7861],[120.4355,37.7866],[120.4526,37.7689]]],[[[120.6828,37.9283],[120.6928,37.9469],[120.6794,37.9371],[120.6828,37.9283]]],[[[120.7507,38.1503],[120.7873,38.1587],[120.7476,38.2028],[120.7507,38.1503]]],[[[120.9188,38.3451],[120.921,38.363],[120.9,38.3719],[120.9188,38.3451]]],[[[120.8413,38.3357],[120.8568,38.3432],[120.8428,38.3559],[120.8413,38.3357]]],[[[120.9033,38.3817],[120.9319,38.3823],[120.9157,38.4019],[120.9033,38.3817]]],[[[120.6265,37.9458],[120.6325,37.9789],[120.6021,37.9785],[120.6265,37.9458]]],[[[120.8023,38.284],[120.8431,38.3006],[120.8165,38.3181],[120.8023,38.284]]],[[[120.9438,38.0199],[120.9511,38.0244],[120.9313,38.0354],[120.9438,38.0199]]],[[[119.8214,37.3091],[119.8259,37.3152],[119.8189,37.3166],[119.8214,37.3091]]],[[[121.3887,36.2664],[121.3966,36.2642],[121.3914,36.2719],[121.3887,36.2664]]],[[[120.6458,38.132],[120.6537,38.1415],[120.6409,38.1481],[120.6458,38.132]]],[[[120.8781,38.027],[120.8727,38.0276],[120.8767,38.0182],[120.8781,38.027]]],[[[120.6454,38.055],[120.6528,38.059],[120.6448,38.0697],[120.6454,38.055]]]]}},{"type":"Feature","properties":{"name":"潍坊","adcode":370700,"center":[119.107078,36.70925]},"bbox":[118.177,35.7128,120.0104,37.3045],"geometry":{"type":"MultiPolygon","coordinates":[[[[118.5078,36.075],[118.6221,36.1772],[118.726,36.141],[118.7664,36.2066],[118.8358,36.2031],[118.8809,36.0844],[118.9433,36.1196],[119.0669,36.0816],[119.0211,35.9774],[119.1786,35.9711],[119.1356,35.893],[119.3455,35.8938],[119.3688,35.7708],[119.4647,35.8086],[119.5273,35.7232],[119.6247,35.7128],[119.6124,35.8127],[119.738,35.8731],[119.6811,36.0121],[119.7173,36.0442],[119.6336,36.0677],[119.6437,36.1272],[119.671,36.1779],[119.8317,36.1806],[119.8204,36.2574],[120.0104,36.5093],[119.7276,36.5627],[119.5471,36.7255],[119.6132,37.0341],[119.5634,37.0585],[119.5765,37.1276],[119.3296,37.1157],[119.2963,37.205],[119.1919,37.1976],[119.2043,37.2801],[119.137,37.2312],[119.1577,37.2882],[119.0845,37.2394],[119.0399,37.3045],[118.778,37.2801],[118.6336,37.1712],[118.6651,37.0818],[118.5613,37.0633],[118.5547,36.9384],[118.4674,36.9455],[118.481,36.8526],[118.2342,36.7265],[118.177,36.583],[118.3069,36.2521],[118.3798,36.2453],[118.4022,36.1316],[118.4879,36.1318],[118.5078,36.075]]]]}},{"type":"Feature","properties":{"name":"济宁","adcode":370800,"center":[116.587245,35.415393]},"bbox":[115.8836,34.4347,117.5969,35.9819],"geometry":{"type":"MultiPolygon","coordinates":[[[[116.4097,34.8529],[116.6225,34.94],[116.7812,34.9166],[116.8159,34.9653],[116.9769,34.8685],[116.9289,34.8429],[117.0705,34.7137],[117.1661,34.4347],[117.2479,34.4511],[117.2729,34.5567],[117.3923,34.5749],[117.4109,34.6235],[117.1625,34.7821],[117.1947,34.8162],[117.1034,34.9375],[116.9671,34.9511],[116.8112,35.1774],[117.2692,35.2613],[117.318,35.3203],[117.4631,35.2875],[117.4285,35.4586],[117.52,35.5199],[117.4995,35.5508],[117.5824,35.5541],[117.5969,35.6304],[117.3065,35.7988],[117.1354,35.7673],[116.9914,35.806],[116.9549,35.7191],[116.862,35.6791],[116.6156,35.7052],[116.6873,35.7981],[116.6149,35.8657],[116.666,35.9402],[116.3094,35.774],[116.234,35.8884],[116.0926,35.9049],[116.0506,35.9819],[115.9119,35.9603],[115.8836,35.8082],[116.1218,35.6746],[116.1296,35.4752],[116.2068,35.4657],[116.1996,35.305],[116.2856,35.2427],[116.1157,35.0256],[116.2016,34.9197],[116.4097,34.8529]]]]}},{"type":"Feature","properties":{"name":"泰安","adcode":370900,"center":[117.129063,36.194968]},"bbox":[116.0487,35.6304,117.9926,36.476],"geometry":{"type":"MultiPolygon","coordinates":[[[[117.9375,35.9965],[117.7566,35.9919],[117.5349,36.1114],[117.452,36.0874],[117.488,36.1592],[117.3932,36.223],[117.3464,36.4637],[117.2882,36.476],[116.9755,36.2432],[116.7728,36.312],[116.5123,36.2534],[116.4726,36.2146],[116.5669,36.1088],[116.4345,36.0386],[116.3868,36.0908],[116.2947,36.0314],[116.2261,36.1737],[116.1694,36.1713],[116.0487,35.9481],[116.234,35.8884],[116.3094,35.774],[116.666,35.9402],[116.6149,35.8657],[116.6873,35.7981],[116.6156,35.7052],[116.862,35.6791],[116.9549,35.7191],[116.9914,35.806],[117.1354,35.7673],[117.3065,35.7988],[117.5969,35.6304],[117.6346,35.7093],[117.8374,35.7414],[117.8274,35.8278],[117.8834,35.8826],[117.9793,35.8897],[117.9926,35.9713],[117.9375,35.9965]]]]}},{"type":"Feature","properties":{"name":"威海","adcode":371000,"center":[122.116394,37.509691]},"bbox":[121.1824,36.7138,122.7043,37.5673],"geometry":{"type":"MultiPolygon","coordinates":[[[[121.924,37.4731],[121.8652,37.3367],[121.7481,37.2416],[121.734,37.1256],[121.3914,37.0983],[121.3065,37.142],[121.1914,37.072],[121.1824,36.9946],[121.3084,36.9052],[121.361,36.9215],[121.3959,36.7943],[121.4782,36.7708],[121.57,36.8275],[121.4811,36.7804],[121.532,36.731],[121.5705,36.7663],[121.6515,36.7239],[121.6285,36.7973],[121.9831,36.9584],[122.0425,36.872],[122.1367,36.9443],[122.1175,36.8957],[122.1757,36.8945],[122.1747,36.8425],[122.3428,36.8285],[122.457,36.8691],[122.4341,36.9143],[122.5321,36.9015],[122.5853,37.043],[122.4614,37.0395],[122.4845,37.1289],[122.624,37.1911],[122.5739,37.2963],[122.7043,37.415],[122.3124,37.4167],[122.235,37.4692],[122.1837,37.4313],[122.1258,37.5673],[121.924,37.4731]]],[[[122.1836,37.4996],[122.2027,37.502],[122.1882,37.5102],[122.1836,37.4996]]],[[[122.2576,36.7556],[122.2603,36.7487],[122.267,36.7542],[122.2576,36.7556]]],[[[121.4846,36.7329],[121.4998,36.7371],[121.4923,36.7402],[121.4846,36.7329]]],[[[121.6208,36.7138],[121.6312,36.7259],[121.6231,36.7287],[121.6208,36.7138]]],[[[122.4822,37.4471],[122.4906,37.4498],[122.4835,37.455],[122.4822,37.4471]]]]}},{"type":"Feature","properties":{"name":"日照","adcode":371100,"center":[119.461208,35.428588]},"bbox":[118.6014,35.0703,119.6621,36.0384],"geometry":{"type":"MultiPolygon","coordinates":[[[[119.6621,35.5893],[119.5382,35.5893],[119.4933,35.7899],[119.3688,35.7708],[119.3607,35.8841],[119.1582,35.8825],[119.1786,35.9711],[119.0211,35.9774],[118.999,36.0384],[118.8139,35.9488],[118.7221,35.8349],[118.7071,35.7381],[118.8065,35.7181],[118.6966,35.5286],[118.7239,35.4688],[118.6014,35.4145],[118.6321,35.3684],[118.8657,35.3917],[118.9305,35.3313],[118.9997,35.389],[119.1465,35.3349],[119.1642,35.1432],[119.3804,35.0703],[119.4324,35.1114],[119.4113,35.2316],[119.5869,35.3639],[119.6621,35.5893]]]]}},{"type":"Feature","properties":{"name":"临沂","adcode":371300,"center":[118.326443,35.065282]},"bbox":[117.4265,34.3794,119.2032,36.2031],"geometry":{"type":"MultiPolygon","coordinates":[[[[119.2032,35.1109],[119.1354,35.1917],[119.1875,35.2582],[119.1465,35.3349],[119.0244,35.3869],[118.9305,35.3313],[118.8657,35.3917],[118.6062,35.3907],[118.7343,35.4861],[118.6966,35.5286],[118.8065,35.7181],[118.7071,35.7381],[118.7006,35.7914],[118.7751,35.9173],[118.896,36.0064],[119.0479,36.0248],[119.0669,36.0816],[118.9433,36.1196],[118.8809,36.0844],[118.8358,36.2031],[118.51,36.1146],[118.5168,36.0261],[118.4699,36.023],[118.5022,35.9625],[118.387,35.9876],[118.2576,35.9257],[118.1784,36.017],[118.0784,36.0177],[117.9605,35.8706],[117.8421,35.8451],[117.8374,35.7414],[117.6258,35.7038],[117.5935,35.5674],[117.4995,35.5508],[117.52,35.5199],[117.4285,35.4586],[117.4789,35.3144],[117.4265,35.2618],[117.7446,35.0227],[117.6985,34.92],[117.8037,34.8307],[117.8058,34.6463],[118.1027,34.6477],[118.079,34.5698],[118.1847,34.5442],[118.1328,34.4834],[118.1793,34.3794],[118.4049,34.4277],[118.4238,34.5911],[118.5252,34.7126],[118.6903,34.6786],[118.7834,34.7221],[118.7165,34.7638],[118.8607,34.944],[118.8653,35.0298],[119.2032,35.1109]]]]}},{"type":"Feature","properties":{"name":"德州","adcode":371400,"center":[116.307428,37.453968]},"bbox":[115.762,36.4089,117.6066,38.0103],"geometry":{"type":"MultiPolygon","coordinates":[[[[117.2734,37.5326],[117.3525,37.7073],[117.3731,37.6486],[117.5562,37.7167],[117.5222,37.7554],[117.6066,37.8452],[117.5428,37.8901],[117.5493,38.0103],[117.4063,37.8435],[116.7946,37.847],[116.4341,37.4733],[116.3677,37.5663],[116.2997,37.5696],[116.2764,37.4669],[116.2248,37.48],[116.2829,37.4013],[116.2344,37.3612],[115.9757,37.3373],[115.9694,37.2395],[115.762,36.9244],[116.0982,36.8839],[116.2329,37.0322],[116.4581,36.9554],[116.376,36.797],[116.4009,36.5248],[116.5462,36.4089],[116.6124,36.4233],[116.6084,36.5201],[116.8868,36.7455],[116.8871,36.8334],[116.9628,36.8427],[116.875,36.9993],[116.9487,37.0365],[116.919,37.0931],[117.0598,37.1373],[116.9867,37.3353],[117.0184,37.4358],[117.2734,37.5326]]]]}},{"type":"Feature","properties":{"name":"聊城","adcode":371500,"center":[115.980367,36.456013]},"bbox":[115.2728,35.7967,116.5462,37.0322],"geometry":{"type":"MultiPolygon","coordinates":[[[[116.5462,36.4089],[116.3992,36.5337],[116.376,36.797],[116.4711,36.947],[116.2329,37.0322],[116.0982,36.8839],[115.7687,36.921],[115.6842,36.813],[115.4784,36.7588],[115.2728,36.4974],[115.3667,36.3089],[115.423,36.3222],[115.4765,36.2465],[115.4842,36.1258],[115.4475,36.0118],[115.3631,35.972],[115.335,35.7967],[115.5054,35.9144],[115.9898,36.0454],[116.5462,36.4089]]],[[[115.4954,35.896],[115.488,35.8808],[115.5133,35.8903],[115.4954,35.896]]]]}},{"type":"Feature","properties":{"name":"滨州","adcode":371600,"center":[118.016974,37.383542]},"bbox":[117.2734,36.6952,118.42,38.3016],"geometry":{"type":"MultiPolygon","coordinates":[[[[117.2734,37.5326],[117.4154,37.3642],[117.4439,37.2501],[117.4024,37.2248],[117.4598,37.1099],[117.3173,37.0209],[117.3916,36.952],[117.5491,36.9798],[117.5805,36.8514],[117.7473,36.7486],[117.7257,36.6952],[117.8525,36.7507],[117.828,36.8559],[117.9618,36.9225],[117.8474,37.066],[117.5751,37.0892],[117.5513,37.1468],[117.6443,37.2659],[117.9906,37.2624],[117.9739,37.2165],[118.083,37.1856],[118.046,37.0982],[118.1305,37.0911],[118.139,37.006],[118.2097,36.9632],[118.3259,37.0355],[118.3876,37.1778],[118.3154,37.3525],[118.1562,37.3643],[118.1149,37.4397],[118.1656,37.6446],[118.2846,37.6621],[118.3619,37.7921],[118.3281,37.8653],[118.2391,37.8687],[118.2454,38.1443],[117.9976,38.2119],[117.8957,38.3016],[117.7292,38.0938],[117.5565,38.0572],[117.5707,37.9573],[117.529,37.9323],[117.6066,37.8452],[117.5222,37.7554],[117.5562,37.7167],[117.3731,37.6486],[117.3525,37.7073],[117.2734,37.5326]]],[[[118.4078,38.0262],[118.42,38.0255],[118.4193,38.0531],[118.4078,38.0262]]]]}},{"type":"Feature","properties":{"name":"菏泽","adcode":371700,"center":[115.469381,35.246531]},"bbox":[114.8271,34.5518,116.4097,35.8671],"geometry":{"type":"MultiPolygon","coordinates":[[[[115.876,35.8671],[115.7349,35.8329],[115.6936,35.7541],[115.5115,35.7272],[115.3451,35.5536],[115.3558,35.4901],[115.0433,35.377],[114.9325,35.1987],[114.841,35.1592],[114.8829,35.0988],[114.8271,35.0101],[115.2191,34.9606],[115.2435,34.8502],[115.4268,34.8054],[115.4614,34.6373],[115.5352,34.5733],[115.8274,34.5583],[116.0016,34.619],[116.2477,34.5518],[116.3722,34.6335],[116.4097,34.8529],[116.1552,34.9473],[116.1194,35.0534],[116.2856,35.2427],[116.1996,35.305],[116.2068,35.4657],[116.1296,35.4752],[116.1218,35.6746],[115.8836,35.8082],[115.876,35.8671]]]]}},{"type":"Feature","properties":{"name":"郑州","adcode":410100,"center":[113.665412,34.757975]},"bbox":[112.7281,34.2622,114.2207,34.9895],"geometry":{"type":"MultiPolygon","coordinates":[[[[114.2207,34.9191],[114.0184,34.9586],[113.8261,34.8777],[113.4078,34.9895],[113.1077,34.8447],[112.8845,34.8531],[112.8106,34.7849],[112.9395,34.7238],[112.8302,34.6942],[112.8247,34.6252],[112.8907,34.5471],[112.9847,34.539],[112.9052,34.4682],[112.7404,34.4911],[112.7281,34.3612],[113.0977,34.2622],[113.3146,34.3523],[113.3253,34.405],[113.6586,34.275],[113.8855,34.3278],[113.9035,34.4542],[113.9903,34.4357],[114.0351,34.504],[114.0944,34.4923],[114.1723,34.7683],[114.1225,34.8183],[114.1998,34.8327],[114.2207,34.9191]]]]}},{"type":"Feature","properties":{"name":"开封","adcode":410200,"center":[114.341447,34.797049]},"bbox":[113.8855,34.1982,115.2522,35.0245],"geometry":{"type":"MultiPolygon","coordinates":[[[[113.8855,34.3278],[114.1293,34.1982],[114.2746,34.2749],[114.4058,34.248],[114.4399,34.3364],[114.7304,34.2252],[114.8965,34.2658],[114.8486,34.4099],[114.9186,34.4849],[114.8935,34.6525],[114.9367,34.6819],[114.858,34.6923],[114.829,34.7643],[115.2483,34.7981],[115.2522,34.9066],[115.1281,35.0044],[114.9238,34.9687],[114.87,35.0245],[114.7566,34.9756],[114.7748,34.9014],[114.7243,34.8852],[114.2207,34.9191],[114.1998,34.8327],[114.1225,34.8183],[114.1723,34.7683],[114.0944,34.4923],[114.0351,34.504],[113.9903,34.4357],[113.9035,34.4542],[113.8855,34.3278]]]]}},{"type":"Feature","properties":{"name":"洛阳","adcode":410300,"center":[112.434468,34.663041]},"bbox":[111.1479,33.5721,112.9847,35.0629],"geometry":{"type":"MultiPolygon","coordinates":[[[[111.2608,33.7968],[111.6195,33.7301],[111.9164,33.5721],[112.0875,33.6031],[112.074,33.6531],[112.2494,33.719],[112.274,33.8017],[112.3639,33.8401],[112.4238,33.8066],[112.5341,33.8802],[112.4979,33.9261],[112.6203,34.1431],[112.5537,34.2761],[112.6237,34.3379],[112.7766,34.345],[112.7218,34.3802],[112.7404,34.4911],[112.9052,34.4682],[112.9847,34.539],[112.8907,34.5471],[112.8247,34.6252],[112.8302,34.6942],[112.9395,34.7238],[112.8999,34.7806],[112.8173,34.7783],[112.8134,34.8329],[112.6382,34.8542],[112.6384,34.9198],[112.5692,34.9586],[112.4965,34.8957],[111.9587,35.0629],[111.9819,34.9606],[111.8833,34.8942],[112.032,34.783],[111.9289,34.6003],[111.8307,34.6492],[111.672,34.5722],[111.6926,34.5357],[111.5743,34.5645],[111.2202,34.4579],[111.1479,34.3885],[111.1915,34.3018],[111.159,34.2231],[111.3672,34.0925],[111.356,33.9845],[111.206,33.8916],[111.2608,33.7968]]],[[[112.0288,34.779],[112.0302,34.7827],[112.0185,34.7857],[112.0288,34.779]]]]}},{"type":"Feature","properties":{"name":"平顶山","adcode":410400,"center":[113.307718,33.735241]},"bbox":[112.248,33.1284,113.6831,34.345],"geometry":{"type":"MultiPolygon","coordinates":[[[[113.5855,33.711],[113.3724,33.7856],[113.3864,34.0398],[113.1504,34.1081],[113.0755,34.2765],[112.7766,34.345],[112.6237,34.3379],[112.5537,34.2761],[112.6203,34.1431],[112.4979,33.9261],[112.5414,33.8922],[112.4238,33.8066],[112.2859,33.8088],[112.248,33.7287],[112.5299,33.5879],[112.5998,33.6181],[112.7734,33.5608],[112.9427,33.6076],[113.0473,33.5322],[113.0457,33.4395],[113.4004,33.3359],[113.3888,33.1284],[113.6485,33.1824],[113.6069,33.2378],[113.6831,33.4195],[113.4665,33.4374],[113.6282,33.629],[113.5855,33.711]]]]}},{"type":"Feature","properties":{"name":"安阳","adcode":410500,"center":[114.352482,36.103442]},"bbox":[113.6374,35.206,114.9884,36.3634],"geometry":{"type":"MultiPolygon","coordinates":[[[[114.4191,35.4742],[114.3921,35.2269],[114.4426,35.206],[114.9858,35.4143],[114.9394,35.4812],[114.962,35.5714],[114.8744,35.6239],[114.9884,35.9647],[114.9124,36.1404],[114.5826,36.1213],[114.3452,36.2558],[114.0605,36.2765],[114.0247,36.3549],[113.9112,36.3148],[113.7314,36.3634],[113.6979,36.1819],[113.6517,36.1722],[113.7138,36.133],[113.6555,36.1251],[113.6959,35.9999],[113.6378,35.9885],[113.6374,35.8699],[113.808,35.7425],[113.7855,35.6744],[113.9696,35.6896],[114.0673,35.7591],[114.014,35.8525],[114.0816,35.9151],[114.0305,35.9718],[114.1752,36.0521],[114.1818,35.9829],[114.3093,35.9527],[114.2292,35.8411],[114.2552,35.7673],[114.5665,35.8437],[114.7514,35.7634],[114.6729,35.654],[114.4023,35.526],[114.4191,35.4742]]]]}},{"type":"Feature","properties":{"name":"鹤壁","adcode":410600,"center":[114.295444,35.748236]},"bbox":[113.996,35.4445,114.7534,36.0521],"geometry":{"type":"MultiPolygon","coordinates":[[[[113.996,35.7048],[114.0801,35.5673],[114.2899,35.5018],[114.324,35.4445],[114.7534,35.753],[114.5665,35.8437],[114.2552,35.7673],[114.2292,35.8411],[114.3093,35.9527],[114.1818,35.9829],[114.1752,36.0521],[114.0305,35.9718],[114.0816,35.9151],[114.0225,35.8043],[114.0782,35.803],[113.996,35.7048]]]]}},{"type":"Feature","properties":{"name":"新乡","adcode":410700,"center":[113.883991,35.302616]},"bbox":[113.3832,34.8777,115.0145,35.8373],"geometry":{"type":"MultiPolygon","coordinates":[[[[114.9512,35.3808],[114.6974,35.3375],[114.4878,35.2066],[114.3943,35.2198],[114.4286,35.4689],[114.3124,35.447],[114.2899,35.5018],[114.0801,35.5673],[113.996,35.7048],[113.7855,35.6744],[113.808,35.7425],[113.7006,35.8373],[113.5853,35.8258],[113.6249,35.632],[113.548,35.6576],[113.5066,35.5165],[113.3832,35.4951],[113.5188,35.2888],[113.535,35.1518],[113.6455,35.0381],[113.5921,34.9337],[113.8261,34.8777],[114.0285,34.9593],[114.7612,34.8915],[114.7414,34.9607],[114.8829,35.0987],[114.841,35.1592],[115.0145,35.3181],[114.9512,35.3808]]]]}},{"type":"Feature","properties":{"name":"焦作","adcode":410800,"center":[113.238266,35.23904]},"bbox":[112.5692,34.8192,113.6455,35.4951],"geometry":{"type":"MultiPolygon","coordinates":[[[[112.8273,34.8192],[113.1479,34.8561],[113.2439,34.9462],[113.4078,34.9895],[113.5921,34.9337],[113.6455,35.0381],[113.535,35.1518],[113.5188,35.2888],[113.3832,35.4951],[113.2955,35.4715],[113.3044,35.427],[113.19,35.4491],[113.1265,35.3322],[112.9982,35.3625],[112.989,35.29],[112.758,35.2044],[112.7353,35.0433],[112.5692,34.9586],[112.6384,34.9198],[112.6382,34.8542],[112.8273,34.8192]]]]}},{"type":"Feature","properties":{"name":"濮阳","adcode":410900,"center":[115.041299,35.768234]},"bbox":[114.8744,35.3374,116.0993,36.2127],"geometry":{"type":"MultiPolygon","coordinates":[[[[115.0172,35.3374],[115.0916,35.416],[115.3558,35.4901],[115.3451,35.5536],[115.5115,35.7271],[115.6936,35.7541],[115.7348,35.8329],[115.8751,35.8592],[115.9119,35.9603],[116.0487,35.9703],[116.0993,36.1121],[115.5034,35.8887],[115.3635,35.7799],[115.3565,35.9546],[115.4478,36.0127],[115.4835,36.149],[115.3232,36.0868],[115.2018,36.2127],[115.0627,36.1782],[115.0459,36.1122],[114.9208,36.0483],[114.9884,35.9647],[114.8744,35.6239],[114.962,35.5714],[114.9512,35.3808],[115.0172,35.3374]]],[[[115.5049,35.8991],[115.5054,35.9144],[115.4903,35.8999],[115.5049,35.8991]]]]}},{"type":"Feature","properties":{"name":"许昌","adcode":411000,"center":[113.826063,34.022956]},"bbox":[113.067,33.6875,114.31,34.405],"geometry":{"type":"MultiPolygon","coordinates":[[[[114.2599,34.2519],[114.1293,34.1982],[113.8038,34.3372],[113.6586,34.275],[113.3253,34.405],[113.3146,34.3523],[113.067,34.2236],[113.1575,34.1031],[113.2521,34.1143],[113.3957,34.0313],[113.3724,33.7856],[113.5731,33.7521],[113.5983,33.6875],[113.7418,33.7023],[113.7255,33.8564],[113.8531,33.8733],[113.8598,33.9486],[113.9775,33.9815],[114.1145,33.9281],[114.1614,33.7998],[114.31,33.7813],[114.2599,34.2519]]],[[[113.8134,33.8864],[113.8117,33.8794],[113.8244,33.8902],[113.8134,33.8864]]]]}},{"type":"Feature","properties":{"name":"漯河","adcode":411100,"center":[114.026405,33.575855]},"bbox":[113.4688,33.4077,114.2846,33.9788],"geometry":{"type":"MultiPolygon","coordinates":[[[[113.6883,33.4077],[114.0386,33.5296],[114.1906,33.4265],[114.2846,33.4725],[114.2491,33.7043],[114.1497,33.6504],[114.0977,33.6832],[114.1596,33.8162],[114.0539,33.9788],[113.8598,33.9486],[113.8531,33.8733],[113.7388,33.8686],[113.7418,33.7023],[113.5767,33.7063],[113.6282,33.629],[113.5523,33.5867],[113.5376,33.4985],[113.4786,33.5043],[113.4688,33.4221],[113.6883,33.4077]]]]}},{"type":"Feature","properties":{"name":"三门峡","adcode":411200,"center":[111.194099,34.777338]},"bbox":[110.3688,33.5506,112.032,35.0702],"geometry":{"type":"MultiPolygon","coordinates":[[[[111.9734,35.0702],[111.8184,35.0685],[111.6696,34.9882],[111.5708,34.8433],[111.1607,34.8146],[110.9763,34.7065],[110.9198,34.7303],[110.8345,34.6175],[110.7613,34.6535],[110.7064,34.604],[110.3792,34.6005],[110.3688,34.4932],[110.5027,34.3452],[110.4397,34.2434],[110.6419,34.1609],[110.5866,34.024],[110.6756,33.9466],[110.5922,33.9006],[110.6121,33.8525],[110.7822,33.7961],[110.8418,33.6632],[111.0251,33.5506],[111.1145,33.5788],[111.1332,33.6789],[111.2608,33.7968],[111.206,33.8916],[111.356,33.9845],[111.3672,34.0925],[111.159,34.2231],[111.1915,34.3018],[111.1479,34.3885],[111.2202,34.4579],[111.5743,34.5645],[111.6926,34.5357],[111.672,34.5722],[111.8307,34.6492],[111.9289,34.6003],[112.032,34.783],[111.8833,34.8942],[111.9819,34.9606],[111.9395,35.0366],[111.9734,35.0702]]],[[[112.032,34.783],[112.0302,34.7827],[112.0288,34.779],[112.032,34.783]]]]}},{"type":"Feature","properties":{"name":"南阳","adcode":411300,"center":[112.540918,32.999082]},"bbox":[110.985,32.2706,113.8144,33.8013],"geometry":{"type":"MultiPolygon","coordinates":[[[[111.01,33.5605],[111.03,33.3394],[110.985,33.2554],[111.0372,33.161],[111.0888,33.1821],[111.1795,33.1155],[111.1483,33.0424],[111.2404,33.0372],[111.2463,32.8885],[111.38,32.8288],[111.4229,32.751],[111.4682,32.7709],[111.4255,32.7327],[111.5591,32.6011],[111.6408,32.6347],[112.0071,32.451],[112.064,32.4742],[112.1569,32.3771],[112.1502,32.4116],[112.3281,32.3217],[112.5452,32.4039],[112.7541,32.3428],[112.8705,32.3978],[112.9881,32.3723],[113.0253,32.4246],[113.1503,32.3763],[113.2118,32.432],[113.4288,32.2706],[113.7186,32.4172],[113.8144,32.6008],[113.6147,32.7113],[113.5128,32.5715],[113.4007,32.6132],[113.2054,32.57],[113.1879,32.6522],[113.2694,32.6621],[113.1772,32.7753],[113.2081,32.9164],[113.0978,32.9464],[113.19,33.0672],[113.3866,33.1135],[113.4074,33.323],[113.1761,33.4357],[113.0457,33.4395],[113.0473,33.5322],[112.9427,33.6076],[112.7734,33.5608],[112.5998,33.6181],[112.5299,33.5879],[112.4207,33.6764],[112.1686,33.7218],[112.074,33.6531],[112.0875,33.6031],[111.9164,33.5721],[111.6195,33.7301],[111.2348,33.8013],[111.1145,33.5788],[111.01,33.5605]]],[[[111.0339,33.178],[111.0378,33.1848],[111.0321,33.1887],[111.0339,33.178]]],[[[112.7341,32.3568],[112.7309,32.3631],[112.723,32.361],[112.7341,32.3568]]]]}},{"type":"Feature","properties":{"name":"商丘","adcode":411400,"center":[115.650497,34.437054]},"bbox":[114.829,33.7099,116.6481,34.8592],"geometry":{"type":"MultiPolygon","coordinates":[[[[115.6536,34.0601],[115.7802,34.0731],[115.8527,34.0038],[115.9676,34.0021],[115.987,33.9012],[116.1554,33.7099],[116.4326,33.7953],[116.4374,33.8465],[116.567,33.9082],[116.6427,33.8925],[116.6481,33.9734],[116.528,34.1229],[116.5824,34.2752],[116.3722,34.2661],[116.2136,34.3822],[116.1621,34.4594],[116.197,34.5759],[116.0016,34.619],[115.8274,34.5583],[115.5351,34.5733],[115.4614,34.6372],[115.4268,34.8054],[115.3171,34.8592],[115.2483,34.7981],[114.829,34.7643],[114.858,34.6923],[114.9367,34.6819],[114.8935,34.6525],[114.9186,34.4849],[114.8486,34.4099],[114.8708,34.3056],[115.1263,34.2094],[115.1397,34.0506],[115.0504,33.942],[115.2884,34.0195],[115.4588,33.9871],[115.5356,34.0218],[115.5437,34.0846],[115.6536,34.0601]]]]}},{"type":"Feature","properties":{"name":"信阳","adcode":411500,"center":[114.075031,32.123274]},"bbox":[113.7106,31.3834,115.9416,32.6534],"geometry":{"type":"MultiPolygon","coordinates":[[[[113.7491,32.2727],[113.7833,32.1897],[113.7285,32.0832],[113.7913,32.036],[113.7594,31.9864],[113.8162,31.9669],[113.8386,31.8547],[113.9314,31.881],[113.9888,31.7502],[114.1803,31.854],[114.2928,31.7523],[114.5825,31.7648],[114.5611,31.561],[114.6417,31.5822],[114.8298,31.4589],[115.0962,31.5084],[115.1644,31.6046],[115.2356,31.5562],[115.2205,31.4267],[115.3136,31.3834],[115.3834,31.4187],[115.3716,31.4958],[115.4954,31.6729],[115.6766,31.7784],[115.8153,31.7624],[115.915,31.8119],[115.9416,32.1664],[115.8457,32.5018],[115.9119,32.5776],[115.7887,32.4689],[115.7012,32.4953],[115.6669,32.4094],[115.5639,32.403],[115.4116,32.5748],[115.3042,32.5538],[114.911,32.6534],[114.794,32.6137],[114.7897,32.5082],[114.7131,32.5437],[114.5713,32.5081],[114.5701,32.4357],[114.6446,32.3759],[114.5507,32.289],[114.4216,32.2791],[114.1923,32.4926],[114.0855,32.4508],[114.0672,32.5349],[113.9622,32.5054],[113.9197,32.6053],[113.8267,32.6224],[113.7106,32.4212],[113.7689,32.3695],[113.7491,32.2727]]],[[[113.7682,32.2841],[113.7485,32.2919],[113.7583,32.2767],[113.7682,32.2841]]]]}},{"type":"Feature","properties":{"name":"周口","adcode":411600,"center":[114.649653,33.620357]},"bbox":[114.0977,33.0695,115.642,34.3364],"geometry":{"type":"MultiPolygon","coordinates":[[[[114.8973,33.0866],[114.9344,33.1533],[115.0574,33.0838],[115.2903,33.1324],[115.3602,33.2981],[115.3132,33.3771],[115.3454,33.5027],[115.6398,33.5851],[115.5631,33.7717],[115.6142,33.7757],[115.6335,33.8673],[115.5461,33.8755],[115.642,34.0842],[115.5437,34.0846],[115.5356,34.0218],[115.4588,33.9871],[115.2884,34.0195],[115.07,33.9356],[115.0742,34.0228],[115.1397,34.0506],[115.1331,34.1708],[115.0411,34.2463],[114.8328,34.2819],[114.7304,34.2252],[114.4399,34.3364],[114.4058,34.248],[114.2746,34.2749],[114.3251,33.8183],[114.2904,33.7718],[114.1348,33.8064],[114.0977,33.6832],[114.1497,33.6504],[114.2491,33.7043],[114.2846,33.4725],[114.563,33.4233],[114.7224,33.3011],[114.6814,33.1705],[114.7716,33.0695],[114.8973,33.0866]]]]}},{"type":"Feature","properties":{"name":"驻马店","adcode":411700,"center":[114.024736,32.980169]},"bbox":[113.0978,32.2861,115.2123,33.5296],"geometry":{"type":"MultiPolygon","coordinates":[[[[113.8144,32.6008],[113.9197,32.6053],[113.9622,32.5054],[114.0672,32.5349],[114.0855,32.4508],[114.1923,32.4926],[114.3766,32.292],[114.5351,32.2861],[114.6478,32.3876],[114.5701,32.4357],[114.5713,32.5081],[114.7131,32.5437],[114.7897,32.5082],[114.794,32.6137],[114.9578,32.66],[115.1456,32.5801],[115.2091,32.6129],[115.2123,32.7872],[115.1406,32.8975],[114.8861,32.9786],[114.937,33.0255],[114.914,33.0828],[114.7716,33.0695],[114.6814,33.1705],[114.7224,33.3011],[114.563,33.4233],[114.3079,33.4813],[114.1906,33.4265],[114.0386,33.5296],[113.6931,33.4182],[113.6188,33.2915],[113.626,33.1504],[113.4131,33.1567],[113.3572,33.0916],[113.19,33.0672],[113.0978,32.9464],[113.2081,32.9164],[113.1772,32.7753],[113.2694,32.6621],[113.1879,32.6522],[113.2054,32.57],[113.4007,32.6132],[113.5128,32.5715],[113.6147,32.7113],[113.8144,32.6008]]]]}},{"type":"Feature","properties":{"name":"济源","adcode":419001,"center":[112.590047,35.090378]},"bbox":[112.0351,34.8937,112.758,35.2799],"geometry":{"type":"MultiPolygon","coordinates":[[[[112.758,35.2044],[112.7126,35.187],[112.6331,35.2656],[112.5679,35.2117],[112.2885,35.2175],[112.3045,35.2519],[112.0588,35.2799],[112.0351,35.0338],[112.5342,34.8937],[112.5052,34.9425],[112.7353,35.0433],[112.758,35.2044]]]]}},{"type":"Feature","properties":{"name":"武汉","adcode":420100,"center":[114.298572,30.584355]},"bbox":[113.71,29.9693,115.0794,31.3613],"geometry":{"type":"MultiPolygon","coordinates":[[[[113.71,30.3889],[113.8202,30.179],[113.9757,30.2952],[114.0385,30.1974],[114.1153,30.1944],[114.2121,30.0032],[114.362,30.033],[114.5323,29.9693],[114.5651,30.0303],[114.5065,30.1498],[114.595,30.2964],[114.6211,30.5569],[114.851,30.6282],[114.7987,30.732],[114.8834,30.7973],[114.9522,30.7744],[115.0794,30.891],[114.9215,31.0143],[114.8552,30.9914],[114.8624,30.9457],[114.7985,31.0009],[114.6159,30.9273],[114.5004,31.0334],[114.5257,31.1355],[114.4059,31.2296],[114.4401,31.308],[114.2829,31.3613],[114.18,31.2568],[114.2483,31.1798],[114.1579,31.0291],[114.1784,30.758],[113.9053,30.764],[113.897,30.7082],[113.9572,30.683],[113.9397,30.5863],[113.71,30.3889]]],[[[114.9393,31.0199],[114.9477,31.0233],[114.9335,31.0371],[114.9393,31.0199]]],[[[114.9691,30.9939],[114.989,30.9964],[114.9807,31.0252],[114.9691,30.9939]]]]}},{"type":"Feature","properties":{"name":"黄石","adcode":420200,"center":[115.077048,30.220074]},"bbox":[114.5397,29.5097,115.5116,30.3247],"geometry":{"type":"MultiPolygon","coordinates":[[[[114.5463,30.0628],[114.5397,29.9396],[114.7244,29.8947],[114.7238,29.7594],[114.8357,29.7329],[114.9441,29.5563],[115.0876,29.56],[115.1247,29.5097],[115.1725,29.5891],[115.121,29.5952],[115.1135,29.685],[115.2859,29.6186],[115.3598,29.6464],[115.5116,29.8403],[115.2095,30.2135],[115.0798,30.2592],[114.9544,30.204],[114.83,30.3119],[114.7166,30.3247],[114.6607,30.2496],[114.7237,30.1789],[114.7287,30.0524],[114.6452,30.0155],[114.5463,30.0628]]],[[[115.1401,30.237],[115.1629,30.2299],[115.1501,30.2435],[115.1401,30.237]]]]}},{"type":"Feature","properties":{"name":"十堰","adcode":420300,"center":[110.787916,32.646907]},"bbox":[109.4389,31.5067,111.5851,33.2756],"geometry":{"type":"MultiPolygon","coordinates":[[[[111.0467,33.2029],[110.9662,33.2562],[110.7025,33.0972],[110.6011,33.1545],[110.5639,33.2549],[110.4722,33.1726],[110.2324,33.1591],[110.165,33.2093],[109.6362,33.2756],[109.4389,33.1521],[109.7945,33.0669],[109.7643,32.9093],[110.1014,32.8347],[110.2064,32.633],[110.0177,32.547],[109.6318,32.6001],[109.6368,32.5411],[109.5063,32.3953],[109.4955,32.3004],[109.6038,32.2057],[109.6216,32.1067],[109.5876,32.0253],[109.6307,31.9439],[109.585,31.9005],[109.6382,31.8111],[109.5857,31.7267],[109.7311,31.7004],[109.7642,31.603],[109.7278,31.5483],[109.9453,31.5067],[110.1294,31.6039],[110.2155,31.5691],[110.2335,31.7328],[110.5092,31.8568],[110.7608,31.8281],[110.9391,31.877],[111.0205,31.8324],[110.9952,31.9914],[111.0368,32.014],[111.1053,31.9489],[111.0639,32.0845],[111.2317,32.1639],[111.2353,32.3216],[111.4667,32.4318],[111.5851,32.5778],[111.4255,32.7326],[111.4619,32.7744],[111.4229,32.751],[111.3801,32.8288],[111.2464,32.8885],[111.2405,33.0372],[111.1482,33.0424],[111.1796,33.1155],[111.0158,33.1741],[111.0467,33.2029]]],[[[111.1437,32.0468],[111.1014,32.0348],[111.1028,32.0123],[111.1437,32.0468]]],[[[110.9993,31.9859],[110.9928,31.9272],[111.0108,31.9517],[110.9993,31.9859]]],[[[111.0467,33.2029],[111.0339,33.178],[111.0578,33.1836],[111.0467,33.2029]]]]}},{"type":"Feature","properties":{"name":"宜昌","adcode":420500,"center":[111.290843,30.702636]},"bbox":[110.2557,29.9574,112.0799,31.5651],"geometry":{"type":"MultiPolygon","coordinates":[[[[112.0798,30.6593],[112.0209,30.9845],[111.9057,31.0763],[111.9627,31.117],[111.7375,31.2948],[111.7408,31.3671],[111.4676,31.3067],[111.4309,31.3644],[111.2761,31.3839],[111.2363,31.4616],[111.0397,31.4233],[111.044,31.5651],[110.8562,31.4998],[110.7437,31.5387],[110.7079,31.4772],[110.6119,31.4831],[110.5739,31.3301],[110.4908,31.3698],[110.427,31.3103],[110.5388,31.1326],[110.4435,31.0234],[110.4431,30.881],[110.3183,30.7622],[110.4336,30.7716],[110.4692,30.6492],[110.4329,30.6174],[110.4876,30.5539],[110.3672,30.4666],[110.3502,30.2435],[110.2557,30.2344],[110.3481,30.1274],[110.3026,29.9628],[110.4234,29.9574],[110.5314,30.0611],[110.7357,30.0399],[110.7464,30.1126],[110.8144,30.126],[111.1789,30.0405],[111.3172,30.0507],[111.3882,30.1238],[111.5267,30.0966],[111.607,30.2318],[111.574,30.2546],[111.7364,30.3738],[111.8316,30.2835],[111.9008,30.2816],[111.9297,30.3542],[112.0438,30.2766],[111.9718,30.4359],[111.9093,30.4566],[112.0213,30.6451],[112.0798,30.6593]]],[[[111.0527,31.4415],[111.0605,31.4309],[111.0895,31.4313],[111.0527,31.4415]]],[[[111.5969,30.1553],[111.6013,30.1553],[111.5976,30.1678],[111.5969,30.1553]]],[[[112.0799,30.6839],[112.0728,30.6992],[112.0699,30.6963],[112.0799,30.6839]]]]}},{"type":"Feature","properties":{"name":"襄阳","adcode":420600,"center":[112.144146,32.042426]},"bbox":[110.7654,31.2288,113.108,32.6348],"geometry":{"type":"MultiPolygon","coordinates":[[[[111.583,32.5965],[111.4667,32.4318],[111.2353,32.3216],[111.2317,32.1639],[111.1283,32.1062],[111.1505,32.036],[111.0584,32.0035],[111.1053,31.9489],[111.0368,32.014],[110.9952,31.9914],[111.0205,31.8324],[110.9391,31.877],[110.7654,31.8405],[110.8914,31.6758],[110.9823,31.6432],[110.9478,31.5664],[111.044,31.5651],[111.0456,31.4473],[111.1089,31.4144],[111.2363,31.4616],[111.2761,31.3839],[111.4309,31.3644],[111.4676,31.3067],[111.7408,31.3671],[111.7375,31.2948],[111.8615,31.2288],[111.9451,31.2735],[111.954,31.4382],[112.1911,31.4696],[112.2043,31.5317],[112.423,31.5028],[112.5667,31.5611],[112.7174,31.4777],[112.7471,31.7443],[112.9636,31.8293],[113.0311,31.9531],[112.99,32.05],[113.0497,32.1154],[113.0251,32.2632],[113.108,32.3985],[113.0253,32.4246],[112.9881,32.3723],[112.8705,32.3979],[112.7541,32.3429],[112.5452,32.4038],[112.3281,32.3217],[111.6408,32.6348],[111.583,32.5965]]],[[[111.1437,32.0468],[111.1283,32.1062],[111.0639,32.0845],[111.08,32.0193],[111.1437,32.0468]]],[[[110.9928,31.9272],[110.9876,31.9411],[110.9839,31.9349],[110.9928,31.9272]]],[[[111.0605,31.4309],[111.0515,31.4384],[111.0397,31.4233],[111.0605,31.4309]]],[[[112.7167,32.3578],[112.7309,32.3631],[112.7359,32.3563],[112.7167,32.3578]]]]}},{"type":"Feature","properties":{"name":"鄂州","adcode":420700,"center":[114.890593,30.396536]},"bbox":[114.5055,30.0346,115.0798,30.6168],"geometry":{"type":"MultiPolygon","coordinates":[[[[115.0798,30.2592],[115.056,30.3887],[114.8637,30.4275],[114.7849,30.6168],[114.6211,30.5569],[114.595,30.2964],[114.5055,30.1238],[114.574,30.0346],[114.7287,30.0524],[114.7237,30.1789],[114.6607,30.2496],[114.7166,30.3247],[114.83,30.3119],[114.9544,30.204],[115.0798,30.2592]]]]}},{"type":"Feature","properties":{"name":"荆门","adcode":420800,"center":[112.204251,31.03542]},"bbox":[111.8615,30.3944,113.4948,31.6136],"geometry":{"type":"MultiPolygon","coordinates":[[[[112.0798,30.6593],[112.1886,30.4694],[112.2631,30.5025],[112.331,30.4056],[112.4492,30.4383],[112.5279,30.3944],[112.6216,30.5233],[112.6229,30.619],[112.7214,30.6417],[112.6141,30.6498],[112.6072,30.7109],[112.7984,30.826],[112.8924,30.7002],[113.0823,30.824],[113.1437,30.8023],[113.3262,30.8889],[113.4948,31.1171],[113.4874,31.2263],[113.1456,31.4375],[112.9034,31.4757],[112.8873,31.5459],[112.768,31.6136],[112.7026,31.5432],[112.7174,31.4777],[112.5475,31.5629],[112.423,31.5028],[112.2043,31.5317],[112.1911,31.4696],[111.954,31.4382],[111.9451,31.2735],[111.8615,31.2288],[111.9627,31.117],[111.9193,31.0503],[112.0209,30.9845],[112.0798,30.6593]]],[[[112.0703,30.6873],[112.0699,30.6963],[112.0607,30.6884],[112.0703,30.6873]]],[[[112.6146,30.7039],[112.6058,30.7042],[112.6054,30.7026],[112.6146,30.7039]]]]}},{"type":"Feature","properties":{"name":"孝感","adcode":420900,"center":[113.926655,30.926423]},"bbox":[113.3282,30.3919,114.5845,31.8428],"geometry":{"type":"MultiPolygon","coordinates":[[[[113.4656,30.3919],[113.5952,30.4908],[113.6822,30.3919],[113.7746,30.4327],[113.9397,30.5863],[113.9159,30.7696],[114.1784,30.758],[114.1579,31.0291],[114.2483,31.1798],[114.1836,31.2675],[114.2829,31.3613],[114.4401,31.308],[114.5845,31.7641],[114.2928,31.7523],[114.2365,31.8419],[114.1341,31.8428],[114.107,31.5282],[114.0548,31.4321],[113.9445,31.384],[113.911,31.4375],[113.7283,31.4654],[113.6346,31.387],[113.336,31.4202],[113.3301,31.3192],[113.4905,31.2122],[113.459,31.0452],[113.3282,30.9112],[113.4373,30.782],[113.4656,30.3919]]],[[[113.4401,30.4894],[113.4481,30.493],[113.4478,30.5143],[113.4401,30.4894]]],[[[113.3908,30.6761],[113.3986,30.6846],[113.3898,30.6852],[113.3908,30.6761]]]]}},{"type":"Feature","properties":{"name":"荆州","adcode":421000,"center":[112.23813,30.326857]},"bbox":[111.2438,29.4308,114.0919,30.6593],"geometry":{"type":"MultiPolygon","coordinates":[[[[111.5837,30.1662],[111.5267,30.0966],[111.3882,30.1238],[111.2438,30.0396],[111.4043,29.911],[111.7574,29.9201],[111.961,29.8374],[111.9548,29.7967],[112.0644,29.7698],[112.0655,29.6818],[112.1983,29.6174],[112.2442,29.6596],[112.2344,29.6158],[112.3029,29.5862],[112.2827,29.495],[112.4397,29.6338],[112.679,29.5895],[112.8866,29.7964],[112.9396,29.78],[112.9352,29.6819],[113.0261,29.7728],[112.9118,29.6069],[112.9502,29.4729],[113.0576,29.5225],[113.0906,29.4308],[113.6402,29.9044],[113.8278,29.9354],[114.0919,30.111],[113.9434,30.2037],[113.5584,30.0693],[113.3769,30.1928],[113.151,30.1413],[113.0336,30.189],[112.9893,30.1322],[112.8699,30.1893],[112.8104,30.1522],[112.817,30.0783],[112.5904,30.1174],[112.5279,30.3944],[112.4492,30.4383],[112.331,30.4056],[112.2631,30.5025],[112.1886,30.4694],[112.0798,30.6593],[112.0213,30.6451],[111.9093,30.4566],[111.9718,30.4359],[112.0438,30.2766],[111.9297,30.3542],[111.9008,30.2816],[111.8316,30.2835],[111.7364,30.3738],[111.574,30.2546],[111.5837,30.1662]]],[[[113.9305,30.0281],[113.9037,30.0165],[113.894,29.9978],[113.9305,30.0281]]],[[[111.5739,30.148],[111.5969,30.1553],[111.5882,30.1669],[111.5739,30.148]]],[[[112.902,29.7913],[112.8944,29.7838],[112.9238,29.7665],[112.902,29.7913]]]]}},{"type":"Feature","properties":{"name":"黄冈","adcode":421100,"center":[114.879365,30.447711]},"bbox":[114.4059,29.7211,116.1352,31.6046],"geometry":{"type":"MultiPolygon","coordinates":[[[[115.1473,30.2335],[115.2693,30.1552],[115.488,29.845],[115.6831,29.8478],[115.9327,29.7211],[116.1352,29.8194],[116.0643,30.2069],[115.9044,30.3101],[115.9199,30.515],[115.7625,30.6856],[115.7829,30.7517],[115.8683,30.7743],[115.8656,30.8642],[116.0717,30.9567],[116.0589,31.0127],[115.9386,31.0473],[115.8693,31.1477],[115.7701,31.113],[115.7009,31.2011],[115.5596,31.1603],[115.442,31.3461],[115.372,31.3493],[115.3737,31.4058],[115.2505,31.3918],[115.2105,31.4454],[115.2359,31.5555],[115.1644,31.6046],[115.0963,31.5085],[114.8298,31.4589],[114.6417,31.5822],[114.5198,31.5575],[114.4059,31.2296],[114.5257,31.1355],[114.5004,31.0334],[114.6159,30.9273],[114.7985,31.0009],[114.8624,30.9457],[114.8552,30.9914],[114.9807,31.0252],[114.9905,30.9451],[115.0817,30.878],[114.7987,30.732],[114.8596,30.6363],[114.7917,30.6168],[114.8461,30.4464],[115.056,30.3887],[115.0802,30.2401],[115.1473,30.2335]]],[[[114.9393,31.0199],[114.929,31.0252],[114.9319,30.9949],[114.9393,31.0199]]],[[[115.1262,30.21],[115.1338,30.2205],[115.1473,30.2335],[115.1262,30.21]]]]}},{"type":"Feature","properties":{"name":"咸宁","adcode":421200,"center":[114.328963,29.832798]},"bbox":[113.5472,29.0307,114.9687,30.2952],"geometry":{"type":"MultiPolygon","coordinates":[[[[114.5323,29.9693],[114.362,30.033],[114.2121,30.0032],[114.1153,30.1944],[114.0385,30.1974],[113.9757,30.2952],[113.912,30.2748],[113.8662,30.1897],[113.9688,30.2005],[114.0883,30.0994],[113.8278,29.9354],[113.6402,29.9044],[113.551,29.7682],[113.5472,29.6754],[113.6648,29.6833],[113.741,29.5915],[113.6309,29.523],[113.7549,29.4476],[113.6069,29.2677],[113.6901,29.2308],[113.6856,29.0823],[113.816,29.1053],[113.9117,29.0307],[114.0632,29.2049],[114.2523,29.2348],[114.259,29.344],[114.3068,29.3653],[114.5025,29.3238],[114.9267,29.4162],[114.9358,29.4864],[114.8885,29.4361],[114.8605,29.4761],[114.9012,29.53],[114.9687,29.5157],[114.8672,29.696],[114.7238,29.7594],[114.7244,29.8947],[114.5323,29.9693]]],[[[113.9305,30.0281],[113.9027,30.0231],[113.894,30.0049],[113.9305,30.0281]]]]}},{"type":"Feature","properties":{"name":"随州","adcode":421300,"center":[113.37377,31.717497]},"bbox":[112.7298,31.3276,114.1181,32.432],"geometry":{"type":"MultiPolygon","coordinates":[[[[114.1181,31.8057],[113.9888,31.7502],[113.9347,31.8795],[113.8386,31.8547],[113.8172,31.9646],[113.7594,31.9865],[113.7913,32.036],[113.7285,32.0832],[113.7835,32.1864],[113.7352,32.4108],[113.6654,32.422],[113.5615,32.3074],[113.4205,32.2695],[113.2118,32.432],[113.0611,32.3613],[113.0892,32.3054],[113.0251,32.2632],[113.0497,32.1154],[112.99,32.05],[113.0311,31.9531],[112.9607,31.8892],[112.9785,31.8455],[112.7471,31.7443],[112.7298,31.6356],[112.8873,31.5459],[112.9034,31.4757],[113.1456,31.4375],[113.2977,31.3276],[113.336,31.4202],[113.6346,31.387],[113.7283,31.4654],[113.911,31.4375],[113.9344,31.3824],[114.0548,31.4321],[114.107,31.5282],[114.1181,31.8057]]],[[[113.7682,32.284],[113.754,32.2883],[113.7624,32.2753],[113.7682,32.284]]]]}},{"type":"Feature","properties":{"name":"恩施土家族苗族自治州","adcode":422800,"center":[109.48699,30.283114]},"bbox":[108.367,29.1151,110.635,31.3949],"geometry":{"type":"MultiPolygon","coordinates":[[[[110.4478,31.3291],[110.3217,31.3949],[110.164,31.3032],[110.1989,31.1565],[110.1208,31.032],[110.1732,30.9796],[110.0817,30.7993],[110.0083,30.8819],[109.8945,30.8998],[109.6567,30.7605],[109.5742,30.6469],[109.4565,30.6138],[109.3525,30.487],[109.3281,30.6161],[109.1475,30.5217],[109.0836,30.5982],[109.1147,30.6439],[109.0452,30.6539],[108.8115,30.492],[108.724,30.5075],[108.6662,30.5886],[108.57,30.4704],[108.4276,30.4924],[108.4033,30.3748],[108.5817,30.2559],[108.517,29.8655],[108.4338,29.8801],[108.367,29.8204],[108.5036,29.7085],[108.5773,29.8447],[108.6587,29.8546],[108.6848,29.6935],[108.7527,29.649],[108.7863,29.6915],[108.7857,29.6338],[108.8281,29.6713],[108.9092,29.5933],[108.8665,29.4725],[108.9437,29.4107],[108.9198,29.3263],[109.0657,29.4006],[109.142,29.2705],[109.1231,29.1913],[109.2453,29.1151],[109.431,29.5291],[109.5165,29.626],[109.7178,29.615],[109.7795,29.7578],[110.1135,29.7897],[110.3734,29.6338],[110.635,29.7604],[110.4981,29.9101],[110.5473,29.9996],[110.3073,29.9545],[110.3481,30.1274],[110.2557,30.2344],[110.3502,30.2435],[110.3672,30.4666],[110.4876,30.5539],[110.4329,30.6174],[110.4692,30.6492],[110.4336,30.7716],[110.3183,30.7622],[110.4431,30.881],[110.4435,31.0234],[110.5388,31.1326],[110.4478,31.3291]]]]}},{"type":"Feature","properties":{"name":"仙桃","adcode":429004,"center":[113.453974,30.364953]},"bbox":[112.9434,30.0679,113.8226,30.5129],"geometry":{"type":"MultiPolygon","coordinates":[[[[113.4656,30.3919],[112.9434,30.5129],[112.9957,30.4749],[112.9576,30.3809],[113.006,30.2139],[113.0918,30.1468],[113.3769,30.1928],[113.5345,30.0679],[113.8226,30.1582],[113.7559,30.232],[113.7927,30.2839],[113.7517,30.3754],[113.6212,30.4212],[113.6218,30.486],[113.4656,30.3919]]],[[[113.7618,30.2982],[113.7611,30.2981],[113.7613,30.2963],[113.7618,30.2982]]]]}},{"type":"Feature","properties":{"name":"潜江","adcode":429005,"center":[112.896866,30.421215]},"bbox":[112.5279,30.0783,113.0322,30.639],"geometry":{"type":"MultiPolygon","coordinates":[[[[112.5279,30.3944],[112.5904,30.1174],[112.817,30.0783],[112.8104,30.1522],[112.8699,30.1893],[113.02,30.1478],[112.9576,30.3809],[112.9957,30.4749],[112.9089,30.5744],[112.8716,30.4915],[112.7857,30.576],[112.7028,30.5537],[112.7176,30.634],[112.6229,30.619],[112.6216,30.5233],[112.5279,30.3944]]],[[[112.6715,30.6278],[112.6635,30.639],[112.6328,30.6202],[112.6715,30.6278]]],[[[112.9855,30.4178],[112.9808,30.4178],[112.9802,30.4168],[112.9855,30.4178]]],[[[113.0293,30.1958],[113.0299,30.1944],[113.0322,30.1915],[113.0293,30.1958]]],[[[112.9794,30.4723],[112.9779,30.472],[112.9785,30.4714],[112.9794,30.4723]]]]}},{"type":"Feature","properties":{"name":"天门","adcode":429006,"center":[113.165862,30.653061]},"bbox":[112.5931,30.3783,113.4624,30.9033],"geometry":{"type":"MultiPolygon","coordinates":[[[[113.4401,30.4894],[113.4624,30.6339],[113.385,30.6823],[113.4373,30.782],[113.2919,30.9033],[112.8802,30.6977],[112.7984,30.826],[112.5931,30.6763],[112.717,30.6518],[112.6841,30.5727],[112.7857,30.576],[112.8716,30.4915],[112.9089,30.5744],[113.1585,30.4302],[113.4546,30.3783],[113.4401,30.4894]]],[[[113.4397,30.7228],[113.3855,30.6787],[113.4334,30.6707],[113.4397,30.7228]]],[[[113.4539,30.5069],[113.4481,30.493],[113.4582,30.506],[113.4539,30.5069]]],[[[112.8298,30.729],[112.828,30.7272],[112.8483,30.7192],[112.8298,30.729]]],[[[112.6146,30.7039],[112.6072,30.7109],[112.6058,30.7042],[112.6146,30.7039]]],[[[113.1667,30.4365],[113.1651,30.4374],[113.1582,30.4316],[113.1667,30.4365]]]]}},{"type":"Feature","properties":{"name":"神农架林区","adcode":429021,"center":[110.671525,31.744449]},"bbox":[109.946,31.2956,110.9823,31.8568],"geometry":{"type":"MultiPolygon","coordinates":[[[[109.9823,31.5125],[109.946,31.4694],[110.1145,31.4121],[110.1811,31.2956],[110.3217,31.3949],[110.4478,31.3291],[110.5033,31.3684],[110.5374,31.3173],[110.6119,31.4831],[110.7079,31.4772],[110.7895,31.553],[110.8562,31.4998],[110.9823,31.6432],[110.7527,31.8397],[110.5092,31.8568],[110.2335,31.7328],[110.2194,31.5707],[110.1294,31.6039],[109.9823,31.5125]]]]}},{"type":"Feature","properties":{"name":"长沙","adcode":430100,"center":[112.982279,28.19409]},"bbox":[111.8992,27.8578,114.256,28.6616],"geometry":{"type":"MultiPolygon","coordinates":[[[[111.9026,28.022],[111.9997,27.9078],[112.1011,27.8936],[112.1992,27.9695],[112.4113,27.9633],[112.4133,28.0407],[112.4687,28.0589],[112.6494,27.8803],[112.6546,27.9415],[112.7431,27.9319],[112.7827,28.0736],[112.8857,27.9743],[113.0717,28.0109],[113.1221,27.9143],[113.1641,28.0067],[113.2503,28.0197],[113.275,27.8627],[113.4132,27.8578],[113.5677,27.9648],[113.5768,27.8997],[113.6969,27.8699],[113.8029,27.974],[114.0269,28.0318],[113.9927,28.1614],[114.1053,28.1815],[114.2507,28.3182],[114.256,28.3921],[114.1724,28.4328],[114.2188,28.4826],[114.0868,28.5559],[113.8585,28.5323],[113.7046,28.4222],[113.5759,28.5364],[113.4243,28.5787],[113.4245,28.6361],[113.2336,28.6616],[113.1543,28.4709],[113.079,28.5219],[112.974,28.4653],[112.9787,28.5235],[112.8724,28.5006],[112.7964,28.5585],[112.6726,28.5175],[112.5714,28.325],[112.3167,28.283],[112.238,28.2104],[112.1163,28.2717],[112.0097,28.244],[111.8992,28.0998],[111.9026,28.022]]]]}},{"type":"Feature","properties":{"name":"株洲","adcode":430200,"center":[113.151737,27.835806]},"bbox":[112.9694,26.0411,114.1101,28.015],"geometry":{"type":"MultiPolygon","coordinates":[[[[113.7304,27.8847],[113.5914,27.8913],[113.5677,27.9648],[113.4132,27.8578],[113.275,27.8627],[113.2641,28.0117],[113.1758,28.015],[113.0023,27.8104],[113.059,27.7271],[112.9951,27.6766],[113.0388,27.6216],[112.9694,27.5116],[113.1155,27.2056],[113.1483,27.2517],[113.2719,27.2057],[113.1645,27.1013],[113.2256,26.9563],[113.281,26.94],[113.2329,26.861],[113.2834,26.7715],[113.3381,26.8102],[113.4281,26.7698],[113.3814,26.6939],[113.4295,26.5587],[113.5622,26.5752],[113.6152,26.2789],[113.7387,26.1832],[113.6933,26.0958],[113.7364,26.0411],[114.0293,26.2664],[114.0306,26.3766],[114.1101,26.483],[114.0727,26.4799],[114.1081,26.575],[113.8605,26.6641],[113.8358,26.8064],[113.9264,26.9471],[113.7719,27.0964],[113.8762,27.3821],[113.6998,27.3321],[113.6044,27.3655],[113.6286,27.5122],[113.5788,27.5452],[113.7672,27.8082],[113.7304,27.8847]]]]}},{"type":"Feature","properties":{"name":"湘潭","adcode":430300,"center":[112.944052,27.82973]},"bbox":[111.9997,27.3384,113.0717,28.0736],"geometry":{"type":"MultiPolygon","coordinates":[[[[111.9997,27.9078],[112.1306,27.7474],[112.0453,27.7063],[112.0781,27.6458],[112.3157,27.6859],[112.3064,27.4928],[112.4271,27.5261],[112.5389,27.4167],[112.6907,27.4541],[112.6857,27.4057],[112.8079,27.3384],[112.9202,27.3566],[112.9251,27.4189],[112.9954,27.4383],[112.9721,27.5688],[113.0391,27.6307],[112.9951,27.6766],[113.059,27.7271],[113.0023,27.8104],[113.0717,28.0109],[112.8857,27.9743],[112.7827,28.0736],[112.7431,27.9319],[112.6546,27.9415],[112.6339,27.8801],[112.444,28.0573],[112.4113,27.9633],[111.9997,27.9078]]]]}},{"type":"Feature","properties":{"name":"衡阳","adcode":430400,"center":[112.607693,26.900358]},"bbox":[111.5459,26.101,113.284,27.466],"geometry":{"type":"MultiPolygon","coordinates":[[[[112.9954,27.4383],[112.9251,27.4189],[112.9202,27.3566],[112.8079,27.3384],[112.6151,27.466],[112.4857,27.3599],[112.3121,27.3671],[112.2238,27.2612],[112.1639,27.3245],[112.1601,27.2475],[112.049,27.1508],[112.0868,27.0132],[112.0471,26.9753],[111.8985,26.9266],[111.8687,27.0134],[111.7248,27.0691],[111.6497,26.9629],[111.5814,26.9621],[111.5459,26.8217],[111.6296,26.7893],[111.7127,26.8492],[111.7813,26.7891],[111.8715,26.7965],[112.006,26.5969],[112.0065,26.6485],[112.1098,26.654],[112.1747,26.5712],[112.1447,26.5044],[112.2427,26.5351],[112.16,26.4939],[112.1406,26.408],[112.2125,26.3056],[112.1859,26.1857],[112.2324,26.1179],[112.3866,26.2052],[112.5244,26.1375],[112.5978,26.2205],[112.6549,26.101],[112.7822,26.146],[112.786,26.197],[113.0086,26.1556],[113.0259,26.2453],[113.1738,26.3297],[113.1636,26.4096],[113.2269,26.4671],[113.16,26.5342],[113.183,26.6878],[113.0973,26.7816],[113.1532,26.8376],[113.2585,26.8155],[113.2271,26.8764],[113.281,26.94],[113.2256,26.9563],[113.1645,27.1013],[113.284,27.1786],[113.2484,27.2394],[113.1483,27.2517],[113.1155,27.2056],[112.9954,27.4383]]]]}},{"type":"Feature","properties":{"name":"邵阳","adcode":430500,"center":[111.46923,27.237842]},"bbox":[109.8268,25.9614,112.0868,27.6601],"geometry":{"type":"MultiPolygon","coordinates":[[[[111.0086,26.3589],[111.1092,26.6174],[111.1811,26.4634],[111.2888,26.4923],[111.2762,26.6889],[111.3497,26.8598],[111.5436,26.8409],[111.5814,26.9621],[111.6497,26.9629],[111.7248,27.0691],[111.8687,27.0134],[111.8985,26.9266],[112.0471,26.9753],[112.0868,27.0132],[112.0624,27.2858],[111.8553,27.4611],[111.6439,27.5201],[111.5609,27.6306],[111.3571,27.5229],[111.3009,27.5671],[111.2446,27.5251],[110.9838,27.6601],[110.8692,27.6555],[110.7994,27.5594],[110.7411,27.6257],[110.6381,27.5559],[110.6933,27.4558],[110.6091,27.289],[110.5408,27.3052],[110.443,27.2013],[110.3756,27.223],[110.3427,27.1505],[110.2005,27.1182],[110.0487,26.8607],[110.0721,26.7001],[109.8268,26.6058],[109.8925,26.5255],[109.8563,26.4652],[109.9326,26.476],[110.0122,26.3725],[109.9662,26.1955],[110.0987,26.1691],[110.0649,26.05],[110.1564,26.0185],[110.2012,26.0661],[110.2617,25.9614],[110.3255,25.9756],[110.6123,26.3337],[110.7418,26.3139],[110.7591,26.2487],[110.9216,26.2549],[110.9448,26.3736],[111.0086,26.3589]]]]}},{"type":"Feature","properties":{"name":"岳阳","adcode":430600,"center":[113.132855,29.37029]},"bbox":[112.3157,28.4222,114.1495,29.8489],"geometry":{"type":"MultiPolygon","coordinates":[[[[112.3157,29.5243],[112.3283,29.4501],[112.5021,29.3122],[112.6345,29.336],[112.6999,29.2874],[112.6824,29.1923],[112.9247,29.1494],[112.9279,29.023],[112.8381,28.9293],[112.6852,28.8797],[112.6717,28.7916],[112.5264,28.7026],[112.5919,28.543],[112.7054,28.5996],[112.7145,28.5106],[112.8088,28.559],[112.7921,28.523],[112.8724,28.5006],[112.9787,28.5235],[112.974,28.4653],[113.079,28.5219],[113.1543,28.4709],[113.2336,28.6616],[113.4245,28.6361],[113.4243,28.5787],[113.5759,28.5364],[113.7046,28.4222],[113.8585,28.5323],[114.066,28.5477],[114.1321,28.6072],[114.1495,28.835],[114.0804,28.8333],[114.0089,28.9554],[113.9667,28.9443],[113.946,29.0448],[113.8953,29.0295],[113.816,29.1053],[113.6856,29.0823],[113.6901,29.2308],[113.6069,29.2676],[113.7549,29.4476],[113.6314,29.5235],[113.741,29.5916],[113.6624,29.6845],[113.5384,29.6837],[113.5715,29.8489],[113.0906,29.4307],[113.0576,29.5225],[112.9502,29.4729],[112.9119,29.6068],[113.0261,29.7728],[112.9332,29.6832],[112.9227,29.7673],[112.87,29.786],[112.687,29.5927],[112.4397,29.6338],[112.3157,29.5243]]],[[[112.9294,29.7741],[112.9396,29.78],[112.9012,29.8032],[112.9294,29.7741]]]]}},{"type":"Feature","properties":{"name":"常德","adcode":430700,"center":[111.691347,29.040225]},"bbox":[110.496,28.406,112.3032,30.1257],"geometry":{"type":"MultiPolygon","coordinates":[[[[112.2834,29.4952],[112.3032,29.5855],[112.2442,29.6596],[112.1983,29.6174],[112.0655,29.6818],[112.0644,29.7698],[111.7574,29.9201],[111.4053,29.9111],[111.2422,30.0404],[110.9299,30.0634],[110.853,30.1257],[110.7464,30.1126],[110.7123,30.0332],[110.651,30.0776],[110.496,30.0402],[110.5572,29.9869],[110.4981,29.9101],[110.6184,29.8266],[110.6726,29.7068],[111.2523,29.6005],[111.3375,29.4934],[111.2232,29.2237],[111.1539,29.2377],[111.0223,29.1205],[110.8526,29.0942],[110.987,28.9884],[110.9583,28.9064],[111.1151,28.7434],[111.0646,28.6597],[110.9347,28.6176],[110.9507,28.5682],[111.0574,28.6079],[111.0759,28.5302],[111.0132,28.5458],[110.8604,28.406],[111.2152,28.5362],[111.4678,28.5569],[111.5672,28.6388],[111.6884,28.5892],[111.7516,28.6576],[111.8285,28.6158],[111.9232,28.6769],[112.0944,28.642],[112.2832,28.7284],[112.2453,29.1007],[112.1877,29.1345],[112.2834,29.4952]]]]}},{"type":"Feature","properties":{"name":"张家界","adcode":430800,"center":[110.479921,29.127401]},"bbox":[109.7012,28.8741,111.3297,29.7897],"geometry":{"type":"MultiPolygon","coordinates":[[[[110.3904,28.8811],[110.4902,28.9113],[110.5308,28.8741],[110.5726,29.0006],[110.6786,28.9062],[110.8492,28.9465],[110.8405,28.9926],[110.9151,29.0085],[110.8687,29.1081],[111.0223,29.1205],[111.1539,29.2377],[111.2314,29.2317],[111.2347,29.3326],[111.3297,29.4437],[111.3192,29.5333],[111.2523,29.6005],[110.7214,29.6875],[110.6318,29.7578],[110.3726,29.6335],[110.1135,29.7897],[109.7559,29.7433],[109.7012,29.6363],[109.7824,29.5766],[109.7347,29.541],[109.7945,29.4117],[109.8289,29.3733],[109.9256,29.4444],[109.9361,29.3251],[110.0972,29.3089],[110.089,29.1513],[110.2039,29.161],[110.2497,29.0769],[110.3042,29.0913],[110.3474,29.0194],[110.3081,28.9443],[110.3904,28.8811]]]]}},{"type":"Feature","properties":{"name":"益阳","adcode":430900,"center":[112.355042,28.570066]},"bbox":[110.7211,27.9748,112.9279,29.5243],"geometry":{"type":"MultiPolygon","coordinates":[[[[112.6854,28.5254],[112.7175,28.5962],[112.5919,28.543],[112.5264,28.7026],[112.6717,28.7916],[112.6852,28.8797],[112.8381,28.9293],[112.9279,29.023],[112.9247,29.1494],[112.6824,29.1923],[112.6999,29.2874],[112.6345,29.336],[112.5021,29.3122],[112.3283,29.4501],[112.3157,29.5243],[112.1877,29.1345],[112.2453,29.1007],[112.2832,28.7284],[112.0944,28.642],[111.9232,28.6769],[111.8285,28.6158],[111.7516,28.6576],[111.6884,28.5892],[111.5672,28.6388],[111.4678,28.5569],[111.2152,28.5362],[110.8604,28.406],[110.7211,28.3008],[110.8585,28.2052],[110.8235,28.0874],[110.8962,28.0588],[110.8896,28.001],[110.9709,28.0658],[111.082,27.9956],[111.1865,28.1606],[111.3144,28.2342],[111.3869,28.1789],[111.4831,28.2042],[111.4948,28.0379],[111.5758,28.0189],[111.5503,27.9748],[111.6855,28.0405],[111.6885,27.9906],[111.7931,27.9897],[111.9131,28.028],[111.8992,28.0998],[112.0097,28.244],[112.1163,28.2717],[112.238,28.2104],[112.3167,28.283],[112.5714,28.325],[112.6854,28.5254]]]]}},{"type":"Feature","properties":{"name":"郴州","adcode":431000,"center":[113.032067,25.793589]},"bbox":[112.2324,24.8967,114.2322,26.8345],"geometry":{"type":"MultiPolygon","coordinates":[[[[112.3642,25.1917],[112.3995,25.1407],[112.443,25.1856],[112.6598,25.1328],[112.7807,24.8973],[112.8735,24.8967],[113.0119,24.9461],[112.9784,25.0265],[113.0184,25.0831],[112.968,25.1416],[113.0345,25.2014],[112.8683,25.2488],[112.8518,25.3334],[112.9278,25.2999],[113.0237,25.346],[113.152,25.4922],[113.3033,25.5159],[113.3139,25.4429],[113.586,25.3073],[113.7066,25.3609],[113.8213,25.3308],[113.9861,25.529],[113.9143,25.7287],[114.0283,25.8934],[114.0085,26.0157],[114.2322,26.18],[113.9461,26.1845],[113.7364,26.0411],[113.6933,26.0958],[113.7252,26.2237],[113.6152,26.2789],[113.5835,26.3703],[113.6036,26.5077],[113.5413,26.5927],[113.4295,26.5587],[113.3991,26.597],[113.4281,26.7698],[113.1441,26.8345],[113.0956,26.7599],[113.183,26.6878],[113.16,26.5342],[113.2301,26.4821],[113.1636,26.4096],[113.1738,26.3297],[113.0259,26.2453],[113.0357,26.1728],[112.8759,26.1498],[112.786,26.197],[112.7822,26.146],[112.6549,26.101],[112.5978,26.2205],[112.5244,26.1375],[112.3866,26.2052],[112.2324,26.1179],[112.3358,26.0766],[112.2655,25.8967],[112.3604,25.9059],[112.3921,25.7403],[112.2474,25.7039],[112.2463,25.5676],[112.3699,25.5394],[112.4584,25.3751],[112.3452,25.2893],[112.3642,25.1917]]]]}},{"type":"Feature","properties":{"name":"永州","adcode":431100,"center":[111.608019,26.434516]},"bbox":[110.9519,24.6389,112.4584,26.865],"geometry":{"type":"MultiPolygon","coordinates":[[[[112.3642,25.1917],[112.3452,25.2893],[112.4584,25.3751],[112.3699,25.5394],[112.2388,25.6039],[112.2474,25.7039],[112.3921,25.7403],[112.3869,25.8598],[112.3604,25.9059],[112.2655,25.8967],[112.3358,26.0766],[112.2303,26.107],[112.1859,26.1857],[112.2125,26.3056],[112.1417,26.3871],[112.16,26.4939],[112.2427,26.5351],[112.1447,26.5044],[112.1747,26.5712],[112.1098,26.654],[112.0065,26.6485],[112.006,26.5969],[111.8715,26.7965],[111.7813,26.7891],[111.7127,26.8492],[111.6012,26.7859],[111.5283,26.865],[111.3497,26.8598],[111.2762,26.6889],[111.2888,26.4923],[111.1811,26.4634],[111.1092,26.6174],[111.0026,26.3401],[111.2926,26.2524],[111.2643,26.0557],[111.1895,25.9533],[111.2516,25.8647],[111.3462,25.9063],[111.4921,25.8686],[111.4332,25.8463],[111.4402,25.7696],[111.3075,25.7164],[111.3431,25.6028],[111.2921,25.4358],[111.1033,25.2851],[111.1128,25.2171],[111.0027,25.1657],[110.9519,25.0412],[110.9791,24.9147],[111.0974,24.9409],[111.1018,25.0352],[111.2748,25.1511],[111.3218,25.1049],[111.3998,25.1246],[111.4683,25.0195],[111.4314,24.9597],[111.4794,24.7976],[111.4311,24.6859],[111.5601,24.6389],[111.7084,24.7888],[112.0241,24.7401],[112.171,24.8627],[112.12,24.9637],[112.1871,25.1825],[112.3642,25.1917]]]]}},{"type":"Feature","properties":{"name":"怀化","adcode":431200,"center":[109.97824,27.550082]},"bbox":[108.7922,25.866,111.1151,29.0348],"geometry":{"type":"MultiPolygon","coordinates":[[[[109.4184,27.7214],[109.4704,27.6803],[109.4592,27.5601],[109.3123,27.4862],[109.2999,27.4239],[109.1404,27.4471],[109.1038,27.3371],[108.9143,27.2146],[108.8848,27.1085],[108.7922,27.0833],[108.8729,26.9999],[109.0804,27.1165],[109.1635,27.0658],[109.2481,27.1534],[109.4727,27.1349],[109.4546,27.0694],[109.5185,27.0726],[109.555,26.9469],[109.4366,26.8625],[109.4868,26.8953],[109.5222,26.7494],[109.5964,26.7607],[109.2837,26.6986],[109.4087,26.5371],[109.2714,26.3278],[109.3398,26.2641],[109.4666,26.3141],[109.4396,26.2388],[109.5141,26.1283],[109.4548,26.0531],[109.5132,25.9981],[109.635,26.0473],[109.7082,26.0136],[109.6852,25.8803],[109.7795,25.866],[109.826,25.9114],[109.7825,25.9972],[109.8709,26.0333],[110.0177,26.3475],[109.9326,26.476],[109.8563,26.4652],[109.8925,26.5255],[109.8307,26.6215],[110.0721,26.7001],[110.0487,26.8607],[110.2005,27.1182],[110.3427,27.1505],[110.3756,27.223],[110.443,27.2013],[110.5408,27.3052],[110.6091,27.289],[110.6933,27.4558],[110.6381,27.5559],[110.7411,27.6257],[110.7868,27.5605],[110.8535,27.592],[110.8683,27.6729],[110.7678,27.7954],[110.7916,27.8557],[110.8945,27.8499],[110.9804,27.92],[110.9712,28.0028],[111.022,28.0415],[110.8662,28.0137],[110.8962,28.0588],[110.8186,28.1397],[110.8585,28.2052],[110.7211,28.3008],[111.0132,28.5458],[111.0793,28.5377],[111.0574,28.6079],[110.9507,28.5682],[110.9347,28.6176],[111.0646,28.6597],[111.1151,28.7434],[110.9583,28.9064],[110.987,28.9884],[110.9038,29.0348],[110.8492,28.9465],[110.6786,28.9062],[110.5726,29.0006],[110.5308,28.8741],[110.4002,28.8957],[110.2186,28.6442],[110.2366,28.5734],[110.1725,28.5843],[110.1636,28.4676],[110.103,28.4527],[110.2058,28.3626],[110.175,28.2805],[110.243,28.2072],[110.1117,28.0909],[110.1103,27.9886],[110.0225,27.908],[109.7322,28.0236],[109.7191,27.9527],[109.6227,27.8932],[109.6474,27.835],[109.4614,27.8034],[109.4184,27.7214]]],[[[109.4669,26.8319],[109.4686,26.8265],[109.4821,26.835],[109.4669,26.8319]]],[[[109.5285,26.7439],[109.5286,26.744],[109.5222,26.7494],[109.5285,26.7439]]]]}},{"type":"Feature","properties":{"name":"娄底","adcode":431300,"center":[112.008497,27.728136]},"bbox":[110.7678,27.2057,112.522,28.2342],"geometry":{"type":"MultiPolygon","coordinates":[[[[112.0922,27.2057],[112.1601,27.2475],[112.1639,27.3245],[112.2238,27.2612],[112.3121,27.3671],[112.4381,27.3446],[112.522,27.4292],[112.4271,27.5261],[112.3064,27.4928],[112.2905,27.7057],[112.2068,27.6516],[112.0482,27.674],[112.1306,27.7474],[111.9026,28.022],[111.7268,27.9835],[111.6855,28.0405],[111.6017,28.0345],[111.5503,27.9748],[111.5758,28.0189],[111.4948,28.0379],[111.4831,28.2042],[111.3869,28.1789],[111.3144,28.2342],[111.1865,28.1606],[111.082,27.9956],[110.9804,28.0291],[110.9804,27.92],[110.9224,27.8633],[110.7916,27.8557],[110.7678,27.7954],[110.8692,27.6555],[110.9838,27.6601],[111.2446,27.5251],[111.3009,27.5671],[111.3678,27.5249],[111.5609,27.6306],[111.6439,27.5201],[111.8553,27.4611],[112.0922,27.2057]]]]}},{"type":"Feature","properties":{"name":"湘西土家族苗族自治州","adcode":433100,"center":[109.739735,28.314296]},"bbox":[109.1814,27.7214,110.3963,29.626],"geometry":{"type":"MultiPolygon","coordinates":[[[[109.4184,27.7214],[109.4614,27.8034],[109.6474,27.835],[109.6227,27.8932],[109.7191,27.9527],[109.7322,28.0236],[110.0225,27.908],[110.1103,27.9886],[110.1117,28.0909],[110.243,28.2072],[110.175,28.2805],[110.2058,28.3626],[110.103,28.4527],[110.1636,28.4676],[110.1725,28.5843],[110.2366,28.5734],[110.2186,28.6442],[110.3963,28.8642],[110.3081,28.9443],[110.3474,29.0194],[110.3042,29.0913],[110.2497,29.0769],[110.2039,29.161],[110.089,29.1513],[110.0972,29.3089],[109.9361,29.3251],[109.9256,29.4444],[109.8289,29.3733],[109.7945,29.4117],[109.7347,29.541],[109.7617,29.6152],[109.5165,29.626],[109.3729,29.425],[109.3914,29.3722],[109.344,29.3694],[109.3522,29.2846],[109.2579,29.2226],[109.2742,29.1221],[109.226,29.1133],[109.3196,29.0426],[109.2341,28.8638],[109.2413,28.7765],[109.3,28.7449],[109.1814,28.6217],[109.3001,28.6265],[109.3202,28.5798],[109.2742,28.5389],[109.2686,28.3381],[109.2949,28.2786],[109.3997,28.2693],[109.2987,28.0325],[109.3791,28.0331],[109.3018,27.9583],[109.333,27.7828],[109.4184,27.7214]]]]}},{"type":"Feature","properties":{"name":"广州","adcode":440100,"center":[113.280637,23.125178]},"bbox":[112.9619,22.5157,114.06,23.9289],"geometry":{"type":"MultiPolygon","coordinates":[[[[113.3651,22.7726],[113.5407,22.6662],[113.6516,22.5157],[113.7405,22.5343],[113.5229,23.0373],[113.717,23.1389],[113.8411,23.1162],[113.9021,23.1772],[113.896,23.3451],[113.9967,23.2974],[113.9817,23.4721],[113.8167,23.6358],[114.06,23.7759],[114.0339,23.9189],[113.8652,23.9289],[113.7135,23.8625],[113.6152,23.7798],[113.5973,23.6649],[113.3784,23.7315],[113.1921,23.5148],[112.9619,23.4444],[112.9898,23.3547],[113.0434,23.3511],[113.0449,23.2522],[113.128,23.3145],[113.1777,23.2713],[113.2158,23.1006],[113.1772,23.0767],[113.2549,23.0448],[113.3121,22.8304],[113.3934,22.8098],[113.3651,22.7726]]]]}},{"type":"Feature","properties":{"name":"韶关","adcode":440200,"center":[113.591544,24.801322]},"bbox":[112.8518,23.8879,114.7429,25.5158],"geometry":{"type":"MultiPolygon","coordinates":[[[[113.8003,23.9026],[114.2633,23.9602],[114.2367,23.9107],[114.3499,23.8879],[114.398,24.026],[114.5941,24.1641],[114.5561,24.2459],[114.4606,24.1696],[114.479,24.1129],[114.3298,24.1269],[114.2548,24.2567],[114.2936,24.3527],[114.242,24.426],[114.3106,24.4808],[114.2737,24.5337],[114.3081,24.5741],[114.169,24.6897],[114.3358,24.7491],[114.4236,24.9726],[114.5616,25.0776],[114.7356,25.122],[114.6801,25.1931],[114.7429,25.2745],[114.5404,25.417],[114.3829,25.3171],[114.1313,25.3084],[114.0399,25.2507],[114.0451,25.384],[113.9619,25.4526],[113.8869,25.4366],[113.815,25.3287],[113.7065,25.3609],[113.586,25.3074],[113.3139,25.4429],[113.3033,25.5158],[113.152,25.4922],[113.1315,25.4147],[113.0237,25.3459],[112.9278,25.2999],[112.8518,25.3334],[112.8684,25.2488],[113.0345,25.2014],[112.968,25.1416],[113.0184,25.0831],[112.9785,25.0265],[113.0196,24.856],[112.9516,24.8158],[112.888,24.5953],[112.9644,24.5861],[113.0637,24.4688],[113.2511,24.5102],[113.295,24.4572],[113.3742,24.494],[113.441,24.4537],[113.5897,24.5152],[113.7099,24.4124],[113.7629,24.433],[113.9303,24.1959],[113.7186,23.993],[113.8003,23.9026]]]]}},{"type":"Feature","properties":{"name":"深圳","adcode":440300,"center":[114.085947,22.547]},"bbox":[113.7514,22.3964,114.6114,22.8555],"geometry":{"type":"MultiPolygon","coordinates":[[[[114.2292,22.8125],[114.1725,22.6544],[113.8995,22.8555],[113.8415,22.834],[113.7514,22.7154],[113.8817,22.4468],[114.3983,22.6028],[114.4899,22.4436],[114.6114,22.482],[114.5591,22.5833],[114.6029,22.6553],[114.4319,22.6609],[114.4047,22.7813],[114.2292,22.8125]]],[[[113.82,22.3964],[113.8112,22.4204],[113.7867,22.4136],[113.82,22.3964]]],[[[113.8445,22.5102],[113.8568,22.5036],[113.8569,22.5096],[113.8445,22.5102]]],[[[113.8397,22.4985],[113.8472,22.4919],[113.852,22.4966],[113.8397,22.4985]]]]}},{"type":"Feature","properties":{"name":"珠海","adcode":440400,"center":[113.553986,22.224979]},"bbox":[113.0872,21.8317,114.3114,22.4356],"geometry":{"type":"MultiPolygon","coordinates":[[[[113.2627,22.392],[113.1654,22.4002],[113.1855,22.2948],[113.0872,22.1261],[113.2668,21.8716],[113.3377,21.969],[113.5658,22.0727],[113.5382,22.2094],[113.5972,22.235],[113.6699,22.4356],[113.4959,22.4075],[113.4705,22.3104],[113.5128,22.25],[113.4306,22.2013],[113.2627,22.392]]],[[[114.0518,22.0863],[114.0561,22.0943],[114.027,22.1032],[114.0518,22.0863]]],[[[114.231,22.0163],[114.3114,22.0414],[114.3028,22.0505],[114.231,22.0163]]],[[[113.7146,22.0074],[113.723,22.0287],[113.6957,22.0216],[113.7146,22.0074]]],[[[113.8244,22.0013],[113.8254,21.9905],[113.8423,21.9989],[113.8244,22.0013]]],[[[114.0099,21.8531],[114.0165,21.8631],[114.0316,21.8736],[114.0099,21.8531]]],[[[113.8151,22.1571],[113.8085,22.1742],[113.7996,22.1665],[113.8151,22.1571]]],[[[113.9993,22.0453],[114.0011,22.0359],[114.0054,22.0451],[113.9993,22.0453]]],[[[113.7652,21.962],[113.7801,21.9893],[113.7501,21.9951],[113.7652,21.962]]],[[[114.0345,21.8861],[114.0529,21.8933],[114.0587,21.9023],[114.0345,21.8861]]],[[[113.9194,22.037],[113.9241,22.0328],[113.9347,22.044],[113.9194,22.037]]],[[[113.1433,21.8317],[113.1876,21.8484],[113.1677,21.8766],[113.1433,21.8317]]],[[[113.7229,21.9222],[113.7517,21.9407],[113.718,21.9513],[113.7229,21.9222]]],[[[113.877,22.1177],[113.8696,22.113],[113.8806,22.1075],[113.877,22.1177]]],[[[113.8282,22.1179],[113.8285,22.1563],[113.8224,22.1365],[113.8282,22.1179]]],[[[114.1899,21.9864],[114.2202,21.9898],[114.1819,22.0109],[114.1899,21.9864]]],[[[113.1654,21.9535],[113.1724,21.9411],[113.1721,21.9547],[113.1654,21.9535]]],[[[114.1539,21.9751],[114.1723,21.9998],[114.1483,21.9909],[114.1539,21.9751]]],[[[113.138,21.9192],[113.1413,21.9129],[113.1505,21.9379],[113.138,21.9192]]],[[[113.6653,22.0392],[113.6702,22.0334],[113.6758,22.0294],[113.6653,22.0392]]],[[[113.6832,21.9388],[113.7094,21.945],[113.6928,21.963],[113.6832,21.9388]]],[[[113.9017,22.1142],[113.9,22.1237],[113.8902,22.1228],[113.9017,22.1142]]],[[[113.7077,22.1435],[113.708,22.1347],[113.7221,22.1419],[113.7077,22.1435]]],[[[114.0075,22.027],[114.018,22.0283],[114.0135,22.0382],[114.0075,22.027]]],[[[113.7027,22.1017],[113.7009,22.0949],[113.7111,22.0918],[113.7027,22.1017]]],[[[114.1267,21.9617],[114.1428,21.9655],[114.139,21.9703],[114.1267,21.9617]]],[[[113.5769,22.2121],[113.5762,22.201],[113.5865,22.201],[113.5769,22.2121]]]]}},{"type":"Feature","properties":{"name":"汕头","adcode":440500,"center":[116.708463,23.37102]},"bbox":[116.2445,23.0398,117.1454,23.6195],"geometry":{"type":"MultiPolygon","coordinates":[[[[116.5526,23.1059],[116.7248,23.2144],[116.8147,23.2076],[116.7828,23.3138],[116.8962,23.4762],[116.9006,23.6195],[116.713,23.5979],[116.7026,23.4382],[116.5803,23.4611],[116.5683,23.3783],[116.4657,23.4425],[116.4826,23.5006],[116.3196,23.4492],[116.3549,23.3473],[116.2445,23.1404],[116.3805,23.0398],[116.5526,23.1059]]],[[[117.1454,23.4561],[116.9451,23.4228],[117.1243,23.3897],[117.1454,23.4561]]]]}},{"type":"Feature","properties":{"name":"佛山","adcode":440600,"center":[113.122717,23.028762]},"bbox":[112.3925,22.6422,113.3934,23.567],"geometry":{"type":"MultiPolygon","coordinates":[[[[112.9752,23.4636],[112.9033,23.4886],[112.9003,23.5667],[112.8272,23.567],[112.7873,23.3712],[112.8833,23.3473],[112.843,23.2245],[112.7644,23.2029],[112.8341,23.0148],[112.3925,22.7698],[112.4119,22.6712],[112.5232,22.7281],[112.5465,22.6422],[112.6965,22.759],[112.6954,22.6956],[112.7558,22.6924],[112.8837,22.8522],[113.0495,22.8078],[113.1614,22.6737],[113.3934,22.8098],[113.3121,22.8304],[113.2549,23.0448],[113.1849,23.0596],[113.1777,23.2713],[113.128,23.3145],[113.0449,23.2522],[112.9752,23.4636]]],[[[112.7897,23.0014],[112.7906,23.0021],[112.7879,23.001],[112.7897,23.0014]]]]}},{"type":"Feature","properties":{"name":"江门","adcode":440700,"center":[113.094942,22.590431]},"bbox":[112.0105,21.5641,113.2627,22.8563],"geometry":{"type":"MultiPolygon","coordinates":[[[[112.1654,22.385],[112.0105,22.2662],[112.0273,22.127],[112.1059,22.1358],[112.331,21.9595],[112.3701,21.8614],[112.3151,21.7007],[112.4095,21.7284],[112.4394,21.8037],[112.6394,21.756],[112.8004,21.9248],[112.9113,21.839],[112.9897,21.8696],[113.0475,21.9565],[113.0355,22.0774],[113.1685,22.2384],[113.1654,22.4002],[113.2627,22.392],[113.1614,22.6737],[113.0596,22.8012],[112.9235,22.8563],[112.8446,22.8353],[112.7558,22.6924],[112.6954,22.6956],[112.6965,22.759],[112.5465,22.6422],[112.56,22.6958],[112.477,22.7159],[112.5217,22.6073],[112.4636,22.5849],[112.4196,22.6642],[112.3774,22.5525],[112.3091,22.5724],[112.2437,22.4082],[112.1654,22.385]]],[[[112.7754,21.5641],[112.876,21.7727],[112.7079,21.6985],[112.7803,21.6715],[112.7309,21.6138],[112.7754,21.5641]]],[[[112.531,21.5839],[112.6598,21.6309],[112.664,21.7138],[112.5598,21.6655],[112.531,21.5839]]],[[[112.4354,21.6635],[112.4563,21.6488],[112.4661,21.6867],[112.4354,21.6635]]],[[[112.6805,21.6982],[112.6901,21.6999],[112.6862,21.7137],[112.6805,21.6982]]],[[[112.8834,21.5938],[112.9025,21.6023],[112.8831,21.6155],[112.8834,21.5938]]],[[[113.0255,21.8478],[113.0468,21.8548],[113.0235,21.8798],[113.0255,21.8478]]],[[[112.6564,21.5957],[112.667,21.6079],[112.6537,21.6059],[112.6564,21.5957]]],[[[112.5879,21.5862],[112.6004,21.5917],[112.5817,21.6006],[112.5879,21.5862]]],[[[112.6742,21.6106],[112.6723,21.6176],[112.6648,21.6125],[112.6742,21.6106]]],[[[112.8017,21.5643],[112.8142,21.5695],[112.8072,21.5774],[112.8017,21.5643]]]]}},{"type":"Feature","properties":{"name":"湛江","adcode":440800,"center":[110.364977,21.274898]},"bbox":[109.6549,20.2194,110.977,21.9503],"geometry":{"type":"MultiPolygon","coordinates":[[[[110.6454,21.2274],[110.638,21.289],[110.5222,21.3036],[110.5685,21.3614],[110.484,21.4471],[110.4838,21.5438],[110.4227,21.5622],[110.4097,21.6866],[110.3514,21.7136],[110.3876,21.8904],[109.9862,21.8791],[109.8983,21.6496],[109.7664,21.668],[109.7856,21.4569],[109.9047,21.4301],[109.8688,21.3658],[109.7575,21.3468],[109.764,21.2263],[109.6675,21.1218],[109.6549,20.9035],[109.7451,20.6211],[109.8969,20.4618],[109.8612,20.3767],[109.9135,20.2194],[110.3275,20.2516],[110.5416,20.4207],[110.4661,20.6803],[110.3923,20.6829],[110.3937,20.8167],[110.2097,20.8602],[110.1807,20.9818],[110.2112,21.0542],[110.2477,21.0207],[110.4277,21.1936],[110.6454,21.2274]]],[[[110.5084,21.491],[110.484,21.4471],[110.5685,21.3614],[110.5222,21.3036],[110.638,21.289],[110.6454,21.2274],[110.7686,21.3649],[110.977,21.4068],[110.8804,21.4449],[110.7719,21.6478],[110.7308,21.5011],[110.5084,21.491]]],[[[110.3963,21.9061],[110.4424,21.9409],[110.3911,21.9503],[110.3963,21.9061]]],[[[110.3811,21.7834],[110.3792,21.7637],[110.389,21.7621],[110.3811,21.7834]]],[[[110.545,21.0839],[110.6324,21.2111],[110.4338,21.1836],[110.545,21.0839]]],[[[110.5176,21.079],[110.3061,21.0881],[110.2012,20.9384],[110.4517,20.9884],[110.5262,20.9163],[110.5601,21.0614],[110.5176,21.079]]],[[[110.7148,21.5268],[110.7068,21.521],[110.708,21.5194],[110.7148,21.5268]]],[[[110.4054,20.6781],[110.4286,20.6752],[110.4238,20.7111],[110.4054,20.6781]]],[[[110.645,20.9357],[110.5897,20.9531],[110.5515,20.8726],[110.6118,20.86],[110.645,20.9357]]],[[[110.5567,20.3275],[110.5937,20.3607],[110.5864,20.3811],[110.5567,20.3275]]],[[[110.4208,21.16],[110.4195,21.1512],[110.4478,21.1602],[110.4208,21.16]]],[[[110.3954,21.1044],[110.3961,21.0985],[110.4286,21.1052],[110.3954,21.1044]]]]}},{"type":"Feature","properties":{"name":"茂名","adcode":440900,"center":[110.919229,21.659751]},"bbox":[110.3394,21.371,111.6786,22.7043],"geometry":{"type":"MultiPolygon","coordinates":[[[[110.7068,21.521],[110.7615,21.648],[110.8804,21.4449],[110.977,21.4068],[111.2905,21.4842],[111.2635,21.4127],[111.4524,21.5152],[111.4407,21.6935],[111.3743,21.7744],[111.4172,21.8502],[111.2901,21.908],[111.2853,22.0484],[111.3605,22.2339],[111.6007,22.3755],[111.6786,22.4964],[111.5963,22.5514],[111.4218,22.4267],[111.4134,22.5126],[111.277,22.4919],[111.3266,22.5573],[111.1442,22.6257],[111.1084,22.7043],[110.8873,22.5835],[110.7602,22.5808],[110.7414,22.4643],[110.6835,22.4734],[110.7897,22.2867],[110.6535,22.2382],[110.6789,22.1727],[110.5603,22.1964],[110.4894,22.1446],[110.4308,22.2062],[110.3811,22.1642],[110.3485,22.1959],[110.353,21.9766],[110.4424,21.9409],[110.3394,21.8064],[110.3867,21.7956],[110.3514,21.7136],[110.4097,21.6866],[110.4227,21.5622],[110.5389,21.4739],[110.7068,21.521]]],[[[110.5081,21.4906],[110.4908,21.4828],[110.5067,21.4723],[110.5081,21.4906]]],[[[110.3792,21.7637],[110.3803,21.7845],[110.37,21.7701],[110.3792,21.7637]]],[[[110.7174,21.5197],[110.7135,21.5118],[110.7233,21.5036],[110.7174,21.5197]]],[[[111.1847,21.371],[111.1948,21.3801],[111.1957,21.391],[111.1847,21.371]]],[[[110.484,21.4471],[110.4904,21.4569],[110.4845,21.4567],[110.484,21.4471]]]]}},{"type":"Feature","properties":{"name":"肇庆","adcode":441200,"center":[112.472529,23.051546]},"bbox":[111.362,22.7698,112.8833,24.3887],"geometry":{"type":"MultiPolygon","coordinates":[[[[112.8305,23.5458],[112.7505,23.6101],[112.7809,23.6712],[112.7151,23.6916],[112.7431,23.7524],[112.6554,23.8126],[112.6826,23.9391],[112.5161,23.977],[112.4867,24.1141],[112.4298,24.1271],[112.45,24.281],[112.289,24.3887],[112.2495,24.2434],[112.1667,24.1879],[112.0679,24.2607],[112.025,24.1884],[111.8779,24.2289],[111.9403,23.9877],[111.8229,23.9112],[111.8106,23.807],[111.6549,23.8333],[111.6183,23.7348],[111.6653,23.7],[111.6156,23.639],[111.487,23.6266],[111.362,23.3303],[111.4726,23.2751],[111.5322,23.3246],[111.5753,23.1941],[111.9676,23.1297],[112.0358,23.0727],[112.3119,23.1213],[112.2577,22.9106],[112.3074,22.9113],[112.3155,22.79],[112.3925,22.7698],[112.8341,23.0148],[112.7644,23.2029],[112.843,23.2245],[112.8833,23.3473],[112.7873,23.3712],[112.8305,23.5458]]]]}},{"type":"Feature","properties":{"name":"惠州","adcode":441300,"center":[114.412599,23.079404]},"bbox":[113.8188,22.4287,115.4253,23.9595],"geometry":{"type":"MultiPolygon","coordinates":[[[[114.5145,22.6607],[114.7096,22.7877],[114.7524,22.7597],[114.7474,22.5816],[114.9253,22.5516],[114.9377,22.6374],[115.0262,22.7021],[114.9178,22.907],[115.0859,23.0077],[115.1469,22.9911],[115.4253,23.2363],[115.3061,23.3606],[115.1764,23.381],[114.978,23.2944],[114.913,23.3388],[114.8344,23.1718],[114.7075,23.4043],[114.6328,23.4079],[114.6972,23.4606],[114.6922,23.5324],[114.5676,23.5707],[114.5127,23.6885],[114.3554,23.736],[114.3499,23.8879],[114.2367,23.9107],[114.2718,23.9595],[114.0568,23.9358],[114.06,23.7759],[113.8188,23.6562],[114.0004,23.3934],[113.9967,23.2974],[113.8894,23.3342],[113.9021,23.1772],[113.8447,23.1256],[114.089,23.0942],[114.1244,22.994],[114.2125,22.9878],[114.2592,22.9061],[114.235,22.793],[114.3531,22.8066],[114.4183,22.7663],[114.4319,22.6609],[114.5145,22.6607]]],[[[114.6505,22.5739],[114.6589,22.5605],[114.6381,22.5857],[114.6505,22.5739]]],[[[114.6289,22.4485],[114.6521,22.4545],[114.6318,22.4681],[114.6289,22.4485]]],[[[114.6099,22.6703],[114.6129,22.6617],[114.618,22.6695],[114.6099,22.6703]]],[[[114.84,22.512],[114.8406,22.502],[114.8556,22.5138],[114.84,22.512]]],[[[114.6494,22.6752],[114.6481,22.6647],[114.6535,22.664],[114.6494,22.6752]]],[[[114.7269,22.5777],[114.7208,22.5885],[114.7192,22.5802],[114.7269,22.5777]]],[[[114.6413,22.4294],[114.6505,22.4287],[114.6596,22.4441],[114.6413,22.4294]]]]}},{"type":"Feature","properties":{"name":"梅州","adcode":441400,"center":[116.117582,24.299112]},"bbox":[115.3172,23.3787,116.9334,24.9326],"geometry":{"type":"MultiPolygon","coordinates":[[[[116.3685,23.733],[116.4169,23.7779],[116.4961,23.7525],[116.497,23.8692],[116.688,23.9811],[116.7897,24.1571],[116.9334,24.2223],[116.8608,24.4623],[116.7583,24.5466],[116.8153,24.6546],[116.5965,24.6541],[116.5301,24.6049],[116.3749,24.8072],[116.3948,24.8779],[116.2513,24.7934],[116.1917,24.8771],[116.0906,24.8382],[115.8784,24.9326],[115.907,24.8802],[115.8197,24.9068],[115.7571,24.7499],[115.8441,24.5627],[115.6861,24.547],[115.6717,24.6047],[115.5595,24.643],[115.4832,24.5627],[115.4933,24.498],[115.593,24.4597],[115.5509,24.3599],[115.5908,24.2429],[115.5453,24.1702],[115.5036,24.1876],[115.5296,24.0985],[115.4423,24.1245],[115.4533,23.967],[115.3172,23.7616],[115.3873,23.7782],[115.4074,23.7033],[115.454,23.7067],[115.4356,23.4317],[115.5051,23.3787],[115.6874,23.5575],[115.7862,23.5175],[115.8346,23.6609],[115.8978,23.6201],[116.0066,23.6755],[116.1655,23.6161],[116.2712,23.7573],[116.3685,23.733]]]]}},{"type":"Feature","properties":{"name":"汕尾","adcode":441500,"center":[115.364238,22.774485]},"bbox":[114.9178,20.5889,116.9318,23.4719],"geometry":{"type":"MultiPolygon","coordinates":[[[[115.6065,23.4719],[115.4755,23.3737],[115.4973,23.3225],[115.4253,23.2363],[115.2835,23.1574],[115.2903,23.0956],[114.9178,22.907],[115.0262,22.7021],[115.0669,22.7856],[115.1884,22.7727],[115.2443,22.8239],[115.229,22.7822],[115.338,22.7767],[115.3814,22.684],[115.5742,22.6505],[115.6091,22.7528],[115.5417,22.7555],[115.6324,22.86],[115.7559,22.8373],[115.8187,22.7314],[116.0389,22.8408],[116.1069,22.8179],[116.2269,22.9145],[116.11,22.8911],[115.9438,22.9563],[115.967,23.0473],[115.9231,23.111],[115.8515,23.0988],[115.7256,23.1838],[115.8316,23.2581],[115.8197,23.3357],[115.7777,23.3837],[115.6768,23.355],[115.6065,23.4719]]],[[[116.7696,20.7717],[116.8809,20.7335],[116.8899,20.6831],[116.7496,20.6009],[116.8629,20.5889],[116.9318,20.6662],[116.912,20.7559],[116.7696,20.7717]]],[[[115.1077,22.7713],[115.1171,22.7797],[115.1086,22.7832],[115.1077,22.7713]]],[[[116.7356,20.6945],[116.7368,20.7011],[116.7224,20.7075],[116.7356,20.6945]]],[[[115.1858,22.7377],[115.1965,22.7359],[115.1951,22.7419],[115.1858,22.7377]]],[[[115.9434,21.0974],[115.9892,21.0355],[116.0674,21.0404],[116.0244,21.1242],[115.9434,21.0974]]],[[[115.9267,20.9815],[115.9532,20.9283],[116.0009,20.9484],[115.9267,20.9815]]]]}},{"type":"Feature","properties":{"name":"河源","adcode":441600,"center":[114.697802,23.746266]},"bbox":[114.242,23.1653,115.593,24.7929],"geometry":{"type":"MultiPolygon","coordinates":[[[[115.4193,23.2438],[115.4973,23.3225],[115.4169,23.4841],[115.4571,23.6963],[115.3873,23.7782],[115.3172,23.7616],[115.4533,23.967],[115.4423,24.1245],[115.5296,24.0985],[115.5036,24.1876],[115.5453,24.1702],[115.5908,24.2429],[115.5509,24.3599],[115.593,24.4597],[115.4933,24.498],[115.4832,24.5627],[115.5562,24.6827],[115.4129,24.7929],[115.1207,24.6644],[115.0549,24.7099],[114.9196,24.6671],[114.8691,24.5624],[114.7299,24.6089],[114.7052,24.5261],[114.6652,24.5837],[114.4288,24.4863],[114.3917,24.5635],[114.3081,24.5741],[114.2737,24.5337],[114.3106,24.4808],[114.242,24.426],[114.2936,24.3527],[114.2546,24.2661],[114.2929,24.1751],[114.479,24.1129],[114.4606,24.1696],[114.5561,24.2459],[114.6001,24.1749],[114.3897,24.0127],[114.3416,23.7516],[114.5127,23.6885],[114.6066,23.5368],[114.6922,23.5324],[114.6972,23.4606],[114.6328,23.4079],[114.7075,23.4043],[114.7864,23.2071],[114.8504,23.1653],[114.913,23.3388],[114.978,23.2944],[115.2355,23.3853],[115.4193,23.2438]]]]}},{"type":"Feature","properties":{"name":"阳江","adcode":441700,"center":[111.975107,21.859222]},"bbox":[111.2872,21.5002,112.3701,22.689],"geometry":{"type":"MultiPolygon","coordinates":[[[[112.3078,21.7042],[112.3701,21.8614],[112.331,21.9595],[112.1059,22.1358],[112.0273,22.127],[112.0105,22.2662],[112.0819,22.3511],[112.1473,22.3391],[112.1615,22.4007],[112.0129,22.4718],[111.9565,22.6338],[111.9003,22.5705],[111.8218,22.5977],[111.8713,22.6335],[111.8353,22.689],[111.6309,22.4029],[111.4658,22.33],[111.3272,22.1713],[111.2872,21.9241],[111.4172,21.8502],[111.3743,21.7744],[111.4407,21.6935],[111.4183,21.5787],[111.4758,21.5002],[111.6504,21.5123],[111.7587,21.6139],[111.8628,21.557],[112.025,21.6298],[111.956,21.7105],[112.1365,21.7938],[112.3078,21.7042]]],[[[112.1811,21.5459],[112.2048,21.5482],[112.1899,21.5583],[112.1811,21.5459]]],[[[112.1406,21.6019],[112.1501,21.6019],[112.1448,21.6139],[112.1406,21.6019]]],[[[112.1181,21.6335],[112.1293,21.6405],[112.1181,21.6428],[112.1181,21.6335]]]]}},{"type":"Feature","properties":{"name":"清远","adcode":441800,"center":[113.051227,23.685022]},"bbox":[111.9275,23.4476,113.9302,25.1831],"geometry":{"type":"MultiPolygon","coordinates":[[[[112.9948,24.9273],[112.7883,24.8924],[112.6598,25.1328],[112.1873,25.1831],[112.1201,24.9637],[112.1711,24.8627],[111.9613,24.7212],[111.9275,24.6294],[112.0618,24.3682],[111.9426,24.2349],[112.025,24.1884],[112.0869,24.2569],[112.1667,24.1879],[112.2495,24.2434],[112.289,24.3887],[112.3737,24.3479],[112.45,24.281],[112.4298,24.1271],[112.4867,24.1141],[112.5161,23.977],[112.6826,23.9391],[112.6554,23.8126],[112.7431,23.7524],[112.7151,23.6916],[112.7847,23.6553],[112.7505,23.6101],[112.8021,23.5456],[112.9003,23.5667],[112.9576,23.4476],[113.1921,23.5148],[113.3784,23.7315],[113.5973,23.6649],[113.6402,23.8143],[113.8003,23.9026],[113.7186,23.993],[113.9302,24.1884],[113.84,24.2651],[113.8039,24.4018],[113.7099,24.4124],[113.5996,24.513],[113.441,24.4537],[113.3742,24.494],[113.295,24.4572],[113.2511,24.5102],[113.0637,24.4688],[112.9644,24.5861],[112.888,24.5953],[112.9516,24.8158],[113.0196,24.856],[112.9948,24.9273]]]]}},{"type":"Feature","properties":{"name":"东莞","adcode":441900,"center":[113.746262,23.046237]},"bbox":[113.5229,22.6544,114.2292,23.1413],"geometry":{"type":"MultiPolygon","coordinates":[[[[114.2292,22.8125],[114.2224,22.9807],[114.1244,22.994],[114.089,23.0942],[113.7386,23.1413],[113.5229,23.0373],[113.5712,22.8531],[113.6782,22.7261],[113.7514,22.7154],[113.8873,22.8585],[114.1725,22.6544],[114.2292,22.8125]]]]}},{"type":"Feature","properties":{"name":"中山","adcode":442000,"center":[113.382391,22.521113]},"bbox":[113.1614,22.2029,113.6921,22.7726],"geometry":{"type":"MultiPolygon","coordinates":[[[[113.5687,22.4119],[113.6921,22.5151],[113.468,22.7285],[113.3651,22.7726],[113.1614,22.6737],[113.2627,22.392],[113.4158,22.2029],[113.5128,22.25],[113.4705,22.3104],[113.4959,22.4075],[113.5687,22.4119]]]]}},{"type":"Feature","properties":{"name":"潮州","adcode":445100,"center":[116.632301,23.661701]},"bbox":[116.3685,23.4294,117.1929,24.2328],"geometry":{"type":"MultiPolygon","coordinates":[[[[116.917,23.5317],[117.0102,23.5027],[117.1929,23.5617],[117.1926,23.6296],[117.0532,23.6984],[117.0224,23.8388],[116.962,23.8614],[116.9813,23.9967],[116.9266,24.0986],[116.9987,24.179],[116.9171,24.2328],[116.7802,24.1473],[116.688,23.9811],[116.497,23.8692],[116.4961,23.7525],[116.4169,23.7779],[116.3685,23.733],[116.5142,23.6559],[116.567,23.5692],[116.5437,23.5056],[116.6301,23.4294],[116.7026,23.4382],[116.713,23.5979],[116.7852,23.5796],[116.831,23.6458],[116.9006,23.6195],[116.917,23.5317]]]]}},{"type":"Feature","properties":{"name":"揭阳","adcode":445200,"center":[116.355733,23.543778]},"bbox":[115.6065,22.8862,116.6336,23.774],"geometry":{"type":"MultiPolygon","coordinates":[[[[116.5526,23.1059],[116.3805,23.0398],[116.2445,23.1404],[116.3549,23.3473],[116.3169,23.4423],[116.3771,23.5007],[116.4826,23.5006],[116.4657,23.4425],[116.5683,23.3783],[116.5803,23.4611],[116.6336,23.4506],[116.5437,23.5056],[116.567,23.5692],[116.5142,23.6559],[116.3354,23.774],[116.2141,23.719],[116.1655,23.6161],[116.0066,23.6755],[115.8978,23.6201],[115.8346,23.6609],[115.7862,23.5175],[115.6874,23.5575],[115.6065,23.4719],[115.6768,23.355],[115.7777,23.3837],[115.8197,23.3357],[115.8316,23.2581],[115.7256,23.1838],[115.8515,23.0988],[115.9088,23.1257],[115.9833,22.9259],[116.1561,22.8862],[116.3028,22.9515],[116.5056,22.9309],[116.576,23.0171],[116.5526,23.1059]]]]}},{"type":"Feature","properties":{"name":"云浮","adcode":445300,"center":[112.044439,22.929801]},"bbox":[111.0605,22.3647,112.5217,23.3256],"geometry":{"type":"MultiPolygon","coordinates":[[[[112.4766,22.704],[112.4119,22.6712],[112.3842,22.7922],[112.3155,22.79],[112.3074,22.9113],[112.2577,22.9106],[112.3119,23.1213],[112.0358,23.0727],[111.9676,23.1297],[111.6561,23.1585],[111.5398,23.213],[111.5763,23.2537],[111.5322,23.3246],[111.4726,23.2751],[111.3926,23.3256],[111.3534,23.289],[111.3742,23.0925],[111.4345,23.0716],[111.3587,22.8892],[111.2185,22.7481],[111.0605,22.7315],[111.1442,22.6257],[111.3266,22.5573],[111.277,22.4919],[111.4134,22.5126],[111.4218,22.4267],[111.5963,22.5514],[111.6912,22.4821],[111.8425,22.6878],[111.8713,22.6335],[111.8218,22.5977],[111.9003,22.5705],[111.9565,22.6338],[111.9837,22.5054],[112.1892,22.3647],[112.4196,22.6642],[112.4636,22.5849],[112.5217,22.6073],[112.4766,22.704]]]]}},{"type":"Feature","properties":{"name":"南宁","adcode":450100,"center":[108.320004,22.82402]},"bbox":[107.3303,22.207,109.6201,24.0309],"geometry":{"type":"MultiPolygon","coordinates":[[[[109.217,23.2968],[108.9307,23.3674],[108.8223,23.494],[108.8043,23.7147],[108.7436,23.7961],[108.5014,23.6628],[108.416,23.8174],[108.4762,23.8942],[108.4337,23.9628],[108.4988,23.9904],[108.4101,24.0309],[108.2828,23.8004],[108.2031,23.8716],[108.1804,23.8233],[108.1295,23.8513],[108.0219,23.7762],[107.9831,23.6268],[107.9422,23.657],[107.7163,23.5541],[107.7368,23.4509],[107.8837,23.4389],[107.8292,23.3336],[107.5849,23.291],[107.5617,23.2045],[107.3857,23.2444],[107.3303,23.1374],[107.3877,23.0915],[107.3377,23.0475],[107.4783,23.0316],[107.5042,22.8454],[107.614,22.9042],[107.6924,22.862],[107.6378,22.9477],[107.7123,22.9492],[107.9708,22.8347],[108.0333,22.7765],[108.0063,22.682],[108.0485,22.6564],[108.0858,22.702],[108.1046,22.6526],[108.0061,22.6076],[107.9862,22.5046],[108.0877,22.4584],[108.1368,22.3051],[108.2362,22.2825],[108.2799,22.207],[108.4099,22.2659],[108.4962,22.2383],[108.5584,22.4199],[108.7209,22.4509],[108.7828,22.5271],[109.1451,22.5113],[109.1637,22.5534],[109.2656,22.4846],[109.3517,22.6281],[109.6201,22.6767],[109.4553,22.8498],[109.4821,22.8915],[109.3155,23.0066],[109.3257,23.0958],[109.2542,23.0955],[109.217,23.2968]]]]}},{"type":"Feature","properties":{"name":"柳州","adcode":450200,"center":[109.411703,24.314617]},"bbox":[108.5877,23.9071,110.1702,26.0296],"geometry":{"type":"MultiPolygon","coordinates":[[[[110.1162,24.4608],[110.1702,24.6483],[109.989,24.6773],[109.9395,24.7795],[109.8368,24.8323],[109.6191,24.8403],[109.6377,25.1206],[109.7485,25.3006],[109.7814,25.491],[109.7407,25.5848],[109.8152,25.6545],[109.7203,25.806],[109.7683,25.8903],[109.6805,25.8952],[109.7232,26.0034],[109.4827,26.0296],[109.2966,25.7142],[109.1754,25.8049],[109.1449,25.7444],[109.118,25.8094],[108.8963,25.7142],[108.9482,25.6766],[109.0032,25.7363],[109.0791,25.7207],[109.0312,25.6295],[109.0885,25.5495],[109.0251,25.5125],[108.9524,25.5564],[108.8127,25.5264],[108.7841,25.6283],[108.689,25.6232],[108.6904,25.5189],[108.6329,25.5189],[108.5877,25.4214],[108.6551,25.215],[108.7181,25.1774],[108.679,25.1064],[108.8452,25.1554],[108.9482,25.1212],[109.062,25.199],[109.0983,25.0726],[108.9865,24.9412],[109.1579,24.9094],[109.1501,24.8079],[109.0273,24.8139],[108.9358,24.7303],[108.9702,24.6662],[108.838,24.5382],[109.0467,24.461],[108.9992,24.3744],[108.9205,24.3618],[108.9721,24.1298],[109.1469,24.0228],[109.2786,24.0472],[109.3637,23.9071],[109.4286,23.9086],[109.5012,24.0477],[109.8031,24.2561],[109.9027,24.301],[109.9318,24.2349],[110.0332,24.273],[110.0689,24.4573],[110.1162,24.4608]]]]}},{"type":"Feature","properties":{"name":"桂林","adcode":450300,"center":[110.299121,25.274215]},"bbox":[109.6191,24.2592,111.4921,26.3856],"geometry":{"type":"MultiPolygon","coordinates":[[[[111.0974,24.9409],[110.9791,24.9147],[110.9614,25.0779],[111.0027,25.1658],[111.1127,25.2171],[111.1033,25.2851],[111.3002,25.4483],[111.3431,25.6028],[111.3075,25.7163],[111.4402,25.7696],[111.4333,25.8463],[111.4921,25.8686],[111.3463,25.9063],[111.2599,25.861],[111.1895,25.9533],[111.266,26.0557],[111.2813,26.2711],[111.0403,26.3235],[110.9746,26.3856],[110.93,26.2557],[110.7591,26.2487],[110.7417,26.3139],[110.6123,26.3336],[110.3051,25.9673],[110.2458,25.9686],[110.2011,26.0662],[110.101,26.0202],[110.0649,26.05],[110.0987,26.1692],[109.9662,26.1955],[109.8709,26.0333],[109.802,26.0344],[109.826,25.9114],[109.7203,25.806],[109.8152,25.6545],[109.7407,25.5848],[109.7814,25.491],[109.7485,25.3006],[109.6377,25.1206],[109.6191,24.8403],[109.8368,24.8323],[109.9395,24.7795],[109.989,24.6773],[110.1702,24.6483],[110.1162,24.4608],[110.2027,24.4497],[110.1987,24.3479],[110.2604,24.3602],[110.3169,24.2964],[110.4824,24.3127],[110.4695,24.3575],[110.5519,24.405],[110.5553,24.3661],[110.6215,24.3941],[110.7913,24.3163],[110.8437,24.3863],[110.8832,24.2592],[110.9432,24.336],[111.0041,24.31],[111.0244,24.3479],[110.9623,24.3707],[111.044,24.499],[110.9893,24.6212],[111.1701,24.7767],[111.1645,24.8984],[111.0974,24.9409]]]]}},{"type":"Feature","properties":{"name":"梧州","adcode":450400,"center":[111.297604,23.474803]},"bbox":[110.3169,22.6222,111.6653,24.405],"geometry":{"type":"MultiPolygon","coordinates":[[[[110.3919,24.0422],[110.3572,23.8913],[110.5822,23.7834],[110.5422,23.6575],[110.6317,23.4691],[110.5644,23.3675],[110.6592,23.2941],[110.5501,23.2082],[110.5474,23.1263],[110.7503,23.0456],[110.7284,22.8872],[110.7997,22.8557],[110.772,22.7651],[110.8833,22.6222],[111.0556,22.6485],[111.0605,22.7315],[111.2185,22.7481],[111.3587,22.8892],[111.434,23.0362],[111.3743,23.0926],[111.3496,23.2728],[111.3998,23.4694],[111.4802,23.5326],[111.4871,23.6266],[111.6156,23.639],[111.6653,23.7],[111.6183,23.7347],[111.6493,23.9452],[111.5385,24.0267],[111.5752,24.1434],[111.5009,24.1631],[111.4864,24.0966],[111.3966,24.0754],[111.3664,23.8655],[111.1514,23.9379],[110.9793,23.763],[110.9538,23.6518],[110.8921,23.7039],[110.8569,23.8944],[110.7178,23.9555],[110.7496,24.0119],[110.677,24.059],[110.7201,24.1677],[110.6266,24.2308],[110.5519,24.405],[110.4695,24.3575],[110.4824,24.3127],[110.3169,24.2964],[110.4562,24.184],[110.4077,24.1438],[110.4584,24.1248],[110.3868,24.1263],[110.3434,24.0604],[110.3919,24.0422]]]]}},{"type":"Feature","properties":{"name":"北海","adcode":450500,"center":[109.119254,21.473343]},"bbox":[108.8584,20.8993,109.7856,21.9089],"geometry":{"type":"MultiPolygon","coordinates":[[[[109.6077,21.9089],[109.0946,21.8717],[108.9562,21.824],[108.9447,21.7604],[108.8599,21.7373],[108.8584,21.6606],[108.916,21.5963],[109.1427,21.5644],[109.1421,21.512],[109.0381,21.4519],[109.1388,21.389],[109.5299,21.437],[109.6123,21.5569],[109.6821,21.4726],[109.7856,21.4569],[109.7662,21.6669],[109.689,21.6862],[109.7036,21.8905],[109.6077,21.9089]]],[[[109.0885,21.0147],[109.114,21.0194],[109.139,21.0673],[109.0885,21.0147]]],[[[109.207,20.9068],[109.2185,20.8993],[109.2223,20.9091],[109.207,20.9068]]]]}},{"type":"Feature","properties":{"name":"防城港","adcode":450600,"center":[108.345478,21.614631]},"bbox":[107.4865,21.4901,108.597,22.3717],"geometry":{"type":"MultiPolygon","coordinates":[[[[108.0959,22.3717],[107.8983,22.2044],[107.6325,22.1894],[107.6786,22.0819],[107.5584,21.9317],[107.5573,21.7245],[107.4865,21.5958],[107.8611,21.652],[107.9561,21.536],[108.1336,21.505],[108.2355,21.6028],[108.2136,21.4901],[108.5199,21.583],[108.597,21.6915],[108.507,21.7257],[108.4573,21.9068],[108.2907,21.9104],[108.2056,21.9796],[108.185,22.1414],[108.2807,22.2233],[108.0959,22.3717]]]]}},{"type":"Feature","properties":{"name":"钦州","adcode":450700,"center":[108.624175,21.967127]},"bbox":[108.185,21.5819,109.8709,22.6813],"geometry":{"type":"MultiPolygon","coordinates":[[[[109.6077,21.9089],[109.5503,22.0988],[109.5933,22.2899],[109.6798,22.3002],[109.7336,22.3805],[109.8405,22.3173],[109.8107,22.4408],[109.8709,22.5158],[109.84,22.572],[109.7179,22.5607],[109.6622,22.6624],[109.5841,22.6813],[109.3517,22.6281],[109.2656,22.4846],[109.1637,22.5534],[109.1451,22.5113],[108.7828,22.5271],[108.7209,22.4509],[108.5584,22.4199],[108.4962,22.2383],[108.3356,22.2431],[108.185,22.1414],[108.2056,21.9796],[108.2907,21.9104],[108.4573,21.9068],[108.507,21.7257],[108.6859,21.6608],[108.6762,21.5886],[108.7101,21.6467],[108.7538,21.6013],[108.8814,21.6272],[108.8599,21.7373],[108.9447,21.7604],[108.9756,21.8315],[109.2316,21.8522],[109.2905,21.9149],[109.5237,21.8731],[109.6077,21.9089]]],[[[108.8427,21.6072],[108.8363,21.6043],[108.8594,21.5819],[108.8427,21.6072]]]]}},{"type":"Feature","properties":{"name":"贵港","adcode":450800,"center":[109.602146,23.0936]},"bbox":[109.2109,22.6624,110.6566,24.0422],"geometry":{"type":"MultiPolygon","coordinates":[[[[109.6622,22.6624],[109.7833,22.7393],[109.7669,22.8576],[109.8653,22.8718],[109.8038,22.9763],[109.9521,23.0227],[110.1205,22.8872],[110.2637,22.8673],[110.2924,23.0129],[110.4925,23.0659],[110.5501,23.2082],[110.6522,23.2565],[110.6566,23.3077],[110.5644,23.3675],[110.6317,23.4691],[110.5422,23.6575],[110.5822,23.7834],[110.3572,23.8913],[110.3919,24.0422],[110.3092,24.0162],[110.2863,23.8519],[110.2108,23.9102],[109.9874,23.7687],[109.862,23.4387],[109.7406,23.4675],[109.5417,23.2996],[109.483,23.3839],[109.4293,23.3599],[109.3527,23.4167],[109.2109,23.3323],[109.2542,23.0955],[109.3257,23.0958],[109.3155,23.0066],[109.4821,22.8915],[109.4553,22.8498],[109.535,22.8152],[109.5058,22.7719],[109.6622,22.6624]]]]}},{"type":"Feature","properties":{"name":"玉林","adcode":450900,"center":[110.154393,22.63136]},"bbox":[109.5503,21.6289,110.8979,23.1219],"geometry":{"type":"MultiPolygon","coordinates":[[[[109.6622,22.6624],[109.7179,22.5607],[109.8576,22.556],[109.8107,22.4408],[109.8588,22.3712],[109.8405,22.3173],[109.7336,22.3805],[109.6798,22.3002],[109.5933,22.2899],[109.5503,22.0988],[109.5948,21.9188],[109.7036,21.8905],[109.6965,21.6677],[109.8072,21.6289],[109.9158,21.6688],[109.9863,21.8791],[110.3917,21.8937],[110.3347,22.1803],[110.6789,22.1727],[110.6548,22.2399],[110.7897,22.2867],[110.6835,22.4734],[110.7414,22.4643],[110.7602,22.5808],[110.8979,22.592],[110.772,22.7651],[110.7997,22.8557],[110.7284,22.8872],[110.7503,23.0456],[110.6244,23.1219],[110.3282,23.0478],[110.2637,22.8673],[110.1205,22.8872],[110.0845,22.9596],[109.887,23.0235],[109.8038,22.9763],[109.8653,22.8718],[109.7669,22.8576],[109.7833,22.7393],[109.6622,22.6624]]]]}},{"type":"Feature","properties":{"name":"百色","adcode":451000,"center":[106.616285,23.897742]},"bbox":[104.4509,22.8633,107.8837,25.0983],"geometry":{"type":"MultiPolygon","coordinates":[[[[106.5712,25.0835],[106.153,24.961],[106.1985,24.817],[106.0232,24.6324],[105.942,24.7248],[105.8055,24.7015],[105.4975,24.8093],[105.4432,24.9219],[105.2655,24.9302],[105.2127,24.9954],[105.078,24.9183],[105.0333,24.7878],[104.8757,24.7399],[104.7433,24.6222],[104.5294,24.7314],[104.4509,24.6438],[104.6952,24.3228],[104.7038,24.4214],[104.7653,24.4595],[105.109,24.4123],[105.1962,24.337],[105.1602,24.2789],[105.2431,24.2067],[105.1819,24.1329],[105.2602,24.0613],[105.3202,24.1164],[105.493,24.0173],[105.5276,24.1231],[105.5946,24.1375],[105.6494,24.0331],[105.7654,24.0737],[105.7965,24.0237],[105.8923,24.0403],[105.9194,24.1222],[106.05,24.0898],[106.1977,23.8711],[106.1369,23.7954],[106.1415,23.5697],[105.9998,23.4479],[105.8261,23.5156],[105.6309,23.4005],[105.7006,23.3284],[105.6493,23.3459],[105.5264,23.2346],[105.5648,23.0728],[105.7244,23.0622],[105.8789,22.9169],[106.086,22.9964],[106.2069,22.9784],[106.2872,22.867],[106.5262,22.9466],[106.6569,22.8633],[106.7978,23.0237],[106.7795,23.1806],[106.9447,23.2918],[107.1164,23.2836],[107.3034,23.3515],[107.3857,23.2444],[107.5617,23.2045],[107.5849,23.291],[107.8292,23.3336],[107.8837,23.4389],[107.7368,23.4509],[107.7106,23.628],[107.8231,23.6704],[107.8034,23.7641],[107.6064,23.7845],[107.519,23.8918],[107.4321,23.8353],[107.275,24.0038],[107.2373,23.9667],[107.1236,24.05],[107.0177,24.0244],[106.8906,24.1154],[106.9039,24.3788],[106.8091,24.454],[106.7736,24.6025],[106.686,24.5996],[106.8147,24.6757],[106.6627,24.7856],[106.7825,24.7883],[106.8509,24.8604],[106.7334,24.9886],[106.7437,25.0983],[106.6036,25.0482],[106.5712,25.0835]]],[[[105.0962,24.9281],[105.0959,24.9287],[105.078,24.9183],[105.0962,24.9281]]]]}},{"type":"Feature","properties":{"name":"贺州","adcode":451100,"center":[111.552056,24.414141]},"bbox":[110.5708,23.66,112.0596,25.1512],"geometry":{"type":"MultiPolygon","coordinates":[[[[111.6548,23.8333],[111.8106,23.807],[111.8229,23.9112],[111.9404,23.9877],[111.8712,24.1766],[111.8779,24.2289],[112.0596,24.3411],[111.9274,24.6294],[112.0241,24.7401],[111.7084,24.7889],[111.5601,24.6389],[111.4518,24.6658],[111.4795,24.7976],[111.4311,24.9726],[111.4684,25.0194],[111.3998,25.1246],[111.3218,25.1049],[111.2748,25.1512],[111.1019,25.0352],[111.1701,24.7767],[110.9893,24.6212],[111.0407,24.4627],[110.9623,24.3707],[111.0262,24.3321],[110.9773,24.2948],[110.9432,24.336],[110.8832,24.2592],[110.8437,24.3863],[110.7913,24.3163],[110.5982,24.3964],[110.5708,24.333],[110.7201,24.1677],[110.677,24.059],[110.7496,24.0119],[110.7178,23.9555],[110.8727,23.8732],[110.8402,23.837],[110.8899,23.8167],[110.9305,23.66],[111.1612,23.9442],[111.3664,23.8655],[111.3966,24.0754],[111.4864,24.0966],[111.5127,24.1674],[111.5752,24.1434],[111.545,23.9992],[111.6493,23.9452],[111.6548,23.8333]]]]}},{"type":"Feature","properties":{"name":"河池","adcode":451200,"center":[108.062105,24.695899]},"bbox":[106.5712,23.5541,109.158,25.6092],"geometry":{"type":"MultiPolygon","coordinates":[[[[106.5712,25.0835],[106.6036,25.0482],[106.7437,25.0983],[106.7334,24.9886],[106.8509,24.8604],[106.7825,24.7883],[106.6627,24.7856],[106.8147,24.6757],[106.686,24.5996],[106.7736,24.6025],[106.8091,24.454],[106.9039,24.3788],[106.8906,24.1154],[107.0177,24.0244],[107.1236,24.05],[107.2373,23.9667],[107.275,24.0038],[107.4321,23.8353],[107.519,23.8918],[107.6064,23.7845],[107.8034,23.7641],[107.8231,23.6704],[107.7106,23.628],[107.7163,23.5541],[107.9422,23.657],[107.9831,23.6268],[108.0219,23.7762],[108.1295,23.8513],[108.1804,23.8233],[108.2031,23.8716],[108.2828,23.8004],[108.3774,24.0144],[108.5621,24.0083],[108.5972,24.1467],[108.6773,24.1544],[108.6709,24.2881],[108.7539,24.3779],[108.9169,24.255],[108.9205,24.3618],[108.9992,24.3744],[109.0467,24.461],[108.9371,24.4749],[108.8462,24.5634],[108.9702,24.6662],[108.9358,24.7303],[109.0273,24.8139],[109.158,24.8246],[109.1184,24.9476],[108.9865,24.9412],[109.0983,25.0726],[109.062,25.199],[108.9482,25.1212],[108.8452,25.1554],[108.679,25.1064],[108.7181,25.1774],[108.6451,25.2936],[108.3447,25.5373],[108.2521,25.4305],[108.1576,25.439],[108.1933,25.4055],[108.1428,25.3907],[108.1159,25.211],[107.769,25.1175],[107.7622,25.2289],[107.6946,25.1979],[107.6597,25.3163],[107.4722,25.2138],[107.4209,25.3931],[107.3148,25.4026],[107.3287,25.4946],[107.2112,25.6092],[107.0646,25.5595],[106.9637,25.4373],[106.9978,25.2449],[106.913,25.243],[106.8883,25.1822],[106.645,25.1648],[106.5712,25.0835]]]]}},{"type":"Feature","properties":{"name":"来宾","adcode":451300,"center":[109.229772,23.733766]},"bbox":[108.4186,23.2665,110.4584,24.4674],"geometry":{"type":"MultiPolygon","coordinates":[[[[108.9169,24.255],[108.7539,24.3779],[108.6709,24.2881],[108.6773,24.1544],[108.5972,24.1467],[108.5973,24.0469],[108.4337,23.9628],[108.4762,23.8942],[108.4186,23.8008],[108.4871,23.7609],[108.5014,23.6628],[108.6731,23.785],[108.773,23.7782],[108.8344,23.4783],[108.939,23.3601],[109.0992,23.344],[109.198,23.2665],[109.3234,23.4164],[109.483,23.3839],[109.5417,23.2996],[109.7406,23.4675],[109.862,23.4387],[109.9874,23.7687],[110.2108,23.9102],[110.2863,23.8519],[110.3092,24.0162],[110.4,24.0481],[110.3434,24.0604],[110.3647,24.1048],[110.4584,24.1248],[110.4077,24.1438],[110.4562,24.184],[110.3583,24.219],[110.3699,24.2719],[110.2684,24.3037],[110.2604,24.3602],[110.1987,24.3479],[110.2027,24.4497],[110.0791,24.4674],[110.0332,24.273],[109.9318,24.2349],[109.9027,24.301],[109.8031,24.2561],[109.5012,24.0477],[109.4286,23.9086],[109.3637,23.9071],[109.2786,24.0472],[109.1469,24.0228],[108.9721,24.1298],[108.9169,24.255]]]]}},{"type":"Feature","properties":{"name":"崇左","adcode":451400,"center":[107.353926,22.404108]},"bbox":[106.5623,21.5985,108.1157,23.3515],"geometry":{"type":"MultiPolygon","coordinates":[[[[106.6707,22.8891],[106.841,22.7996],[106.7683,22.7386],[106.7263,22.5841],[106.6145,22.6021],[106.5623,22.4624],[106.5628,22.3455],[106.6938,22.2757],[106.6859,21.9772],[106.751,22.0129],[106.9588,21.9221],[107.0207,21.9442],[107.0617,21.8935],[107.0178,21.8193],[107.2161,21.7104],[107.3023,21.7392],[107.3648,21.5985],[107.5573,21.7245],[107.543,21.8881],[107.6786,22.0819],[107.6325,22.1894],[107.8983,22.2044],[108.1157,22.3886],[107.9862,22.5046],[108.0061,22.6076],[108.1033,22.6432],[108.0858,22.702],[108.0485,22.6564],[107.9987,22.6943],[108.0333,22.7765],[107.7123,22.9492],[107.6378,22.9477],[107.6924,22.862],[107.614,22.9042],[107.5042,22.8454],[107.4783,23.0316],[107.3377,23.0475],[107.3877,23.0915],[107.3303,23.1374],[107.3857,23.2444],[107.3034,23.3515],[107.1164,23.2836],[106.9629,23.2989],[106.7795,23.1806],[106.7978,23.0237],[106.6707,22.8891]]]]}},{"type":"Feature","properties":{"name":"海口","adcode":460100,"center":[110.33119,20.031971]},"bbox":[110.1065,19.5491,110.6996,20.1091],"geometry":{"type":"MultiPolygon","coordinates":[[[[110.1065,20.0269],[110.1619,19.9777],[110.1439,19.8891],[110.2224,19.6797],[110.34,19.7206],[110.4557,19.5746],[110.6413,19.5491],[110.6728,19.6472],[110.623,19.7355],[110.6996,19.8615],[110.5266,20.0752],[110.3185,20.1091],[110.2933,20.0596],[110.1444,20.0744],[110.1065,20.0269]]]]}},{"type":"Feature","properties":{"name":"三亚","adcode":460200,"center":[109.508268,18.247872]},"bbox":[108.9324,18.1436,109.81,18.6234],"geometry":{"type":"MultiPolygon","coordinates":[[[[108.9324,18.3353],[109.1083,18.3238],[109.1387,18.2678],[109.2881,18.2649],[109.5617,18.1436],[109.7499,18.1933],[109.81,18.4594],[109.7812,18.5111],[109.6659,18.3915],[109.5399,18.3967],[109.5352,18.5314],[109.4051,18.6234],[109.3133,18.5174],[109.2036,18.5535],[109.1951,18.4694],[109.0726,18.4522],[108.9324,18.3353]]]]}},{"type":"Feature","properties":{"name":"三沙","adcode":460300,"center":[112.34882,16.831039]},"bbox":[109.464,3.8401,117.8328,19.5289],"geometry":{"type":"MultiPolygon","coordinates":[[[[113.266,8.1261],[113.3498,8.1725],[113.3863,8.2893],[113.266,8.1261]]],[[[111.4631,17.0776],[111.5383,17.0941],[111.5591,17.0877],[111.4631,17.0776]]],[[[117.7083,15.1826],[117.7269,15.1055],[117.8275,15.1117],[117.7252,15.1312],[117.7486,15.2298],[117.7083,15.1826]]],[[[111.7345,16.1974],[111.8221,16.2385],[111.6849,16.257],[111.7849,16.2531],[111.7345,16.1974]]],[[[113.8969,7.6071],[114.059,7.5378],[114.3684,7.6387],[114.4201,7.7658],[114.5404,7.862],[114.5407,7.9455],[114.4146,7.9528],[113.8969,7.6071]]],[[[111.6495,16.2557],[111.5683,16.1628],[111.6908,16.2109],[111.6066,16.1778],[111.6495,16.2557]]],[[[113.977,8.8727],[114.0353,8.7839],[114.0601,8.8164],[113.977,8.8727]]],[[[113.9558,8.8404],[113.9752,8.7929],[114.0118,8.7987],[113.9558,8.8404]]],[[[111.9744,16.3238],[111.9957,16.307],[112.0749,16.3497],[111.9744,16.3238]]],[[[111.739,16.4589],[111.7867,16.5201],[111.7445,16.5518],[111.739,16.4589]]],[[[114.1942,8.7645],[114.2103,8.7123],[114.2493,8.7305],[114.1942,8.7645]]],[[[112.2327,16.9963],[112.2225,16.9606],[112.2933,16.9678],[112.2327,16.9963]]],[[[115.8375,9.7097],[115.8673,9.6502],[115.901,9.671],[115.9256,9.7815],[115.8375,9.7097]]],[[[114.6174,9.9654],[114.642,9.9173],[114.6858,9.9791],[114.6174,9.9654]]],[[[114.6897,10.3457],[114.7259,10.3191],[114.7453,10.3744],[114.6897,10.3457]]],[[[109.464,7.3446],[109.5133,7.3203],[109.7094,7.5109],[109.9488,7.523],[109.653,7.5596],[109.464,7.3446]]],[[[113.7694,7.6369],[113.7737,7.6018],[113.834,7.6162],[113.7694,7.6369]]],[[[116.2735,8.8797],[116.2941,8.8581],[116.3321,8.901],[116.2735,8.8797]]],[[[112.4766,16.0014],[112.6122,16.0394],[112.4622,16.0441],[112.4766,16.0014]]],[[[112.5375,8.8464],[112.5708,8.8154],[112.6398,8.8185],[112.5375,8.8464]]],[[[115.1801,8.3767],[115.1943,8.3553],[115.2628,8.3434],[115.1801,8.3767]]],[[[114.4693,10.836],[114.5652,10.8365],[114.5873,10.9091],[114.4693,10.836]]],[[[112.4094,16.2953],[112.3835,16.2658],[112.5388,16.289],[112.4094,16.2953]]],[[[112.3489,16.9118],[112.334,16.9625],[112.3038,16.9603],[112.3489,16.9118]]],[[[111.4999,16.452],[111.546,16.4346],[111.5507,16.4534],[111.4999,16.452]]],[[[115.5001,9.8982],[115.5485,9.8689],[115.5813,9.9172],[115.5001,9.8982]]],[[[116.4887,10.396],[116.467,10.3089],[116.6448,10.3349],[116.515,10.3493],[116.5424,10.42],[116.4887,10.396]]],[[[113.8947,8.005],[113.9706,7.9447],[113.94,8.0182],[113.8947,8.005]]],[[[114.5079,8.1202],[114.5208,8.1032],[114.6245,8.1494],[114.5079,8.1202]]],[[[114.67,8.2103],[114.6912,8.1851],[114.7416,8.1894],[114.67,8.2103]]],[[[115.432,9.3649],[115.4701,9.3591],[115.4562,9.417],[115.432,9.3649]]],[[[113.6381,8.9767],[113.6545,8.962],[113.7307,9.0039],[113.6381,8.9767]]],[[[116.4573,9.1746],[116.4819,9.1369],[116.4905,9.1839],[116.4573,9.1746]]],[[[112.5836,4.9702],[112.6033,4.9398],[112.6414,4.9866],[112.5836,4.9702]]],[[[113.9393,8.875],[113.912,8.8891],[113.8936,8.8626],[113.9393,8.875]]],[[[112.0109,3.8498],[112.0553,3.8401],[112.037,3.879],[112.0109,3.8498]]],[[[109.9363,7.8484],[110.0502,7.8465],[110.0779,7.9495],[109.9363,7.8484]]],[[[114.6972,11.0044],[114.7933,11.0763],[114.7666,11.1102],[114.6972,11.0044]]],[[[114.9106,10.863],[114.9309,10.8418],[114.9602,10.902],[114.9106,10.863]]],[[[111.573,16.47],[111.6142,16.4404],[111.5924,16.4907],[111.573,16.47]]],[[[114.6198,11.432],[114.6618,11.5226],[114.6198,11.5158],[114.6198,11.432]]],[[[112.5075,16.466],[112.5867,16.5256],[112.5753,16.5372],[112.5075,16.466]]],[[[114.7917,8.161],[114.7771,8.114],[114.8119,8.1104],[114.7917,8.161]]],[[[116.7269,11.5017],[116.765,11.4302],[116.7722,11.4455],[116.7269,11.5017]]],[[[111.6905,16.5876],[111.7277,16.5595],[111.717,16.5942],[111.6905,16.5876]]],[[[113.846,10.0187],[113.8654,10.0032],[113.8725,10.1229],[113.846,10.0187]]],[[[111.7617,16.0618],[111.7767,16.0297],[111.8284,16.0494],[111.7617,16.0618]]],[[[112.6136,5.0382],[112.6569,4.9978],[112.6627,5.0254],[112.6136,5.0382]]],[[[115.9773,9.3222],[115.9264,9.3113],[115.9429,9.2698],[115.9773,9.3222]]],[[[113.6603,9.231],[113.677,9.2027],[113.6972,9.2257],[113.6603,9.231]]],[[[114.7032,16.1704],[114.8162,16.1985],[114.8029,16.2148],[114.7032,16.1704]]],[[[115.2827,10.1917],[115.2908,10.1713],[115.3334,10.2003],[115.2827,10.1917]]],[[[114.6658,7.59],[114.6879,7.5646],[114.7242,7.6069],[114.6658,7.59]]],[[[115.2578,8.5097],[115.2685,8.4779],[115.2961,8.5111],[115.2578,8.5097]]],[[[110.4598,8.1164],[110.4712,8.0722],[110.5543,8.0936],[110.5998,8.1569],[110.4598,8.1164]]],[[[113.222,8.074],[113.2835,8.1109],[113.261,8.1165],[113.222,8.074]]],[[[114.2425,10.2419],[114.263,10.2398],[114.3125,10.3008],[114.2425,10.2419]]],[[[114.493,10.7172],[114.5628,10.7782],[114.5392,10.7935],[114.493,10.7172]]],[[[114.6888,11.4692],[114.7306,11.4289],[114.7205,11.4918],[114.6888,11.4692]]],[[[116.6383,10.5041],[116.7085,10.4928],[116.6992,10.5175],[116.6383,10.5041]]],[[[117.7709,10.7736],[117.7987,10.7533],[117.8328,10.8365],[117.7709,10.7736]]],[[[112.4628,5.0299],[112.5065,5.0052],[112.4991,5.0344],[112.4628,5.0299]]],[[[112.222,3.8806],[112.2666,3.8726],[112.2433,3.9067],[112.222,3.8806]]],[[[112.2488,3.9452],[112.2849,3.9477],[112.2592,3.9736],[112.2488,3.9452]]],[[[115.5095,8.4907],[115.5543,8.4611],[115.5589,8.523],[115.5095,8.4907]]],[[[110.4606,7.7999],[110.4877,7.7834],[110.5116,7.8058],[110.4606,7.7999]]],[[[110.609,8.0109],[110.6426,7.989],[110.6418,8.031],[110.609,8.0109]]],[[[111.5391,7.5443],[111.6123,7.5923],[111.5635,7.6026],[111.5391,7.5443]]],[[[111.9255,8.0709],[112.0187,8.0656],[111.9546,8.1062],[111.9255,8.0709]]],[[[112.346,8.9261],[112.3927,8.9196],[112.385,8.9471],[112.346,8.9261]]],[[[117.2579,10.3206],[117.2993,10.314],[117.2747,10.3582],[117.2579,10.3206]]],[[[114.213,16.0407],[114.3078,16.0341],[114.3065,16.0576],[114.213,16.0407]]],[[[114.0666,10.9178],[114.1099,10.9183],[114.1012,10.9468],[114.0666,10.9178]]],[[[111.6582,8.6727],[111.6658,8.6228],[111.7179,8.6498],[111.6582,8.6727]]],[[[116.0808,10.8049],[116.1116,10.791],[116.0975,10.8299],[116.0808,10.8049]]],[[[114.8541,7.2443],[114.8199,7.1929],[114.8696,7.1987],[114.8541,7.2443]]],[[[113.5997,6.9621],[113.5765,6.9227],[113.6081,6.9202],[113.5997,6.9621]]],[[[112.5275,5.7944],[112.563,5.7592],[112.5619,5.8207],[112.5275,5.7944]]],[[[114.8683,7.9837],[114.8837,7.9548],[114.9201,7.9727],[114.8683,7.9837]]],[[[111.6705,7.6513],[111.7074,7.6488],[111.7265,7.7302],[111.6705,7.6513]]],[[[114.5988,8.846],[114.6455,8.8447],[114.6654,8.8999],[114.5988,8.846]]],[[[116.0455,10.0955],[116.0702,10.064],[116.0961,10.0935],[116.0455,10.0955]]],[[[117.2668,10.6917],[117.4186,10.7026],[117.3693,10.7424],[117.2668,10.6917]]],[[[112.5232,5.6561],[112.5658,5.6305],[112.5616,5.6771],[112.5232,5.6561]]],[[[112.5832,5.5616],[112.6144,5.4655],[112.6394,5.48],[112.5832,5.5616]]],[[[112.651,5.1069],[112.653,5.0603],[112.7189,5.0758],[112.651,5.1069]]],[[[111.6388,7.9072],[111.7074,7.8862],[111.7136,7.9274],[111.6388,7.9072]]],[[[112.892,7.8442],[112.9296,7.8278],[112.932,7.8675],[112.892,7.8442]]],[[[112.2443,8.8745],[112.2815,8.8548],[112.2884,8.8856],[112.2443,8.8745]]],[[[117.3482,10.0904],[117.3852,10.0636],[117.3738,10.1066],[117.3482,10.0904]]],[[[116.6949,16.3455],[116.7136,16.2967],[116.7476,16.3217],[116.7477,16.3605],[116.6949,16.3455]]],[[[114.4484,16.0341],[114.5217,16.0565],[114.4654,16.0674],[114.4484,16.0341]]],[[[112.9932,19.4723],[113.0388,19.4805],[113.0291,19.5289],[112.9932,19.4723]]],[[[113.8321,19.1584],[113.9147,19.1722],[113.9204,19.2235],[113.8068,19.2231],[113.8321,19.1584]]],[[[112.5571,5.1095],[112.5693,5.0718],[112.6108,5.0917],[112.5571,5.1095]]],[[[112.9072,4.9928],[112.9437,4.9916],[112.9526,5.0481],[112.9072,4.9928]]],[[[115.3618,13.9489],[115.3977,13.925],[115.4386,13.9435],[115.3618,13.9489]]],[[[112.2265,16.7594],[112.2621,16.7781],[112.2108,16.796],[112.2265,16.7594]]],[[[112.2336,15.696],[112.2518,15.743],[112.2036,15.7143],[112.2336,15.696]]],[[[112.6119,5.3678],[112.6402,5.348],[112.691,5.4067],[112.6119,5.3678]]],[[[114.9491,7.509],[115.0121,7.4848],[115.0139,7.526],[114.9491,7.509]]],[[[111.5537,7.8078],[111.5852,7.7714],[111.6197,7.8405],[111.5537,7.8078]]],[[[114.9262,16.0367],[114.8955,16.0362],[114.911,16.002],[114.9262,16.0367]]],[[[116.7495,9.0566],[116.6993,9.0489],[116.7406,9.0286],[116.7495,9.0566]]],[[[113.9386,15.8353],[113.9732,15.8056],[113.9706,15.8393],[113.9386,15.8353]]],[[[112.6463,16.3857],[112.6818,16.4008],[112.6599,16.4267],[112.6463,16.3857]]],[[[115.7582,10.4611],[115.7763,10.4347],[115.802,10.4636],[115.7582,10.4611]]],[[[112.512,9.5448],[112.5083,9.5257],[112.5687,9.5169],[112.512,9.5448]]],[[[114.6102,15.6494],[114.5813,15.6255],[114.611,15.6153],[114.6102,15.6494]]],[[[117.2994,11.0776],[117.2643,11.0628],[117.3045,11.0273],[117.2994,11.0776]]],[[[117.6908,11.0488],[117.6534,11.0462],[117.6903,11.0166],[117.6908,11.0488]]],[[[114.1668,9.3846],[114.1753,9.3422],[114.1942,9.3915],[114.1668,9.3846]]]]}},{"type":"Feature","properties":{"name":"儋州","adcode":460400,"center":[109.576782,19.517486]},"bbox":[108.9287,19.179,109.7694,19.9178],"geometry":{"type":"MultiPolygon","coordinates":[[[[108.9287,19.5243],[108.9974,19.4315],[109.0514,19.4878],[109.2677,19.3768],[109.4244,19.3548],[109.4838,19.4061],[109.4684,19.3012],[109.5416,19.3119],[109.687,19.179],[109.7134,19.3099],[109.6464,19.4024],[109.752,19.417],[109.7694,19.5785],[109.5829,19.6376],[109.5646,19.8549],[109.3081,19.9178],[108.9287,19.5243]]]]}},{"type":"Feature","properties":{"name":"五指山","adcode":469001,"center":[109.516662,18.776921]},"bbox":[109.3264,18.6277,109.7305,19.031],"geometry":{"type":"MultiPolygon","coordinates":[[[[109.7154,18.8337],[109.7305,18.9136],[109.6015,18.9103],[109.524,19.031],[109.3264,18.9263],[109.408,18.6277],[109.703,18.7218],[109.7154,18.8337]]]]}},{"type":"Feature","properties":{"name":"琼海","adcode":469002,"center":[110.466785,19.246011]},"bbox":[110.1152,18.9763,110.73,19.4684],"geometry":{"type":"MultiPolygon","coordinates":[[[[110.6106,19.0844],[110.73,19.3789],[110.6046,19.3504],[110.5462,19.4684],[110.3687,19.3918],[110.3444,19.2284],[110.1509,19.2084],[110.1152,19.1332],[110.1586,18.9994],[110.2499,18.9763],[110.4775,19.0969],[110.6106,19.0844]]]]}},{"type":"Feature","properties":{"name":"文昌","adcode":469005,"center":[110.753975,19.612986]},"bbox":[110.4699,19.3504,111.0713,20.1635],"geometry":{"type":"MultiPolygon","coordinates":[[[[110.73,19.3789],[111.0713,19.6289],[110.9696,20.0102],[110.8087,20.0357],[110.6871,20.1635],[110.5266,20.0752],[110.6996,19.8615],[110.623,19.7355],[110.6728,19.6472],[110.6413,19.5491],[110.4699,19.5314],[110.6046,19.3504],[110.73,19.3789]]]]}},{"type":"Feature","properties":{"name":"万宁","adcode":469006,"center":[110.388793,18.796216]},"bbox":[110.015,18.5788,110.6106,19.0969],"geometry":{"type":"MultiPolygon","coordinates":[[[[110.1586,18.9994],[110.0453,18.8848],[110.0958,18.8115],[110.015,18.7329],[110.0208,18.6589],[110.2139,18.5788],[110.4953,18.65],[110.5008,18.7527],[110.5779,18.7846],[110.6106,19.0844],[110.4775,19.0969],[110.2499,18.9763],[110.1586,18.9994]]]]}},{"type":"Feature","properties":{"name":"东方","adcode":469007,"center":[108.653789,19.10198]},"bbox":[108.5932,18.7168,109.1252,19.3493],"geometry":{"type":"MultiPolygon","coordinates":[[[[109.1252,18.8784],[109.0989,19.0283],[109.0088,19.05],[108.9549,19.2189],[108.7041,19.2627],[108.6448,19.3493],[108.5932,18.8094],[108.6598,18.7168],[109.0711,18.8075],[109.1252,18.8784]]]]}},{"type":"Feature","properties":{"name":"定安县","adcode":469021,"center":[110.349235,19.684966]},"bbox":[110.1313,19.2217,110.5462,19.7206],"geometry":{"type":"MultiPolygon","coordinates":[[[[110.2249,19.2217],[110.3444,19.2284],[110.3687,19.3918],[110.5462,19.4684],[110.4699,19.5314],[110.5193,19.5633],[110.4012,19.6066],[110.3934,19.6981],[110.34,19.7206],[110.2216,19.6298],[110.1313,19.648],[110.1373,19.5603],[110.1922,19.5892],[110.243,19.5177],[110.1645,19.4261],[110.2249,19.2217]]]]}},{"type":"Feature","properties":{"name":"屯昌县","adcode":469022,"center":[110.102773,19.362916]},"bbox":[109.8227,19.1332,110.243,19.5892],"geometry":{"type":"MultiPolygon","coordinates":[[[[110.1152,19.1332],[110.1509,19.2084],[110.2249,19.2217],[110.1657,19.3615],[110.243,19.5177],[110.1922,19.5892],[110.0458,19.456],[109.9383,19.4857],[109.9129,19.3917],[109.8264,19.3431],[109.8227,19.2896],[109.9576,19.1886],[110.1152,19.1332]]]]}},{"type":"Feature","properties":{"name":"澄迈县","adcode":469023,"center":[110.007147,19.737095]},"bbox":[109.7282,19.3917,110.2624,20.0269],"geometry":{"type":"MultiPolygon","coordinates":[[[[110.1373,19.5603],[110.1313,19.648],[110.2216,19.6298],[110.2624,19.6873],[110.2224,19.6797],[110.1439,19.8891],[110.1619,19.9777],[110.1065,20.0269],[109.855,19.9842],[109.8795,19.8853],[109.8423,19.8714],[109.8971,19.7793],[109.7282,19.496],[109.7377,19.4075],[109.9129,19.3917],[109.9383,19.4857],[110.0458,19.456],[110.1373,19.5603]]]]}},{"type":"Feature","properties":{"name":"临高县","adcode":469024,"center":[109.687697,19.908293]},"bbox":[109.4987,19.5785,109.8971,20.0174],"geometry":{"type":"MultiPolygon","coordinates":[[[[109.855,19.9842],[109.7123,20.0174],[109.5266,19.9435],[109.4987,19.8733],[109.5646,19.8549],[109.5829,19.6376],[109.7694,19.5785],[109.8527,19.6526],[109.8971,19.7793],[109.8423,19.8714],[109.8795,19.8853],[109.855,19.9842]]]]}},{"type":"Feature","properties":{"name":"白沙黎族自治县","adcode":469025,"center":[109.452606,19.224584]},"bbox":[109.0437,18.9362,109.687,19.4878],"geometry":{"type":"MultiPolygon","coordinates":[[[[109.2982,18.9609],[109.3677,18.9362],[109.4684,19.0323],[109.6014,19.0535],[109.687,19.179],[109.5416,19.3119],[109.4684,19.3012],[109.4838,19.4061],[109.4244,19.3548],[109.2677,19.3768],[109.0514,19.4878],[109.0437,19.3428],[109.1428,19.2657],[109.1771,19.0834],[109.2712,19.0674],[109.2982,18.9609]]]]}},{"type":"Feature","properties":{"name":"昌江黎族自治县","adcode":469026,"center":[109.053351,19.260968]},"bbox":[108.6448,18.8784,109.2712,19.5243],"geometry":{"type":"MultiPolygon","coordinates":[[[[109.0448,19.4304],[108.9287,19.5243],[108.6448,19.3493],[108.7041,19.2627],[108.9549,19.2189],[109.0088,19.05],[109.0989,19.0283],[109.1252,18.8784],[109.2655,18.9059],[109.2712,19.0674],[109.1771,19.0834],[109.0448,19.4304]]]]}},{"type":"Feature","properties":{"name":"乐东黎族自治县","adcode":469027,"center":[109.175444,18.74758]},"bbox":[108.645,18.3353,109.4051,18.9609],"geometry":{"type":"MultiPolygon","coordinates":[[[[109.4051,18.6234],[109.3485,18.9463],[109.2982,18.9609],[109.2655,18.9059],[109.1418,18.9044],[109.0711,18.8075],[108.6598,18.7168],[108.645,18.4867],[108.8813,18.4166],[108.9324,18.3353],[109.0726,18.4522],[109.1951,18.4694],[109.2036,18.5535],[109.3133,18.5174],[109.4051,18.6234]]]]}},{"type":"Feature","properties":{"name":"陵水黎族自治县","adcode":469028,"center":[110.037218,18.505006]},"bbox":[109.7562,18.3475,110.2139,18.7889],"geometry":{"type":"MultiPolygon","coordinates":[[[[110.015,18.7329],[109.9441,18.7719],[109.8307,18.7286],[109.7562,18.7889],[109.8397,18.6786],[109.8288,18.5112],[109.7812,18.5111],[109.8054,18.3475],[110.0708,18.3762],[110.1166,18.5066],[110.2139,18.5788],[110.0208,18.6589],[110.015,18.7329]]]]}},{"type":"Feature","properties":{"name":"保亭黎族苗族自治县","adcode":469029,"center":[109.70245,18.636371]},"bbox":[109.4051,18.3915,109.8397,18.8337],"geometry":{"type":"MultiPolygon","coordinates":[[[[109.7154,18.8337],[109.703,18.7218],[109.4051,18.6234],[109.5352,18.5314],[109.5399,18.3967],[109.6659,18.3915],[109.7252,18.4931],[109.8288,18.5112],[109.8397,18.6786],[109.7154,18.8337]]]]}},{"type":"Feature","properties":{"name":"琼中黎族苗族自治县","adcode":469030,"center":[109.839996,19.03557]},"bbox":[109.524,18.7286,110.1586,19.4024],"geometry":{"type":"MultiPolygon","coordinates":[[[[109.8764,19.3869],[109.6464,19.4024],[109.7134,19.3099],[109.6877,19.1188],[109.524,19.031],[109.6015,18.9103],[109.7305,18.9136],[109.7154,18.8337],[109.8307,18.7286],[109.9441,18.7719],[110.015,18.7329],[110.0958,18.8115],[110.0453,18.8848],[110.1586,18.9994],[110.1152,19.1332],[109.8227,19.2896],[109.8764,19.3869]]]]}},{"type":"Feature","properties":{"name":"成都","adcode":510100,"center":[104.065735,30.659462]},"bbox":[102.9929,30.0897,104.8928,31.4344],"geometry":{"type":"MultiPolygon","coordinates":[[[[103.9593,30.3207],[104.1166,30.2272],[104.193,30.3298],[104.2323,30.3138],[104.2309,30.2562],[104.4284,30.0897],[104.4844,30.1815],[104.6531,30.2402],[104.6436,30.283],[104.8488,30.3069],[104.8928,30.5416],[104.8191,30.5801],[104.8427,30.6494],[104.6984,30.8256],[104.5208,30.8825],[104.5119,30.9359],[104.15,30.9131],[104.1669,30.9934],[104.0198,31.104],[103.8916,31.308],[103.8976,31.4164],[103.7872,31.4344],[103.5695,31.3385],[103.5832,31.1914],[103.4514,30.8926],[103.3053,30.8105],[103.1991,30.8457],[102.9929,30.7783],[103.1316,30.6547],[103.1859,30.5119],[103.0615,30.2705],[103.1472,30.207],[103.3139,30.2604],[103.3703,30.2283],[103.3952,30.0949],[103.4625,30.096],[103.4509,30.1322],[103.4862,30.1041],[103.5338,30.1781],[103.6495,30.1998],[103.7947,30.3459],[103.9593,30.3207]]],[[[104.1072,31.032],[104.107,31.0323],[104.1064,31.0318],[104.1072,31.032]]],[[[103.4439,30.1201],[103.4396,30.1196],[103.4396,30.1195],[103.4439,30.1201]]],[[[104.2327,30.2819],[104.2315,30.2822],[104.2318,30.2805],[104.2327,30.2819]]]]}},{"type":"Feature","properties":{"name":"自贡","adcode":510300,"center":[104.773447,29.352765]},"bbox":[104.0527,28.9364,105.2693,29.6334],"geometry":{"type":"MultiPolygon","coordinates":[[[[104.1769,29.1957],[104.1914,29.2359],[104.256,29.2123],[104.2491,29.2614],[104.4426,29.2385],[104.5409,29.1434],[104.692,29.1993],[104.7202,28.9967],[104.9418,29.0589],[105.0738,28.9364],[105.2676,28.9391],[105.2693,29.0097],[105.1879,29.0273],[105.2669,29.1886],[105.0353,29.3829],[105.0843,29.4223],[105.0443,29.4809],[104.9619,29.4166],[104.874,29.4709],[104.7508,29.4536],[104.76,29.3748],[104.7109,29.3614],[104.6198,29.4448],[104.5357,29.4186],[104.4741,29.6093],[104.3949,29.621],[104.3407,29.5657],[104.1822,29.6334],[104.1495,29.4706],[104.0527,29.4567],[104.1608,29.3799],[104.0765,29.3236],[104.1394,29.3075],[104.1097,29.2419],[104.1769,29.1957]]],[[[104.1503,29.472],[104.1492,29.4723],[104.1492,29.4708],[104.1503,29.472]]],[[[104.1667,29.4965],[104.166,29.4965],[104.1663,29.496],[104.1667,29.4965]]]]}},{"type":"Feature","properties":{"name":"攀枝花","adcode":510400,"center":[101.716007,26.580446]},"bbox":[101.1374,26.0824,102.2407,27.3405],"geometry":{"type":"MultiPolygon","coordinates":[[[[101.8399,26.0824],[101.8407,26.1601],[101.9068,26.1914],[101.929,26.4195],[102.0295,26.4341],[102.0386,26.5717],[101.9819,26.7359],[101.9205,26.6355],[101.9127,26.7233],[101.7075,26.8737],[101.6989,26.9444],[101.8174,27.1017],[101.682,27.1504],[101.6593,27.3136],[101.5985,27.3405],[101.3943,27.1452],[101.3156,27.1975],[101.1681,27.1652],[101.1374,27.0223],[101.3654,26.8837],[101.3897,26.7231],[101.5133,26.7686],[101.4066,26.5564],[101.6356,26.3961],[101.6604,26.3108],[101.5944,26.2616],[101.7357,26.22],[101.8399,26.0824]]],[[[102.1821,26.8126],[102.2407,27.1066],[102.1611,27.1822],[102.0341,27.0762],[101.9388,27.104],[101.8968,27.2671],[101.8704,27.1297],[101.6989,26.9444],[101.7312,26.8359],[101.9167,26.7031],[102.0457,26.7375],[102.1147,26.6341],[102.1957,26.7446],[102.1821,26.8126]]],[[[102.205,26.8522],[102.1563,26.8477],[102.2156,26.8136],[102.205,26.8522]]]]}},{"type":"Feature","properties":{"name":"泸州","adcode":510500,"center":[105.443348,28.889138]},"bbox":[105.1451,27.66,106.3789,29.3144],"geometry":{"type":"MultiPolygon","coordinates":[[[[105.4201,29.3144],[105.3182,29.2636],[105.1888,29.0566],[105.2693,29.0097],[105.2676,28.9391],[105.1451,28.9423],[105.2405,28.7748],[105.1679,28.6504],[105.2375,28.5235],[105.1911,28.4458],[105.3201,28.428],[105.2877,28.3692],[105.3581,28.1535],[105.1676,28.0236],[105.2709,27.9958],[105.2349,27.8989],[105.2448,27.8225],[105.3142,27.8194],[105.2906,27.7125],[105.4771,27.7748],[105.6431,27.66],[106.3418,27.8202],[106.3284,27.958],[106.2463,28.012],[106.2666,28.0666],[106.2071,28.1342],[105.876,28.1282],[105.889,28.2385],[105.7857,28.3365],[105.73,28.2721],[105.6395,28.3242],[105.6098,28.474],[105.7475,28.6159],[105.9059,28.611],[105.8895,28.6705],[105.9678,28.7617],[106.3789,28.4797],[106.2649,28.8461],[106.1735,28.9208],[106.0493,28.9064],[106.0009,28.974],[105.9095,28.9002],[105.7975,28.9359],[105.7045,29.1757],[105.7159,29.2908],[105.6079,29.2558],[105.4201,29.3144]]],[[[105.2256,28.099],[105.2202,28.0919],[105.227,28.0949],[105.2256,28.099]]],[[[105.3847,29.2836],[105.3847,29.2833],[105.3834,29.282],[105.3847,29.2836]]],[[[105.2307,28.451],[105.2295,28.4515],[105.2287,28.4496],[105.2307,28.451]]]]}},{"type":"Feature","properties":{"name":"德阳","adcode":510600,"center":[104.398651,31.127991]},"bbox":[103.7958,30.5293,105.1687,31.6935],"geometry":{"type":"MultiPolygon","coordinates":[[[[105.1687,30.7064],[104.9985,30.8059],[104.9316,30.9458],[104.8415,30.9465],[104.789,31.1303],[104.7197,31.1627],[104.7488,31.2751],[104.6774,31.2668],[104.5237,31.4426],[104.4785,31.3851],[104.3474,31.3818],[104.1557,31.5191],[104.094,31.6935],[103.9282,31.6396],[103.8982,31.5129],[103.8578,31.5385],[103.7958,31.4718],[103.8287,31.4125],[103.8976,31.4164],[103.8916,31.308],[104.0198,31.104],[104.1669,30.9934],[104.15,30.9131],[104.5119,30.9359],[104.5208,30.8825],[104.6984,30.8256],[104.7885,30.7213],[104.8473,30.6311],[104.8191,30.5801],[104.9109,30.6257],[104.9839,30.5293],[105.079,30.5431],[105.1687,30.7064]]],[[[104.8768,30.9373],[104.8752,30.9361],[104.8757,30.9346],[104.8768,30.9373]]],[[[104.8946,30.9369],[104.8935,30.935],[104.8937,30.9362],[104.8946,30.9369]]],[[[104.9048,30.9434],[104.906,30.9396],[104.9064,30.94],[104.9048,30.9434]]],[[[104.7567,31.1461],[104.7561,31.1451],[104.7564,31.1444],[104.7567,31.1461]]]]}},{"type":"Feature","properties":{"name":"绵阳","adcode":510700,"center":[104.741722,31.46402]},"bbox":[103.7549,30.7063,105.7214,33.0347],"geometry":{"type":"MultiPolygon","coordinates":[[[[105.4592,31.527],[105.333,31.6303],[105.3153,31.7186],[105.2536,31.7073],[105.3077,31.7713],[105.1832,31.9113],[105.1742,31.9995],[105.2519,31.9829],[105.2862,32.1088],[105.2476,32.3205],[104.9953,32.2476],[104.9746,32.3346],[104.7739,32.4001],[104.7548,32.5264],[104.619,32.6008],[104.6358,32.6685],[104.5828,32.7222],[103.9865,33.0347],[103.9715,32.8397],[104.101,32.8482],[104.1828,32.6634],[104.1748,32.5313],[104.0951,32.4677],[104.1294,32.5305],[104.0659,32.631],[103.8904,32.639],[103.8449,32.5841],[103.907,32.5105],[103.8892,32.3649],[104.131,32.223],[104.2115,32.2984],[104.2575,32.2147],[104.1819,32.1966],[104.1529,32.1259],[103.8507,32.1613],[103.7549,31.9643],[103.9206,31.9422],[103.9755,31.856],[104.1522,31.8159],[104.171,31.7323],[104.094,31.6935],[104.1557,31.5191],[104.3757,31.3738],[104.5237,31.4426],[104.6774,31.2668],[104.7488,31.2751],[104.7197,31.1627],[104.789,31.1303],[104.8415,30.9465],[104.9316,30.9458],[104.9985,30.8059],[105.158,30.7063],[105.272,30.7514],[105.1773,30.9602],[105.2239,31.1077],[105.3813,31.1529],[105.4107,31.0725],[105.5958,30.9726],[105.7141,31.0393],[105.7214,31.1504],[105.5942,31.2998],[105.6416,31.3948],[105.4988,31.4025],[105.4592,31.527]]]]}},{"type":"Feature","properties":{"name":"广元","adcode":510800,"center":[105.829757,32.433668]},"bbox":[104.619,31.527,106.7762,32.9326],"geometry":{"type":"MultiPolygon","coordinates":[[[[105.4592,31.527],[105.4984,31.5742],[105.6184,31.5536],[105.7261,31.7266],[105.8653,31.6148],[106.0781,31.6972],[106.1304,31.8293],[106.2113,31.7708],[106.3355,31.8485],[106.4063,31.8083],[106.4455,31.9772],[106.5592,32.0827],[106.5646,32.2275],[106.7762,32.2969],[106.689,32.348],[106.6403,32.6873],[106.4205,32.6167],[106.1199,32.7196],[106.062,32.7673],[106.0936,32.8237],[106.0217,32.8575],[105.8311,32.8261],[105.8227,32.7716],[105.5964,32.6993],[105.4563,32.9326],[105.3808,32.8788],[105.4489,32.7327],[105.1439,32.6012],[104.6358,32.6685],[104.619,32.6008],[104.7548,32.5264],[104.7739,32.4001],[104.9746,32.3346],[104.9953,32.2476],[105.2476,32.3205],[105.2862,32.1088],[105.2519,31.9829],[105.1742,31.9995],[105.1832,31.9113],[105.3077,31.7713],[105.2536,31.7073],[105.3153,31.7186],[105.333,31.6303],[105.4592,31.527]]],[[[106.4198,31.9175],[106.4275,31.915],[106.4287,31.9228],[106.4198,31.9175]]]]}},{"type":"Feature","properties":{"name":"遂宁","adcode":510900,"center":[105.571331,30.513311]},"bbox":[105.0669,30.1735,106.0008,31.1606],"geometry":{"type":"MultiPolygon","coordinates":[[[[105.0669,30.5359],[105.1261,30.3415],[105.2583,30.2803],[105.4111,30.2956],[105.5799,30.1735],[105.6424,30.1864],[105.6251,30.2758],[105.7238,30.2547],[105.7917,30.4254],[106.0008,30.3763],[105.9542,30.5143],[105.8853,30.4589],[105.8468,30.4916],[105.8775,30.5474],[105.732,30.9057],[105.4107,31.0725],[105.3539,31.1606],[105.1748,31.046],[105.272,30.7514],[105.1687,30.7064],[105.0669,30.5359]]],[[[105.0939,30.3956],[105.0944,30.3963],[105.0944,30.3963],[105.0939,30.3956]]],[[[105.0751,30.4421],[105.0736,30.4421],[105.0742,30.4418],[105.0751,30.4421]]],[[[105.1982,30.3118],[105.1981,30.3118],[105.1971,30.3107],[105.1982,30.3118]]]]}},{"type":"Feature","properties":{"name":"内江","adcode":511000,"center":[105.066138,29.58708]},"bbox":[104.2696,29.1886,105.4431,30.0347],"geometry":{"type":"MultiPolygon","coordinates":[[[[104.4672,30.0347],[104.5031,29.8074],[104.3081,29.6951],[104.2696,29.6325],[104.3407,29.5657],[104.3949,29.621],[104.4888,29.6014],[104.5357,29.4186],[104.6198,29.4448],[104.7109,29.3614],[104.76,29.3748],[104.7508,29.4536],[104.874,29.4709],[104.9619,29.4166],[105.0443,29.4809],[105.0843,29.4223],[105.0353,29.3829],[105.2669,29.1886],[105.4201,29.3144],[105.4431,29.3991],[105.3245,29.4486],[105.2898,29.5526],[105.4239,29.6876],[105.3735,29.8246],[105.1256,29.8307],[105.0747,29.944],[104.9764,29.9932],[104.792,29.849],[104.7306,29.9485],[104.685,29.9644],[104.6737,29.9057],[104.4672,30.0347]]],[[[105.3879,29.2876],[105.3877,29.2876],[105.3862,29.2848],[105.3879,29.2876]]],[[[105.3648,29.2935],[105.3641,29.2929],[105.3641,29.2919],[105.3648,29.2935]]],[[[105.369,29.2878],[105.3665,29.2878],[105.3686,29.2859],[105.369,29.2878]]],[[[104.9054,29.9047],[104.9024,29.9072],[104.8995,29.9024],[104.9054,29.9047]]]]}},{"type":"Feature","properties":{"name":"乐山","adcode":511100,"center":[103.761263,29.582024]},"bbox":[102.909,28.4207,104.2511,29.9196],"geometry":{"type":"MultiPolygon","coordinates":[[[[104.1769,29.1957],[104.1097,29.2419],[104.1394,29.3075],[104.0765,29.3236],[104.1608,29.3799],[104.0527,29.4567],[104.1503,29.472],[104.1399,29.5897],[104.2511,29.6231],[104.2285,29.6762],[104.0894,29.7437],[104.0501,29.8685],[103.9277,29.8255],[103.8935,29.7425],[103.7047,29.7144],[103.7291,29.8493],[103.6778,29.9196],[103.5905,29.919],[103.5139,29.879],[103.5334,29.8416],[103.4329,29.8206],[103.4394,29.7709],[103.3157,29.7718],[103.296,29.6944],[103.3617,29.6618],[103.2678,29.5961],[103.2777,29.4856],[102.9835,29.4185],[102.9798,29.3206],[103.0318,29.2798],[102.9628,29.2508],[102.9286,29.1273],[102.9701,29.0651],[102.909,29.0216],[102.9382,28.74],[103.0325,28.6658],[103.1125,28.8124],[103.271,28.806],[103.3336,28.7219],[103.2466,28.5498],[103.3883,28.4207],[103.5306,28.6122],[103.6857,28.6348],[103.761,28.8159],[103.8305,28.8453],[103.9383,28.7643],[103.98,28.7921],[104.0847,28.9144],[104.0618,28.9654],[104.123,28.964],[104.1769,29.1957]]],[[[104.1313,29.4004],[104.1325,29.3996],[104.1332,29.3995],[104.1313,29.4004]]]]}},{"type":"Feature","properties":{"name":"南充","adcode":511300,"center":[106.082974,30.795281]},"bbox":[105.442,30.4589,106.9648,31.8463],"geometry":{"type":"MultiPolygon","coordinates":[[[[106.9648,31.2508],[106.8211,31.5479],[106.6475,31.5911],[106.6079,31.5067],[106.4607,31.5863],[106.3664,31.6966],[106.4245,31.7554],[106.3613,31.8463],[106.2621,31.7739],[106.1304,31.8293],[106.0781,31.6972],[105.8653,31.6148],[105.7261,31.7266],[105.6846,31.6089],[105.6081,31.5516],[105.4984,31.5742],[105.442,31.4805],[105.5241,31.3914],[105.6416,31.3948],[105.5942,31.2998],[105.6747,31.2495],[105.7262,31.1108],[105.7141,31.0393],[105.6139,30.9913],[105.7967,30.8009],[105.8853,30.4589],[105.934,30.5167],[105.9707,30.4771],[106.1128,30.5032],[106.1922,30.613],[106.1666,30.6483],[106.2375,30.6875],[106.2076,30.7229],[106.389,30.6799],[106.4876,30.788],[106.5876,30.7397],[106.6173,30.8278],[106.6752,30.8389],[106.6664,30.91],[106.9353,31.1166],[106.9648,31.2508]]],[[[105.9271,30.494],[105.917,30.4904],[105.9164,30.4694],[105.9271,30.494]]],[[[105.494,31.5516],[105.4937,31.5515],[105.4947,31.5503],[105.494,31.5516]]]]}},{"type":"Feature","properties":{"name":"眉山","adcode":511400,"center":[103.831788,30.048318]},"bbox":[102.8231,29.3978,104.5031,30.3578],"geometry":{"type":"MultiPolygon","coordinates":[[[[102.9754,29.3978],[103.0149,29.448],[103.1575,29.4256],[103.2777,29.4856],[103.2678,29.5961],[103.3617,29.6618],[103.296,29.6944],[103.3157,29.7718],[103.4394,29.7709],[103.4329,29.8206],[103.5905,29.919],[103.6778,29.9196],[103.7291,29.8493],[103.7047,29.7144],[103.8935,29.7425],[103.9277,29.8255],[104.0501,29.8685],[104.0894,29.7437],[104.2696,29.6325],[104.5031,29.8074],[104.4819,30.0867],[104.193,30.3298],[104.1166,30.2272],[103.9983,30.2645],[103.9422,30.3578],[103.7947,30.3459],[103.6495,30.1998],[103.5338,30.1781],[103.4862,30.1041],[103.4509,30.1322],[103.4625,30.096],[103.3023,30.0876],[103.226,29.9707],[103.1099,29.9156],[103.15,29.6724],[102.9288,29.711],[102.9144,29.5532],[102.8231,29.4657],[102.9754,29.3978]]],[[[103.5336,29.8607],[103.517,29.8583],[103.518,29.8434],[103.5336,29.8607]]],[[[103.9593,30.3207],[103.9543,30.3133],[103.9598,30.3116],[103.9593,30.3207]]],[[[104.4836,29.8541],[104.4831,29.8541],[104.4827,29.8526],[104.4836,29.8541]]]]}},{"type":"Feature","properties":{"name":"宜宾","adcode":511500,"center":[104.630825,28.760189]},"bbox":[103.6146,27.842,105.3581,29.2385],"geometry":{"type":"MultiPolygon","coordinates":[[[[103.782,28.5245],[103.8511,28.6671],[103.9425,28.603],[104.2415,28.6608],[104.4252,28.6267],[104.2483,28.5283],[104.2901,28.3147],[104.3848,28.3302],[104.4623,28.2416],[104.4023,28.2029],[104.451,28.1163],[104.2988,28.0439],[104.5809,27.842],[104.873,27.9059],[105.0592,28.0982],[105.177,28.0669],[105.3581,28.1535],[105.2877,28.3692],[105.3201,28.428],[105.1911,28.4458],[105.2375,28.5235],[105.1679,28.6504],[105.2405,28.7748],[105.204,28.8968],[104.9418,29.0589],[104.7202,28.9967],[104.692,29.1993],[104.5409,29.1434],[104.4426,29.2385],[104.1914,29.2359],[104.123,28.964],[104.0618,28.9654],[104.0847,28.9144],[103.98,28.7921],[103.9383,28.7643],[103.8305,28.8453],[103.761,28.8159],[103.6857,28.6348],[103.6146,28.6134],[103.7126,28.5529],[103.685,28.498],[103.7245,28.4715],[103.782,28.5245]]]]}},{"type":"Feature","properties":{"name":"广安","adcode":511600,"center":[106.633369,30.456398]},"bbox":[105.9502,30.0256,107.2877,30.8326],"geometry":{"type":"MultiPolygon","coordinates":[[[[106.9761,30.0836],[107.0593,30.0431],[107.2561,30.2638],[107.2197,30.437],[107.1641,30.4588],[107.2139,30.5012],[106.9835,30.4995],[107.0433,30.6428],[106.9493,30.6357],[106.8903,30.6977],[106.9495,30.7071],[106.7302,30.8326],[106.6173,30.8278],[106.5876,30.7397],[106.4876,30.788],[106.389,30.6799],[106.2076,30.7229],[106.2375,30.6875],[106.1666,30.6483],[106.1922,30.613],[106.1128,30.5032],[106.0394,30.5182],[105.9502,30.4529],[106.0008,30.3763],[106.1712,30.305],[106.2126,30.2031],[106.5603,30.3151],[106.6349,30.2657],[106.6115,30.228],[106.7324,30.0268],[106.9136,30.0256],[106.9761,30.0836]]],[[[107.2259,30.3801],[107.223,30.3778],[107.2268,30.3721],[107.2259,30.3801]]],[[[107.2554,30.3228],[107.2877,30.3631],[107.2723,30.3221],[107.2554,30.3228]]],[[[107.2416,30.3479],[107.2377,30.3422],[107.2409,30.3394],[107.2416,30.3479]]],[[[106.2643,30.2097],[106.2603,30.2079],[106.2604,30.204],[106.2643,30.2097]]],[[[106.9766,30.0881],[106.9761,30.0836],[106.9798,30.0881],[106.9766,30.0881]]],[[[107.2604,30.3289],[107.2536,30.3274],[107.2542,30.326],[107.2604,30.3289]]],[[[107.0376,30.5171],[107.0369,30.5157],[107.0387,30.515],[107.0376,30.5171]]]]}},{"type":"Feature","properties":{"name":"达州","adcode":511700,"center":[107.502262,31.209484]},"bbox":[106.6664,30.326,108.5465,32.3288],"geometry":{"type":"MultiPolygon","coordinates":[[[[107.3048,30.3549],[107.5154,30.6421],[107.4244,30.7406],[107.4812,30.8368],[107.6311,30.8178],[107.7173,30.8883],[107.8523,30.7935],[107.9553,30.8732],[107.9923,30.9026],[107.9435,30.9894],[108.0533,31.0407],[108.0094,31.1083],[108.0894,31.2059],[108.0195,31.245],[108.1856,31.338],[108.1905,31.4915],[108.344,31.5124],[108.4026,31.6039],[108.5465,31.6667],[108.5353,31.7577],[108.2594,31.9669],[108.3694,31.9868],[108.3436,32.0639],[108.4504,32.0744],[108.3694,32.1733],[108.5098,32.2012],[108.4718,32.2706],[108.0661,32.2297],[107.9794,32.146],[107.7168,32.3288],[107.6279,32.1518],[107.7639,32.0697],[107.5151,31.9265],[107.5507,31.8971],[107.496,31.8665],[107.5717,31.8342],[107.4924,31.7294],[107.5329,31.6846],[107.4899,31.597],[107.174,31.4279],[107.1203,31.334],[107.0749,31.3734],[106.9399,31.2072],[106.9353,31.1166],[106.6664,30.91],[106.6853,30.8293],[106.9495,30.7071],[106.9043,30.6642],[107.0433,30.6428],[106.9835,30.4995],[107.1426,30.47],[107.0954,30.5063],[107.1849,30.5357],[107.2213,30.3461],[107.3048,30.3549]]],[[[107.2274,30.4206],[107.2254,30.4241],[107.2175,30.4064],[107.2274,30.4206]]],[[[107.2542,30.326],[107.2536,30.3274],[107.2533,30.326],[107.2542,30.326]]],[[[107.2774,30.3716],[107.2743,30.3708],[107.2763,30.3572],[107.2774,30.3716]]],[[[107.2767,30.3524],[107.2656,30.3493],[107.2714,30.345],[107.2767,30.3524]]],[[[107.2404,30.3505],[107.2386,30.3494],[107.2388,30.3466],[107.2404,30.3505]]]]}},{"type":"Feature","properties":{"name":"雅安","adcode":511800,"center":[103.001033,29.987722]},"bbox":[101.936,28.8454,103.3952,30.9233],"geometry":{"type":"MultiPolygon","coordinates":[[[[103.3952,30.0949],[103.3703,30.2283],[103.3139,30.2604],[103.0768,30.2202],[103.0621,30.3026],[103.1859,30.5119],[103.0687,30.7162],[102.8636,30.7983],[102.8752,30.9233],[102.7082,30.9155],[102.469,30.7687],[102.4023,30.2342],[102.2681,30.0774],[102.2708,29.8816],[102.3532,29.7632],[102.2772,29.6038],[102.3141,29.5335],[102.2033,29.4569],[102.1658,29.5329],[101.936,29.501],[101.9841,29.4224],[101.9602,29.3148],[102.1233,29.2386],[102.056,29.1779],[102.1296,29.1761],[102.2538,28.8988],[102.4298,28.8454],[102.5909,29.192],[102.7722,29.1596],[102.8046,29.2499],[102.8798,29.2061],[102.9404,29.3029],[103.0039,29.2872],[102.9754,29.3978],[102.8231,29.4657],[102.9144,29.5532],[102.9288,29.711],[103.15,29.6724],[103.1099,29.9156],[103.226,29.9707],[103.3023,30.0876],[103.3952,30.0949]]]]}},{"type":"Feature","properties":{"name":"巴中","adcode":511900,"center":[106.753669,31.858809]},"bbox":[106.3664,31.2508,107.7639,32.7394],"geometry":{"type":"MultiPolygon","coordinates":[[[[106.9648,31.2508],[107.0749,31.3734],[107.1203,31.334],[107.174,31.4279],[107.4899,31.597],[107.5329,31.6846],[107.4924,31.7294],[107.5717,31.8342],[107.496,31.8665],[107.5507,31.8971],[107.5151,31.9265],[107.7639,32.0697],[107.6279,32.1518],[107.7168,32.3288],[107.6804,32.3976],[107.5124,32.3864],[107.4061,32.5392],[107.2639,32.4033],[107.0801,32.5424],[107.0668,32.7089],[106.7333,32.7394],[106.6403,32.6873],[106.6494,32.5042],[106.689,32.348],[106.7762,32.2969],[106.5646,32.2275],[106.5592,32.0827],[106.4455,31.9772],[106.4245,31.7554],[106.3664,31.6966],[106.5669,31.5182],[106.6265,31.5108],[106.6475,31.5911],[106.8211,31.5479],[106.9648,31.2508]]],[[[106.9467,31.2655],[106.9457,31.2648],[106.9475,31.2637],[106.9467,31.2655]]]]}},{"type":"Feature","properties":{"name":"资阳","adcode":512000,"center":[104.641917,30.122211]},"bbox":[104.4371,29.6747,105.7536,30.6257],"geometry":{"type":"MultiPolygon","coordinates":[[[[104.8995,29.9024],[104.9516,29.9926],[105.0209,29.9768],[105.1256,29.8307],[105.2173,29.8448],[105.2527,29.796],[105.3604,29.8343],[105.4757,29.6747],[105.5674,29.728],[105.5833,29.8193],[105.7357,29.8609],[105.7027,29.9248],[105.7536,30.0186],[105.4111,30.2956],[105.2583,30.2803],[105.1261,30.3415],[105.0669,30.5359],[104.9839,30.5293],[104.9109,30.6257],[104.8591,30.6113],[104.8959,30.3823],[104.837,30.362],[104.8488,30.3069],[104.6436,30.283],[104.6531,30.2402],[104.4844,30.1815],[104.4371,30.1075],[104.4686,30.0266],[104.6737,29.9057],[104.685,29.9644],[104.7306,29.9485],[104.792,29.849],[104.8995,29.9024]]],[[[105.0973,30.3962],[105.0938,30.3959],[105.0939,30.3956],[105.0973,30.3962]]],[[[104.4719,30.1503],[104.465,30.1515],[104.471,30.1499],[104.4719,30.1503]]],[[[105.1006,30.3856],[105.1009,30.3854],[105.1011,30.3854],[105.1006,30.3856]]],[[[105.5615,30.1837],[105.5589,30.1856],[105.5565,30.1875],[105.5615,30.1837]]],[[[105.0801,30.4124],[105.0797,30.4125],[105.0795,30.4118],[105.0801,30.4124]]]]}},{"type":"Feature","properties":{"name":"阿坝藏族羌族自治州","adcode":513200,"center":[102.221374,31.899792]},"bbox":[100.5317,30.5945,104.4261,34.3121],"geometry":{"type":"MultiPolygon","coordinates":[[[[100.6679,32.5237],[100.5317,32.3271],[100.5991,32.2315],[100.7205,32.1832],[100.6986,32.1334],[100.8038,31.9919],[101.0118,31.949],[100.9927,31.8648],[100.8528,31.7587],[100.9332,31.7511],[101.0635,31.6283],[101.0788,31.4935],[101.2216,31.5351],[101.301,31.3587],[101.4498,31.435],[101.4528,31.2944],[101.482,31.3685],[101.573,31.3414],[101.628,31.3853],[101.7155,31.2892],[101.8583,31.266],[101.8847,31.1609],[101.9742,31.1771],[102.0343,31.0733],[102.1545,31.1406],[102.2009,30.9099],[102.0654,30.871],[102.048,30.6617],[102.1773,30.5945],[102.3481,30.7059],[102.4473,30.6819],[102.4938,30.7904],[102.8019,30.9359],[102.8896,30.9008],[102.898,30.7653],[103.1239,30.7928],[103.1657,30.8422],[103.3053,30.8105],[103.5165,30.9718],[103.5695,31.3385],[103.8026,31.4301],[103.9894,31.6824],[104.171,31.7323],[104.1522,31.8159],[103.9755,31.856],[103.9206,31.9422],[103.7549,31.9643],[103.8507,32.1613],[104.1529,32.1259],[104.1819,32.1966],[104.2575,32.2147],[104.1821,32.3089],[104.131,32.223],[103.9213,32.3154],[103.907,32.5105],[103.8449,32.5841],[103.8904,32.639],[104.0356,32.6516],[104.1294,32.5305],[104.0951,32.4677],[104.1445,32.4738],[104.1828,32.6634],[104.101,32.8482],[103.9715,32.8397],[103.9737,33.0051],[104.0135,33.0413],[104.1135,32.9998],[104.2479,32.8776],[104.3784,32.9532],[104.4261,33.0107],[104.3377,33.0383],[104.3772,33.1071],[104.3038,33.3045],[104.4201,33.3271],[104.2957,33.3329],[104.2207,33.4046],[104.1686,33.6117],[104.0523,33.6853],[103.7783,33.6589],[103.6334,33.7218],[103.5521,33.6715],[103.5184,33.8071],[103.3496,33.7435],[103.1613,33.8072],[103.1812,33.9007],[103.123,33.9416],[103.1572,33.9988],[103.1192,34.0396],[103.1784,34.0803],[102.8793,34.3121],[102.5984,34.1477],[102.6495,34.08],[102.4388,34.0874],[102.3914,33.9708],[102.1363,33.9652],[102.2534,33.8615],[102.2386,33.7889],[102.3244,33.7546],[102.2844,33.7234],[102.3416,33.7209],[102.3445,33.6069],[102.4779,33.5434],[102.4624,33.4497],[102.3702,33.3941],[102.2634,33.4172],[102.1869,33.3328],[102.2034,33.2233],[102.1115,33.2856],[102.0895,33.205],[101.8256,33.1195],[101.8414,33.1891],[101.7676,33.2634],[101.8761,33.3141],[101.9463,33.4428],[101.8444,33.6024],[101.77,33.545],[101.776,33.4535],[101.6627,33.3817],[101.6493,33.3246],[101.7405,33.2691],[101.6342,33.1024],[101.4865,33.2272],[101.4034,33.2252],[101.3812,33.1544],[101.297,33.2622],[101.1279,33.2238],[101.1841,32.9842],[101.1291,32.9895],[101.124,32.9101],[101.2377,32.8277],[101.1901,32.6866],[100.9321,32.6007],[100.692,32.6777],[100.6679,32.5237]]]]}},{"type":"Feature","properties":{"name":"甘孜藏族自治州","adcode":513300,"center":[101.963815,30.050663]},"bbox":[97.362,27.9613,102.4864,34.2075],"geometry":{"type":"MultiPolygon","coordinates":[[[[100.0615,28.0828],[100.2562,27.9613],[100.4181,28.0056],[100.3729,28.2505],[100.4162,28.4332],[100.5304,28.5741],[100.4721,28.7086],[100.5947,28.7439],[100.5214,28.9496],[100.6092,28.9546],[100.65,29.0193],[100.8205,28.993],[100.8325,29.0554],[100.7724,29.0877],[100.8834,29.1464],[100.9291,29.0612],[101.0569,29.1664],[101.0974,29.1466],[101.184,28.9413],[101.2026,28.6527],[101.3562,28.6662],[101.6202,28.5377],[101.5945,28.4752],[101.413,28.5211],[101.3679,28.4724],[101.4397,28.4717],[101.4821,28.3185],[101.7155,28.3809],[101.7536,28.5339],[102.0181,28.714],[101.9627,28.824],[101.9884,28.888],[102.1652,29.0365],[102.1296,29.1761],[102.056,29.1779],[102.1233,29.2386],[101.9602,29.3148],[101.9841,29.4224],[101.936,29.501],[102.1658,29.5329],[102.2033,29.4569],[102.3141,29.5335],[102.2772,29.6038],[102.3532,29.7632],[102.2708,29.8816],[102.2681,30.0774],[102.4023,30.2342],[102.4864,30.7448],[102.4773,30.693],[102.3481,30.7059],[102.1773,30.5945],[102.048,30.6617],[102.0654,30.871],[102.2009,30.9099],[102.1545,31.1406],[102.0343,31.0733],[101.9742,31.1771],[101.8847,31.1609],[101.8583,31.266],[101.7155,31.2892],[101.628,31.3853],[101.573,31.3414],[101.482,31.3685],[101.4528,31.2944],[101.4498,31.435],[101.301,31.3587],[101.2216,31.5351],[101.0788,31.4935],[101.0635,31.6283],[100.9332,31.7511],[100.8528,31.7587],[100.9927,31.8648],[101.0118,31.949],[100.8038,31.9919],[100.6986,32.1334],[100.7205,32.1832],[100.5524,32.2822],[100.5371,32.394],[100.6679,32.5237],[100.5448,32.5701],[100.4203,32.7318],[100.3787,32.6984],[100.4006,32.7562],[100.2643,32.7427],[100.2099,32.6058],[100.1101,32.6392],[100.1231,32.8373],[99.9031,33.047],[99.8509,32.9419],[99.7753,32.9523],[99.7395,32.7325],[99.3762,32.8998],[99.2691,32.8785],[99.1794,33.0449],[98.9028,33.1258],[98.7588,33.2781],[98.7792,33.3717],[98.7246,33.5056],[98.648,33.5488],[98.6176,33.6373],[98.6567,33.6473],[98.4069,33.8672],[98.4406,33.9814],[98.4019,34.0877],[98.2099,34.0785],[97.8107,34.2075],[97.667,34.1277],[97.7023,34.0368],[97.634,33.9191],[97.3953,33.8893],[97.3718,33.842],[97.4157,33.6055],[97.5252,33.5758],[97.5526,33.4657],[97.75,33.3974],[97.622,33.336],[97.5752,33.2208],[97.488,33.1682],[97.5424,33.0362],[97.362,32.942],[97.3858,32.7803],[97.4847,32.6528],[97.6986,32.5368],[98.2189,32.3424],[98.2191,32.2342],[98.4348,32.0078],[98.4157,31.8303],[98.887,31.3746],[98.7801,31.2511],[98.6329,31.3322],[98.6048,31.1841],[98.806,30.9957],[98.7822,30.8915],[98.9639,30.7322],[98.9059,30.683],[99.0683,29.9314],[98.9921,29.6632],[99.1152,29.2421],[99.1043,28.8142],[99.1838,28.5889],[99.1758,28.4009],[99.4024,28.1507],[99.4029,28.5458],[99.5408,28.6235],[99.6256,28.8147],[99.7195,28.8448],[99.7332,28.7195],[99.9615,28.5616],[100.0746,28.4244],[100.0543,28.3766],[100.1726,28.3211],[100.1681,28.2208],[100.0333,28.1846],[100.0615,28.0828]]]]}},{"type":"Feature","properties":{"name":"凉山彝族自治州","adcode":513400,"center":[102.258746,27.886762]},"bbox":[100.0615,26.0459,103.8702,29.3029],"geometry":{"type":"MultiPolygon","coordinates":[[[[103.6139,28.5973],[103.5306,28.6122],[103.3883,28.4207],[103.2466,28.5498],[103.3336,28.7219],[103.271,28.806],[103.154,28.8292],[103.0513,28.6697],[102.9626,28.6811],[102.909,29.0216],[102.9701,29.0651],[102.9286,29.1273],[102.9628,29.2508],[103.0318,29.2798],[102.9404,29.3029],[102.8798,29.2061],[102.7815,29.2367],[102.7722,29.1596],[102.5909,29.192],[102.4298,28.8454],[102.2538,28.8988],[102.15,29.0312],[101.9884,28.888],[101.9627,28.824],[102.0181,28.714],[101.7536,28.5339],[101.7155,28.3809],[101.4821,28.3185],[101.4397,28.4717],[101.3679,28.4724],[101.413,28.5211],[101.5945,28.4752],[101.6202,28.5377],[101.3562,28.6662],[101.2026,28.6527],[101.184,28.9413],[101.0974,29.1466],[101.0569,29.1664],[100.9291,29.0612],[100.8834,29.1464],[100.7724,29.0877],[100.8325,29.0554],[100.8205,28.993],[100.65,29.0193],[100.6092,28.9546],[100.5214,28.9496],[100.5947,28.7439],[100.4721,28.7086],[100.5304,28.5741],[100.4162,28.4332],[100.3729,28.2505],[100.4181,28.0056],[100.2562,27.9613],[100.0615,28.0828],[100.1961,27.9373],[100.1699,27.9076],[100.3091,27.8591],[100.3277,27.7204],[100.4432,27.8662],[100.5464,27.8086],[100.6798,27.9242],[101.0596,27.1986],[101.3156,27.1975],[101.3943,27.1452],[101.419,27.2158],[101.5147,27.2298],[101.6354,27.3395],[101.7088,27.129],[101.8704,27.1297],[101.8968,27.2671],[101.9388,27.104],[102.0341,27.0762],[102.1611,27.1822],[102.2407,27.1066],[102.1957,26.7446],[102.1147,26.6341],[102.0457,26.7375],[102.0065,26.7164],[101.984,26.6389],[102.0508,26.4942],[102.0202,26.4228],[101.9427,26.449],[101.9068,26.1914],[101.8323,26.1172],[101.8354,26.0459],[101.9229,26.108],[102.1078,26.0682],[102.2574,26.2201],[102.5516,26.3622],[102.6294,26.3369],[102.6013,26.249],[102.6745,26.2054],[102.8803,26.3661],[102.9982,26.3719],[102.9903,26.483],[103.0571,26.5281],[102.8965,26.9126],[102.8822,27.2933],[102.9414,27.4055],[102.9853,27.3673],[103.1445,27.4256],[103.2181,27.5621],[103.2936,27.5647],[103.2804,27.618],[103.4896,27.7974],[103.5633,27.9777],[103.4325,28.0413],[103.455,28.1238],[103.6324,28.26],[103.7213,28.202],[103.8702,28.3011],[103.8104,28.4954],[103.757,28.5228],[103.7245,28.4715],[103.685,28.498],[103.7126,28.5529],[103.6139,28.5973]]],[[[101.9167,26.7031],[101.913,26.6805],[101.9388,26.6394],[101.9167,26.7031]]]]}},{"type":"Feature","properties":{"name":"贵阳","adcode":520100,"center":[106.713478,26.578343]},"bbox":[106.1251,26.1869,107.2661,27.3558],"geometry":{"type":"MultiPolygon","coordinates":[[[[107.2008,27.3558],[107.0058,27.3552],[106.894,27.2634],[106.8205,27.3242],[106.7452,27.2181],[106.7149,27.3092],[106.6329,27.3024],[106.4137,27.149],[106.4419,27.0075],[106.3544,26.8923],[106.1401,26.8466],[106.1733,26.6824],[106.1251,26.6577],[106.1841,26.5547],[106.277,26.5555],[106.3274,26.4517],[106.4439,26.4576],[106.5627,26.3758],[106.5007,26.2243],[106.742,26.2883],[106.8582,26.1869],[106.8744,26.314],[106.7851,26.313],[106.8336,26.3866],[106.757,26.3919],[106.829,26.4531],[106.841,26.5673],[106.9161,26.5967],[106.8729,26.6232],[106.962,26.6473],[106.9683,26.7399],[107.0746,26.8028],[107.2661,26.8033],[107.2505,26.9632],[107.1666,27.0409],[107.1805,27.1457],[107.2624,27.2163],[107.1384,27.2452],[107.2008,27.3558]]]]}},{"type":"Feature","properties":{"name":"六盘水","adcode":520200,"center":[104.846743,26.584643]},"bbox":[104.3085,25.3286,105.7228,26.9178],"geometry":{"type":"MultiPolygon","coordinates":[[[[104.7569,26.766],[104.6768,26.5207],[104.5721,26.5406],[104.684,26.3696],[104.542,26.2531],[104.5267,26.1003],[104.4555,26.077],[104.4281,25.8184],[104.3731,25.7316],[104.3289,25.7605],[104.3085,25.6605],[104.3355,25.5981],[104.4284,25.5761],[104.4347,25.4722],[104.5494,25.5298],[104.5433,25.4008],[104.6924,25.3286],[104.8869,25.3622],[104.8505,25.4027],[104.9131,25.517],[104.8616,25.6215],[104.9092,25.6889],[104.8731,25.8059],[104.9474,25.8689],[105.0192,26.1488],[105.1877,26.1738],[105.2498,25.9797],[105.5923,26.0624],[105.6117,26.1603],[105.7228,26.1702],[105.4733,26.2598],[105.5379,26.3597],[105.5015,26.4394],[105.1406,26.5812],[105.0947,26.7501],[104.9972,26.8302],[105.0187,26.9178],[104.9164,26.8323],[104.8299,26.8806],[104.7569,26.766]]],[[[104.7053,26.8023],[104.6391,26.8634],[104.5917,26.7473],[104.6509,26.7331],[104.7053,26.8023]]]]}},{"type":"Feature","properties":{"name":"遵义","adcode":520300,"center":[106.937265,27.706626]},"bbox":[105.6239,27.1422,108.2137,29.2194],"geometry":{"type":"MultiPolygon","coordinates":[[[[108.0694,29.0866],[107.8676,28.9605],[107.8104,28.9843],[107.8107,29.1394],[107.7516,29.1996],[107.6986,29.1412],[107.5893,29.15],[107.5693,29.2194],[107.4044,29.1879],[107.4276,29.1283],[107.3642,29.0096],[107.441,28.9438],[107.3954,28.8609],[107.2466,28.7619],[107.1936,28.8888],[107.0666,28.8954],[106.9834,28.8512],[106.9879,28.7747],[106.8454,28.781],[106.8663,28.6245],[106.7591,28.6111],[106.7085,28.4505],[106.568,28.484],[106.6514,28.6494],[106.4745,28.833],[106.5241,28.5778],[106.4738,28.599],[106.4838,28.5306],[106.3991,28.5712],[106.3491,28.4738],[105.9678,28.7616],[105.885,28.5955],[105.7377,28.6142],[105.6239,28.5181],[105.64,28.311],[105.73,28.2722],[105.7857,28.3365],[105.8906,28.2363],[105.8952,28.1198],[106.0339,28.107],[106.1251,28.1671],[106.2499,28.0926],[106.3418,27.8202],[106.1935,27.7544],[106.0637,27.7771],[106.0041,27.7468],[106.0054,27.6639],[106.1092,27.6487],[106.1725,27.5587],[106.2829,27.6162],[106.334,27.5787],[106.3333,27.4746],[106.6101,27.5289],[106.7054,27.4531],[106.7452,27.2181],[106.8205,27.3242],[106.894,27.2634],[107.0058,27.3552],[107.2008,27.3558],[107.2755,27.4789],[107.3594,27.4657],[107.4088,27.3432],[107.4983,27.3641],[107.4585,27.2681],[107.5115,27.2035],[107.6563,27.267],[107.882,27.1422],[108.0397,27.2581],[107.9581,27.3508],[107.8198,27.3244],[107.7623,27.3852],[107.801,27.3941],[107.7629,27.476],[107.9026,27.5684],[107.9462,27.7677],[107.8884,27.844],[107.9333,28.0014],[107.8844,28.063],[107.8359,28.031],[107.7789,28.073],[107.8034,28.1836],[107.8592,28.2003],[107.8665,28.3585],[107.9967,28.3696],[107.9773,28.4478],[108.0371,28.3655],[108.0376,28.5928],[108.2137,28.7763],[108.1286,28.8698],[108.0694,29.0866]]],[[[107.9392,27.1507],[107.9561,27.1488],[107.939,27.1668],[107.9392,27.1507]]]]}},{"type":"Feature","properties":{"name":"安顺","adcode":520400,"center":[105.932188,26.245544]},"bbox":[105.2542,25.362,106.5627,26.6244],"geometry":{"type":"MultiPolygon","coordinates":[[[[105.2542,25.9855],[105.5319,25.6952],[105.681,25.6614],[105.7866,25.4684],[105.9274,25.4322],[105.9822,25.6123],[106.0492,25.5586],[106.0762,25.5986],[106.1278,25.4548],[106.1593,25.4815],[106.2265,25.394],[106.4188,25.362],[106.3977,25.487],[106.4889,25.6468],[106.3266,25.6724],[106.3089,25.7283],[106.2327,25.7021],[106.3126,25.9905],[106.2119,26.0215],[106.2867,26.1021],[106.2574,26.2424],[106.486,26.2621],[106.5627,26.3758],[106.4439,26.4576],[106.3274,26.4517],[106.3157,26.5364],[106.2014,26.5424],[106.1504,26.6244],[106.1163,26.4846],[105.9728,26.4397],[105.9695,26.5219],[105.917,26.5211],[105.5185,26.3544],[105.4715,26.2833],[105.5027,26.2296],[105.7228,26.1702],[105.6117,26.1603],[105.5923,26.0624],[105.2542,25.9855]]],[[[106.2268,26.0324],[106.2233,26.0281],[106.2244,26.0239],[106.2268,26.0324]]]]}},{"type":"Feature","properties":{"name":"毕节","adcode":520500,"center":[105.28501,27.301693]},"bbox":[103.6014,26.3597,106.7149,27.7752],"geometry":{"type":"MultiPolygon","coordinates":[[[[105.5379,26.3597],[105.917,26.5211],[105.9695,26.5219],[105.9728,26.4397],[106.1248,26.4912],[106.1251,26.6577],[106.1733,26.6824],[106.1314,26.8324],[106.3544,26.8923],[106.4419,27.0075],[106.4137,27.149],[106.7149,27.3092],[106.6964,27.4646],[106.5947,27.5324],[106.5224,27.4764],[106.4335,27.511],[106.3333,27.4746],[106.334,27.5787],[106.2829,27.6162],[106.2335,27.5525],[106.1627,27.5606],[106.1092,27.6487],[106.0054,27.6639],[106.0041,27.7468],[105.6431,27.66],[105.4402,27.7752],[105.3014,27.696],[105.184,27.3675],[105.0671,27.4179],[104.8712,27.2909],[104.8086,27.3546],[104.6125,27.3072],[104.3623,27.4679],[104.2599,27.3083],[104.1905,27.2877],[104.3076,27.2136],[104.3385,27.0014],[104.5898,26.9564],[104.7569,26.766],[104.8299,26.8806],[104.9164,26.8323],[105.0187,26.9178],[104.9972,26.8302],[105.0947,26.7501],[105.1406,26.5812],[105.5015,26.4394],[105.5379,26.3597]]],[[[104.6391,26.8634],[104.5898,26.9564],[104.3385,27.0014],[104.3076,27.2136],[104.1807,27.2567],[104.0152,27.4293],[103.9324,27.4439],[103.8655,27.2817],[103.6014,27.0622],[103.6225,27.0068],[103.7051,27.0491],[103.7751,26.9509],[103.7057,26.7947],[103.7692,26.7339],[103.7679,26.5816],[103.8656,26.5122],[104.0525,26.5072],[104.1296,26.6439],[104.3532,26.6208],[104.4213,26.712],[104.464,26.5951],[104.6768,26.5207],[104.7632,26.734],[104.7053,26.8023],[104.5983,26.7382],[104.6391,26.8634]]]]}},{"type":"Feature","properties":{"name":"铜仁","adcode":520600,"center":[109.191555,27.718346]},"bbox":[107.7623,27.1212,109.4705,29.0866],"geometry":{"type":"MultiPolygon","coordinates":[[[[108.8871,27.1212],[108.9142,27.2147],[109.1038,27.3371],[109.144,27.4488],[109.2999,27.4239],[109.3124,27.4862],[109.4619,27.5656],[109.4705,27.6803],[109.3659,27.7222],[109.3018,27.9584],[109.3792,28.0331],[109.2987,28.0325],[109.3997,28.2693],[109.2731,28.3094],[109.2744,28.4947],[109.1543,28.4176],[109.0821,28.1843],[109.0268,28.2201],[108.9858,28.1613],[108.8218,28.2451],[108.7653,28.1921],[108.7258,28.2803],[108.7793,28.4274],[108.7234,28.4919],[108.6452,28.4686],[108.6758,28.343],[108.5801,28.3433],[108.5732,28.5281],[108.6323,28.639],[108.3325,28.6796],[108.389,28.7858],[108.3072,29.0775],[108.2423,29.0284],[108.0694,29.0866],[108.1286,28.8698],[108.2137,28.7763],[108.0376,28.5928],[108.0371,28.3655],[107.9773,28.4478],[107.9967,28.3696],[107.8745,28.3704],[107.8592,28.2003],[107.8034,28.1836],[107.7789,28.073],[107.8359,28.031],[107.8844,28.063],[107.9333,28.0014],[107.8884,27.844],[107.9462,27.7677],[107.9026,27.5684],[107.7629,27.476],[107.801,27.3941],[107.7623,27.3852],[107.8198,27.3244],[107.9485,27.3542],[107.9565,27.313],[108.1665,27.2877],[108.2183,27.3644],[108.5111,27.4183],[108.6173,27.5216],[108.7618,27.4696],[108.9341,27.5116],[109.035,27.4127],[108.8466,27.3527],[108.8013,27.2032],[108.8871,27.1212]]],[[[107.9194,27.3325],[107.9119,27.3329],[107.9154,27.3142],[107.9194,27.3325]]]]}},{"type":"Feature","properties":{"name":"黔西南布依族苗族自治州","adcode":522300,"center":[104.897971,25.08812]},"bbox":[104.5294,24.6223,106.5226,26.1738],"geometry":{"type":"MultiPolygon","coordinates":[[[[106.5226,25.0599],[106.4463,25.1762],[106.5064,25.2187],[106.4833,25.2908],[106.4188,25.362],[106.2265,25.394],[106.1593,25.4815],[106.1278,25.4548],[106.0762,25.5986],[106.0492,25.5586],[105.9822,25.6123],[105.9274,25.4322],[105.7866,25.4684],[105.681,25.6614],[105.5319,25.6952],[105.2667,25.9374],[105.1877,26.1738],[105.0521,26.1727],[104.96,26.0448],[104.9474,25.8689],[104.8731,25.8059],[104.9092,25.6889],[104.8616,25.6215],[104.9131,25.517],[104.8505,25.4027],[104.8869,25.3622],[104.6458,25.3568],[104.641,25.2948],[104.8174,25.2611],[104.823,25.1713],[104.7319,25.2049],[104.6865,25.0762],[104.6196,25.0607],[104.713,24.9962],[104.5398,24.8139],[104.5294,24.7314],[104.7434,24.6223],[104.8757,24.7399],[105.0334,24.7878],[105.0752,24.9167],[105.2127,24.9954],[105.2655,24.9302],[105.4432,24.9219],[105.4975,24.8094],[105.8055,24.7015],[105.942,24.7248],[106.0232,24.6324],[106.1973,24.8134],[106.153,24.961],[106.5226,25.0599]]],[[[105.0819,24.9156],[105.0893,24.9152],[105.1002,24.9248],[105.0819,24.9156]]]]}},{"type":"Feature","properties":{"name":"黔东南苗族侗族自治州","adcode":522600,"center":[107.977488,26.583352]},"bbox":[107.3019,25.3081,109.5774,27.5216],"geometry":{"type":"MultiPolygon","coordinates":[[[[107.9999,27.3028],[108.0397,27.2581],[107.9561,27.1488],[107.6518,27.2074],[107.7042,27.1355],[107.6,26.9097],[107.6484,26.8358],[107.7638,26.8244],[107.6877,26.7125],[107.7356,26.5738],[107.5881,26.6122],[107.5033,26.5521],[107.3383,26.5519],[107.3558,26.4873],[107.3019,26.442],[107.4137,26.3781],[107.5062,26.4194],[107.6475,26.2799],[107.7797,26.3101],[107.738,26.1678],[107.8158,26.1001],[107.8604,26.1403],[107.9574,26.0601],[108.2287,26.0701],[108.2233,25.9732],[108.0826,25.7829],[108.0993,25.6792],[108.1585,25.7027],[108.1817,25.6165],[108.2373,25.6285],[108.419,25.4434],[108.4884,25.4564],[108.6252,25.3081],[108.5877,25.4214],[108.6329,25.5189],[108.6904,25.5189],[108.689,25.6232],[108.784,25.6283],[108.8127,25.5263],[108.9524,25.5563],[109.0251,25.5125],[109.0885,25.5495],[109.0312,25.6295],[109.0791,25.7207],[109.0032,25.7363],[108.9484,25.6767],[108.9114,25.7248],[109.118,25.8094],[109.1483,25.7418],[109.1754,25.8049],[109.207,25.7403],[109.3401,25.7317],[109.3393,25.8338],[109.4826,26.0296],[109.4497,26.1018],[109.5141,26.1283],[109.4396,26.2388],[109.4661,26.3141],[109.3398,26.2641],[109.2745,26.3154],[109.4087,26.5371],[109.2837,26.6986],[109.4867,26.7601],[109.4365,26.8926],[109.555,26.9469],[109.5413,27.0129],[109.4008,27.1596],[109.2481,27.1534],[109.1636,27.0658],[109.1011,27.0689],[109.123,27.1234],[109.0325,27.1038],[108.8729,26.9999],[108.7923,27.0833],[108.8875,27.1125],[108.8013,27.2032],[108.8466,27.3527],[109.035,27.4127],[108.9341,27.5116],[108.7618,27.4696],[108.6173,27.5216],[108.5111,27.4183],[108.2183,27.3644],[108.1665,27.2877],[108.0824,27.3305],[107.9999,27.3028]]],[[[109.4526,26.8618],[109.5221,26.7492],[109.5138,26.8743],[109.4526,26.8618]]],[[[109.5774,26.7516],[109.5342,26.7446],[109.5683,26.7262],[109.5774,26.7516]]],[[[107.8848,27.1589],[107.9317,27.154],[107.923,27.196],[107.8848,27.1589]]]]}},{"type":"Feature","properties":{"name":"黔南布依族苗族自治州","adcode":522700,"center":[107.517156,26.258219]},"bbox":[106.2119,25.0599,108.2992,27.4761],"geometry":{"type":"MultiPolygon","coordinates":[[[[106.486,26.2621],[106.362,26.2819],[106.3374,26.2223],[106.2433,26.2245],[106.2994,26.1995],[106.2268,26.0324],[106.3125,25.9789],[106.232,25.7145],[106.4889,25.6468],[106.3915,25.4007],[106.4833,25.2908],[106.5064,25.2187],[106.4463,25.1762],[106.5226,25.0599],[106.645,25.1648],[106.9959,25.2396],[107.0143,25.3448],[106.9637,25.4373],[107.0645,25.5595],[107.2112,25.6092],[107.3287,25.4946],[107.3149,25.4026],[107.4209,25.3931],[107.4723,25.2137],[107.6597,25.3163],[107.6946,25.1979],[107.7621,25.229],[107.769,25.1175],[108.1149,25.2102],[108.1428,25.3906],[108.1933,25.4055],[108.1576,25.439],[108.252,25.4305],[108.2992,25.5011],[108.1585,25.7027],[108.0993,25.6792],[108.0826,25.7829],[108.2233,25.9732],[108.2287,26.0701],[107.9574,26.0601],[107.8604,26.1403],[107.8158,26.1001],[107.738,26.1678],[107.7797,26.3101],[107.6475,26.2799],[107.5062,26.4194],[107.4137,26.3781],[107.3068,26.4289],[107.3383,26.5519],[107.5033,26.5521],[107.5881,26.6122],[107.7356,26.5738],[107.6877,26.7125],[107.7683,26.8032],[107.6908,26.8665],[107.6341,26.8448],[107.6,26.9097],[107.7042,27.1355],[107.6563,27.267],[107.5115,27.2035],[107.4585,27.2681],[107.4983,27.3641],[107.376,27.3665],[107.3594,27.4657],[107.267,27.4761],[107.1384,27.2452],[107.2624,27.2163],[107.1805,27.1457],[107.1666,27.0409],[107.2505,26.9632],[107.2661,26.8033],[107.1305,26.8203],[106.9821,26.7527],[106.962,26.6473],[106.8729,26.6232],[106.9161,26.5967],[106.841,26.5673],[106.829,26.4531],[106.757,26.3919],[106.8336,26.3866],[106.7851,26.313],[106.8744,26.314],[106.8862,26.2137],[106.8358,26.1834],[106.742,26.2883],[106.5915,26.2199],[106.486,26.2621]]],[[[106.2233,26.0281],[106.2152,26.0327],[106.2119,26.0215],[106.2233,26.0281]]]]}},{"type":"Feature","properties":{"name":"昆明","adcode":530100,"center":[102.712251,25.040609]},"bbox":[102.1711,24.3861,103.67,26.5419],"geometry":{"type":"MultiPolygon","coordinates":[[[[103.1091,24.507],[103.2474,24.5141],[103.2887,24.6568],[103.4913,24.5559],[103.475,24.4991],[103.6178,24.5963],[103.67,24.7602],[103.6484,24.8808],[103.5228,24.8314],[103.4474,24.8921],[103.4694,24.975],[103.4086,25.062],[103.4941,25.1077],[103.4653,25.182],[103.3256,25.1392],[103.2583,25.2169],[103.3045,25.4052],[103.4256,25.4868],[103.4178,25.5721],[103.545,25.5838],[103.4925,25.6516],[103.5567,25.7798],[103.4604,25.8651],[103.3006,25.8569],[103.3058,26.0484],[103.2443,26.1883],[103.1076,26.2605],[103.0546,26.5419],[102.9899,26.4827],[102.9851,26.3457],[102.8795,26.3655],[102.7197,26.2182],[102.6013,26.2491],[102.6386,26.3077],[102.5711,26.3626],[102.2449,26.2109],[102.2599,26.1274],[102.3535,26.0609],[102.3223,25.888],[102.3775,25.8282],[102.3658,25.638],[102.4514,25.5818],[102.4791,25.453],[102.349,25.3495],[102.4134,25.2508],[102.3425,25.0591],[102.1711,25.0531],[102.2965,24.8496],[102.296,24.5917],[102.1978,24.5093],[102.3116,24.3861],[102.4532,24.5139],[102.5994,24.5348],[102.6954,24.4625],[102.8157,24.5119],[102.8402,24.7485],[102.915,24.7684],[102.9112,24.8548],[103.0006,24.9195],[103.0155,24.7623],[103.0769,24.7543],[103.042,24.5682],[103.111,24.5659],[103.1091,24.507]]]]}},{"type":"Feature","properties":{"name":"曲靖","adcode":530300,"center":[103.797851,25.501557]},"bbox":[103.0596,24.3519,104.828,27.0491],"geometry":{"type":"MultiPolygon","coordinates":[[[[103.3848,26.7344],[103.2368,26.7207],[103.2104,26.6261],[103.0726,26.6107],[103.0596,26.5133],[103.1076,26.2605],[103.2443,26.1883],[103.3058,26.0484],[103.3006,25.8569],[103.4604,25.8651],[103.5567,25.7798],[103.4925,25.6516],[103.545,25.5838],[103.4178,25.5721],[103.4256,25.4868],[103.3045,25.4052],[103.2583,25.2169],[103.3256,25.1392],[103.4653,25.182],[103.4941,25.1077],[103.4086,25.062],[103.4694,24.975],[103.4474,24.8921],[103.5228,24.8314],[103.6484,24.8808],[103.6666,24.7242],[103.7533,24.7615],[103.7195,24.7146],[103.7604,24.692],[103.7892,24.7327],[103.9692,24.659],[104.0387,24.5257],[104.0103,24.449],[104.1768,24.4552],[104.216,24.3583],[104.2884,24.3519],[104.5278,24.4351],[104.567,24.4727],[104.4753,24.6451],[104.5398,24.8139],[104.713,24.9962],[104.6196,25.0607],[104.6865,25.0762],[104.746,25.2133],[104.823,25.1713],[104.828,25.2371],[104.641,25.2949],[104.6458,25.3568],[104.5406,25.4027],[104.557,25.5241],[104.4347,25.4722],[104.4217,25.5846],[104.3117,25.6471],[104.3289,25.7605],[104.3731,25.7316],[104.4309,25.8217],[104.4599,26.0858],[104.5267,26.1004],[104.542,26.2531],[104.6805,26.3642],[104.6649,26.435],[104.5565,26.5904],[104.4635,26.5958],[104.4213,26.712],[104.3488,26.6195],[104.121,26.6378],[104.0525,26.5071],[103.8193,26.5303],[103.7057,26.7947],[103.7772,26.935],[103.7051,27.0491],[103.5962,26.9876],[103.4253,27.0045],[103.3848,26.7344]]],[[[103.3904,26.7359],[103.3848,26.7344],[103.3943,26.7314],[103.3904,26.7359]]]]}},{"type":"Feature","properties":{"name":"玉溪","adcode":530400,"center":[102.543907,24.350461]},"bbox":[101.2784,23.3236,103.1511,24.9524],"geometry":{"type":"MultiPolygon","coordinates":[[[[102.2269,24.9107],[102.1246,24.9524],[101.944,24.7662],[101.9035,24.6367],[101.9483,24.588],[101.8918,24.5685],[101.9473,24.4627],[102.0124,24.4716],[102.0319,24.3659],[101.9708,24.2718],[101.816,24.2427],[101.8272,24.3053],[101.7728,24.2855],[101.6681,24.376],[101.5777,24.2436],[101.4898,24.226],[101.3961,24.4219],[101.2784,24.3093],[101.4096,24.0402],[101.533,23.918],[101.4009,23.8265],[101.4126,23.7467],[101.5312,23.782],[101.5688,23.7393],[101.5351,23.6878],[101.619,23.6325],[101.7098,23.6549],[101.6674,23.6064],[101.7824,23.4673],[101.7472,23.3948],[101.8739,23.3269],[102.13,23.3236],[102.1876,23.4283],[102.3193,23.4138],[102.3607,23.4813],[102.2924,23.6262],[102.148,23.7214],[102.186,23.7637],[102.1363,23.8307],[102.2832,23.9259],[102.2249,24.008],[102.3317,24.0448],[102.2959,24.081],[102.6125,24.0468],[102.6584,23.9101],[102.8295,24.0467],[102.8569,23.9875],[102.9669,24.0676],[103.0325,24.0324],[103.1511,24.2153],[103.0621,24.4324],[103.111,24.5659],[103.042,24.5682],[103.0769,24.7543],[103.0155,24.7623],[103.0006,24.9195],[102.9112,24.8548],[102.915,24.7684],[102.8402,24.7485],[102.8157,24.5119],[102.6954,24.4625],[102.5994,24.5348],[102.4532,24.5139],[102.3116,24.3861],[102.1978,24.5093],[102.296,24.5917],[102.2921,24.8789],[102.2269,24.9107]]]]}},{"type":"Feature","properties":{"name":"保山","adcode":530500,"center":[99.167133,25.111802]},"bbox":[98.0894,24.1213,100.0466,25.8407],"geometry":{"type":"MultiPolygon","coordinates":[[[[98.888,25.6348],[98.8703,25.5507],[98.7669,25.5555],[98.7287,25.8339],[98.6408,25.7988],[98.529,25.8407],[98.4023,25.5944],[98.3146,25.5433],[98.1706,25.6204],[98.1517,25.4074],[98.0894,25.3361],[98.1926,25.2451],[98.1795,25.1405],[98.2696,25.0844],[98.2358,24.9305],[98.3178,24.9577],[98.3628,24.8976],[98.5337,24.8917],[98.5461,24.7995],[98.4321,24.777],[98.4148,24.6364],[98.4849,24.5416],[98.6911,24.5634],[98.7095,24.1213],[99.0911,24.2361],[99.3026,24.449],[99.361,24.2422],[99.4597,24.2412],[99.6773,24.4488],[99.6452,24.5798],[99.8071,24.6992],[99.7711,24.7865],[99.838,24.8293],[99.8518,24.9494],[100.0466,25.0527],[99.9286,25.2043],[99.8535,25.1744],[99.8252,25.0873],[99.6936,25.0511],[99.5063,25.1189],[99.2852,25.3655],[99.2858,25.4238],[99.3453,25.4123],[99.3299,25.5141],[99.2524,25.5465],[99.0885,25.4669],[99.0563,25.5645],[99.0025,25.5612],[99.011,25.6291],[98.888,25.6348]]]]}},{"type":"Feature","properties":{"name":"昭通","adcode":530600,"center":[103.717216,27.336999]},"bbox":[102.8821,26.5419,105.3142,28.6671],"geometry":{"type":"MultiPolygon","coordinates":[[[[103.0546,26.5419],[103.1197,26.6371],[103.2104,26.6261],[103.2368,26.7207],[103.4012,26.7078],[103.3687,26.7747],[103.4182,26.9967],[103.6133,26.9921],[103.6015,27.0622],[103.6598,27.0658],[103.6245,27.1122],[103.8655,27.2817],[103.9325,27.444],[104.0153,27.4293],[104.1742,27.2631],[104.2504,27.2915],[104.3531,27.4669],[104.6113,27.307],[104.809,27.3547],[104.8712,27.2909],[105.0704,27.419],[105.1827,27.3676],[105.3043,27.6119],[105.2739,27.7952],[105.3142,27.8194],[105.2412,27.8308],[105.2327,27.893],[105.2708,27.9958],[105.1844,27.9964],[105.1855,28.0568],[105.0591,28.0981],[104.887,27.913],[104.558,27.8526],[104.2988,28.0439],[104.451,28.1164],[104.4023,28.2028],[104.4608,28.2444],[104.3848,28.3301],[104.29,28.3147],[104.2483,28.5284],[104.4253,28.6267],[104.2415,28.6608],[103.9425,28.6031],[103.8511,28.6671],[103.7837,28.5266],[103.8689,28.3003],[103.7213,28.202],[103.6324,28.26],[103.455,28.1237],[103.4308,28.0447],[103.5632,27.9776],[103.4895,27.7975],[103.2804,27.618],[103.2956,27.567],[103.2182,27.5621],[103.1429,27.4219],[102.9853,27.3674],[102.945,27.4105],[102.8821,27.2933],[102.8966,26.9114],[103.0546,26.5419]]]]}},{"type":"Feature","properties":{"name":"丽江","adcode":530700,"center":[100.233026,26.872108]},"bbox":[99.3834,25.9986,101.5126,27.9223],"geometry":{"type":"MultiPolygon","coordinates":[[[[100.9099,26.1669],[101.1243,26.3384],[101.4682,26.4201],[101.396,26.592],[101.4622,26.6071],[101.4545,26.7036],[101.5126,26.7697],[101.3897,26.7232],[101.3654,26.8837],[101.1374,27.0224],[101.1704,27.1956],[101.0424,27.2216],[101.0203,27.3445],[100.9368,27.4692],[100.9013,27.4534],[100.8484,27.6707],[100.7095,27.7986],[100.6813,27.9223],[100.5464,27.8086],[100.4432,27.8662],[100.3747,27.7546],[100.2995,27.7361],[100.1772,27.4715],[100.2396,27.3161],[100.0626,27.1573],[100.0603,26.9371],[99.9741,26.8672],[99.8961,27.0749],[99.6601,27.2894],[99.5513,27.5637],[99.411,27.4755],[99.441,27.3469],[99.3834,27.2137],[99.4404,27.0401],[99.5591,26.8999],[99.6019,26.7037],[99.7035,26.6241],[99.8941,26.6437],[100.0162,26.5827],[100.0562,26.6437],[100.135,26.6042],[100.242,26.6959],[100.2428,26.6415],[100.3456,26.6241],[100.4508,26.5363],[100.4448,26.4221],[100.4938,26.4137],[100.3947,26.2984],[100.4915,26.0155],[100.6691,25.9986],[100.6474,26.0952],[100.707,26.1481],[100.8235,26.1972],[100.9099,26.1669]]]]}},{"type":"Feature","properties":{"name":"普洱","adcode":530800,"center":[100.972344,22.777321]},"bbox":[99.1697,22.037,102.3226,24.822],"geometry":{"type":"MultiPolygon","coordinates":[[[[101.2771,24.2927],[101.0845,24.4483],[100.9051,24.7487],[100.8029,24.7226],[100.6437,24.822],[100.5654,24.7039],[100.4082,24.7073],[100.5464,24.4764],[100.4978,24.0885],[100.3667,24.0511],[100.4149,23.9159],[100.3478,23.7511],[100.4365,23.6618],[100.1868,23.6119],[100.043,23.2179],[99.8853,23.2555],[99.7992,23.1987],[99.6675,23.2484],[99.639,23.1499],[99.5032,23.1066],[99.5633,22.9256],[99.4468,22.9347],[99.4629,22.8448],[99.3148,22.7371],[99.3814,22.5032],[99.2515,22.3934],[99.2777,22.345],[99.1697,22.1464],[99.2723,22.1004],[99.5923,22.1126],[99.7123,22.037],[99.9724,22.053],[100.0931,22.2417],[100.1741,22.2399],[100.2039,22.2925],[100.3461,22.2431],[100.4143,22.4374],[100.5928,22.4419],[100.8099,22.5945],[100.9018,22.526],[101.0282,22.5902],[101.3082,22.5335],[101.4459,22.5843],[101.5519,22.3295],[101.648,22.3316],[101.678,22.4772],[101.7646,22.5064],[101.8627,22.3892],[102.0464,22.4579],[102.1453,22.3978],[102.2702,22.4196],[102.3226,22.554],[102.2769,22.612],[102.0787,22.6562],[101.9916,22.7941],[101.8743,22.801],[101.8003,22.8765],[101.8793,23.0159],[102.0152,22.9887],[102.0691,23.0964],[101.9712,23.1718],[101.8346,23.1644],[101.8235,23.2433],[101.8922,23.2911],[101.7472,23.3948],[101.7824,23.4673],[101.6674,23.6064],[101.7098,23.6549],[101.619,23.6325],[101.5351,23.6878],[101.5688,23.7393],[101.5312,23.782],[101.4304,23.7186],[101.4009,23.8265],[101.533,23.918],[101.2771,24.2927]]]]}},{"type":"Feature","properties":{"name":"临沧","adcode":530900,"center":[100.08697,23.886567]},"bbox":[98.6688,23.0732,100.5464,25.0327],"geometry":{"type":"MultiPolygon","coordinates":[[[[100.4082,24.7073],[100.2945,24.7575],[100.0984,24.6671],[100.2101,24.9668],[100.1012,24.9883],[100.0607,24.9473],[99.9938,25.0327],[99.9387,25.0098],[99.7711,24.7865],[99.8071,24.6992],[99.6452,24.5798],[99.6773,24.4488],[99.4835,24.2602],[99.361,24.2422],[99.3314,24.4175],[99.2664,24.4424],[99.1511,24.2816],[98.9093,24.1816],[98.8603,24.0645],[98.6732,23.9606],[98.6688,23.8007],[98.7862,23.7814],[98.8819,23.62],[98.8037,23.5212],[98.9125,23.4263],[98.8904,23.1764],[99.0575,23.1644],[99.1065,23.0866],[99.2554,23.0779],[99.3253,23.1324],[99.514,23.0732],[99.5917,23.17],[99.639,23.1499],[99.6675,23.2484],[99.7992,23.1987],[99.8853,23.2555],[100.0827,23.2467],[100.1868,23.6119],[100.4365,23.6618],[100.3478,23.7511],[100.4149,23.9159],[100.3667,24.0511],[100.4978,24.0885],[100.5464,24.4764],[100.4082,24.7073]]]]}},{"type":"Feature","properties":{"name":"楚雄彝族自治州","adcode":532300,"center":[101.546046,25.041988]},"bbox":[100.7206,24.226,102.4791,26.4997],"geometry":{"type":"MultiPolygon","coordinates":[[[[102.2269,24.9107],[102.2476,24.9814],[102.1711,25.0531],[102.3425,25.0591],[102.4134,25.2508],[102.349,25.3495],[102.4791,25.453],[102.4514,25.5818],[102.3658,25.638],[102.3479,26.0758],[102.2365,26.1851],[102.1078,26.0682],[101.9229,26.108],[101.8354,26.0458],[101.8076,26.1563],[101.5945,26.2616],[101.6606,26.3468],[101.5069,26.4997],[101.4587,26.4955],[101.4342,26.3892],[101.1243,26.3384],[100.9315,26.2037],[100.9044,25.9926],[100.9621,25.9459],[100.8896,25.8225],[100.9735,25.7451],[100.9334,25.6998],[101.0021,25.5621],[100.9572,25.56],[100.9415,25.4736],[101.0349,25.3484],[100.9695,25.3248],[100.9811,25.2506],[100.8185,25.2713],[100.8198,25.1926],[100.7509,25.1483],[100.7803,25.0051],[100.7206,24.9737],[100.7685,24.7484],[100.9437,24.7291],[101.0569,24.4856],[101.2539,24.2963],[101.3609,24.3425],[101.3961,24.4219],[101.4898,24.226],[101.5777,24.2436],[101.6681,24.376],[101.7728,24.2855],[101.8272,24.3053],[101.8419,24.2408],[101.9708,24.2718],[102.0319,24.3659],[102.0124,24.4716],[101.9473,24.4627],[101.8918,24.5685],[101.9483,24.588],[101.9035,24.6367],[101.9966,24.8609],[102.0776,24.867],[102.1246,24.9524],[102.2269,24.9107]]]]}},{"type":"Feature","properties":{"name":"红河哈尼族彝族自治州","adcode":532500,"center":[103.384182,23.366775]},"bbox":[101.8003,22.4453,104.2826,24.7615],"geometry":{"type":"MultiPolygon","coordinates":[[[[103.1091,24.507],[103.0621,24.4324],[103.1511,24.2153],[103.0359,24.0231],[102.9669,24.0676],[102.8569,23.9875],[102.8295,24.0467],[102.6584,23.9101],[102.6125,24.0468],[102.3188,24.0961],[102.3317,24.0448],[102.2308,24.0234],[102.2832,23.9259],[102.16,23.8726],[102.148,23.7214],[102.2924,23.6262],[102.3607,23.4813],[102.3193,23.4138],[102.1876,23.4283],[102.13,23.3236],[101.8749,23.3381],[101.8346,23.1644],[101.9712,23.1718],[102.0691,23.0964],[102.0152,22.9887],[101.8793,23.0159],[101.8003,22.8765],[101.8743,22.801],[101.9916,22.7941],[102.0787,22.6562],[102.2769,22.612],[102.3226,22.554],[102.4981,22.7778],[102.5704,22.7003],[102.6074,22.7307],[102.859,22.6073],[102.9288,22.4837],[103.072,22.4453],[103.0835,22.5084],[103.1838,22.5577],[103.1959,22.6484],[103.2828,22.6785],[103.3233,22.8079],[103.4411,22.753],[103.5089,22.601],[103.6434,22.7946],[103.8786,22.5635],[104.0082,22.5172],[104.0671,22.754],[104.2826,22.8421],[104.1187,22.8946],[104.0227,22.8219],[103.9899,22.7091],[103.8968,22.6992],[103.958,23.0059],[103.9367,23.2531],[103.8157,23.3384],[103.8003,23.4913],[103.7318,23.4942],[103.7248,23.5503],[103.6536,23.5059],[103.5956,23.54],[103.6626,23.6531],[103.6608,23.866],[103.7078,23.8894],[103.5749,24.0862],[103.6392,24.1721],[103.7736,24.2039],[104.0387,24.5257],[103.9692,24.659],[103.7892,24.7327],[103.7604,24.692],[103.7195,24.7146],[103.7533,24.7615],[103.6756,24.7382],[103.6178,24.5963],[103.475,24.4991],[103.4913,24.5559],[103.2887,24.6568],[103.2474,24.5141],[103.1091,24.507]]],[[[103.0533,24.0366],[103.0378,24.0405],[103.0325,24.0324],[103.0533,24.0366]]]]}},{"type":"Feature","properties":{"name":"文山壮族苗族自治州","adcode":532600,"center":[104.24401,23.36951]},"bbox":[103.5749,22.6881,106.1924,24.4727],"geometry":{"type":"MultiPolygon","coordinates":[[[[104.567,24.4727],[104.2884,24.3519],[104.216,24.3583],[104.1768,24.4552],[103.9683,24.4407],[103.7736,24.2039],[103.6392,24.1721],[103.5749,24.0862],[103.7078,23.8894],[103.6608,23.866],[103.6626,23.6531],[103.5956,23.54],[103.6536,23.5059],[103.7248,23.5503],[103.7318,23.4942],[103.8003,23.4913],[103.8157,23.3384],[103.9367,23.2531],[103.958,23.0059],[103.886,22.8188],[103.9235,22.6881],[104.1371,22.8989],[104.1759,22.8473],[104.2762,22.8632],[104.2721,22.7385],[104.376,22.6901],[104.5795,22.8464],[104.7377,22.826],[104.8616,22.94],[104.8045,23.11],[104.8866,23.1688],[105.2381,23.2643],[105.3255,23.3901],[105.5426,23.1843],[105.5933,23.3126],[105.7006,23.3284],[105.6475,23.3981],[105.8524,23.527],[105.9918,23.4483],[106.1415,23.5697],[106.1369,23.7954],[106.1924,23.8789],[105.9983,24.1242],[105.7965,24.0237],[105.7654,24.0738],[105.6494,24.0331],[105.5953,24.1378],[105.4948,24.0179],[105.3189,24.1172],[105.2602,24.0613],[105.1819,24.1328],[105.2431,24.2068],[105.1684,24.2777],[105.1968,24.327],[105.109,24.4123],[104.7682,24.4593],[104.7037,24.4214],[104.7089,24.3213],[104.567,24.4727]]]]}},{"type":"Feature","properties":{"name":"西双版纳傣族自治州","adcode":532800,"center":[100.797941,22.001724]},"bbox":[99.9442,21.1479,101.8337,22.5945],"geometry":{"type":"MultiPolygon","coordinates":[[[[101.648,22.3316],[101.5519,22.3295],[101.4459,22.5843],[101.3082,22.5335],[101.0282,22.5902],[100.9018,22.526],[100.8099,22.5945],[100.5928,22.4419],[100.4143,22.4374],[100.3461,22.2431],[100.2039,22.2925],[100.1741,22.2399],[100.0931,22.2417],[99.9589,22.0372],[99.9981,21.9682],[99.9442,21.8213],[100.0307,21.6744],[100.119,21.7035],[100.1692,21.664],[100.1114,21.5995],[100.1269,21.5082],[100.2474,21.4637],[100.4232,21.5405],[100.558,21.4506],[100.7306,21.5187],[100.8874,21.6851],[101.1234,21.7719],[101.1452,21.5613],[101.2255,21.5019],[101.1429,21.4091],[101.2497,21.2969],[101.2222,21.2344],[101.2903,21.1783],[101.5327,21.2524],[101.6016,21.2331],[101.6057,21.1723],[101.7647,21.1479],[101.8337,21.2525],[101.7303,21.3369],[101.7455,21.5704],[101.8285,21.6171],[101.7473,21.73],[101.7771,21.8269],[101.6064,21.9679],[101.5477,22.2311],[101.648,22.3316]]]]}},{"type":"Feature","properties":{"name":"大理白族自治州","adcode":532900,"center":[100.225668,25.589449]},"bbox":[98.8692,24.6671,101.0349,26.6959],"geometry":{"type":"MultiPolygon","coordinates":[[[[98.888,25.6348],[99.011,25.6291],[99.0025,25.5612],[99.0563,25.5645],[99.0885,25.4669],[99.2524,25.5465],[99.3299,25.5141],[99.3453,25.4123],[99.2858,25.4238],[99.2852,25.3655],[99.5063,25.1189],[99.6936,25.0511],[99.8252,25.0873],[99.8535,25.1744],[99.9286,25.2043],[99.9812,25.0984],[100.0388,25.0994],[99.9938,25.0327],[100.0254,24.9536],[100.2101,24.9668],[100.0984,24.6671],[100.2945,24.7575],[100.5654,24.7039],[100.6437,24.822],[100.7474,24.7842],[100.7509,25.1483],[100.8198,25.1926],[100.8185,25.2713],[100.9811,25.2506],[100.9695,25.3248],[101.0349,25.3484],[100.9415,25.4736],[100.9572,25.56],[101.0021,25.5621],[100.9334,25.6998],[100.9735,25.7451],[100.8896,25.8225],[100.9621,25.9459],[100.9044,25.9926],[100.9195,26.1517],[100.7707,26.1867],[100.6474,26.0952],[100.6691,25.9986],[100.4915,26.0155],[100.3947,26.2984],[100.4944,26.3956],[100.4266,26.4748],[100.47,26.4844],[100.3456,26.6241],[100.2428,26.6415],[100.242,26.6959],[100.135,26.6042],[100.0562,26.6437],[100.0162,26.5827],[99.8941,26.6437],[99.7035,26.6241],[99.6433,26.6771],[99.4908,26.5711],[99.5122,26.4257],[99.1591,26.1605],[99.1971,26.1071],[99.026,26.1444],[99.0088,25.9596],[99.0683,25.9559],[99.1372,25.7845],[99.0263,25.818],[99.0493,25.7395],[99.0008,25.7252],[98.8692,25.7767],[98.888,25.6348]]]]}},{"type":"Feature","properties":{"name":"德宏傣族景颇族自治州","adcode":533100,"center":[98.578363,24.436694]},"bbox":[97.5295,23.8411,98.7095,25.3361],"geometry":{"type":"MultiPolygon","coordinates":[[[[98.0894,25.3361],[97.9485,25.2198],[97.8397,25.2706],[97.7202,25.0807],[97.7297,24.9086],[97.7977,24.8459],[97.5473,24.7389],[97.5319,24.4315],[97.6698,24.4528],[97.7155,24.3555],[97.6652,24.2963],[97.7675,24.2591],[97.7306,24.1119],[97.5295,23.9427],[97.647,23.8411],[98.1105,24.0927],[98.551,24.1247],[98.5938,24.0805],[98.7095,24.1213],[98.6911,24.5634],[98.4849,24.5416],[98.4148,24.6364],[98.4321,24.777],[98.5461,24.7995],[98.5337,24.8917],[98.3628,24.8976],[98.3178,24.9577],[98.2358,24.9305],[98.2696,25.0844],[98.1795,25.1405],[98.1926,25.2451],[98.0894,25.3361]]]]}},{"type":"Feature","properties":{"name":"怒江傈僳族自治州","adcode":533300,"center":[98.854304,25.850949]},"bbox":[98.1324,25.5507,99.6433,28.386],"geometry":{"type":"MultiPolygon","coordinates":[[[[99.6433,26.6771],[99.5591,26.8999],[99.4155,26.9729],[99.3747,26.9087],[99.2973,27.067],[99.2112,26.9821],[99.0002,26.9962],[98.9652,27.1669],[99.0077,27.295],[98.9184,27.335],[98.8796,27.5706],[98.9186,27.6314],[98.8386,27.7057],[98.87,27.7674],[98.7983,27.8511],[98.7939,28.0259],[98.6961,28.2155],[98.4001,28.1047],[98.3001,28.386],[98.2098,28.3586],[98.265,28.2399],[98.169,28.2043],[98.1324,27.9832],[98.1881,27.939],[98.1694,27.8509],[98.3175,27.5196],[98.4292,27.5488],[98.4441,27.6652],[98.7038,27.5609],[98.687,27.4252],[98.7408,27.3303],[98.6959,27.21],[98.7126,27.0758],[98.7656,27.051],[98.7308,26.8513],[98.7811,26.601],[98.6729,26.24],[98.7355,26.1834],[98.7204,26.1281],[98.6622,26.0872],[98.6547,26.1407],[98.5753,26.1179],[98.6144,25.9688],[98.7287,25.8339],[98.7669,25.5555],[98.8703,25.5507],[98.8692,25.7767],[99.0008,25.7252],[99.0493,25.7395],[99.0263,25.818],[99.1372,25.7845],[99.0683,25.9559],[99.0088,25.9596],[99.026,26.1444],[99.1971,26.1071],[99.1591,26.1605],[99.4808,26.3891],[99.521,26.4486],[99.4908,26.5711],[99.6433,26.6771]]]]}},{"type":"Feature","properties":{"name":"迪庆藏族自治州","adcode":533400,"center":[99.706463,27.826853]},"bbox":[98.5943,26.8737,100.3092,29.2214],"geometry":{"type":"MultiPolygon","coordinates":[[[[100.2995,27.7361],[100.3092,27.8591],[100.1699,27.9077],[100.1962,27.9374],[100.0212,28.1474],[100.1682,28.2207],[100.1726,28.3211],[100.0542,28.3766],[100.0747,28.4243],[99.9616,28.5615],[99.7331,28.7195],[99.7178,28.8463],[99.6256,28.8146],[99.5408,28.6236],[99.4029,28.5458],[99.4024,28.1507],[99.1654,28.4245],[99.1837,28.5889],[99.1043,28.8143],[99.1138,29.2214],[98.9764,29.2045],[99.0154,29.0424],[98.9261,28.9785],[98.9173,28.8879],[98.9738,28.8649],[98.9222,28.8068],[98.828,28.8216],[98.7857,28.9988],[98.6308,28.9729],[98.6817,28.7309],[98.5943,28.6828],[98.6201,28.5115],[98.7536,28.3369],[98.6849,28.1892],[98.7939,28.0259],[98.7983,27.8511],[98.87,27.7674],[98.8386,27.7057],[98.9186,27.6314],[98.8796,27.5706],[98.9184,27.335],[99.0077,27.295],[98.9652,27.1669],[99.0002,26.9962],[99.2112,26.9821],[99.2727,27.0248],[99.2573,27.075],[99.3747,26.9087],[99.4155,26.9729],[99.4929,26.9618],[99.3834,27.2137],[99.441,27.3469],[99.411,27.4755],[99.5513,27.5637],[99.6601,27.2894],[99.9489,26.9964],[99.9608,26.8737],[100.0342,26.9008],[100.0626,27.1573],[100.2396,27.3161],[100.1772,27.4715],[100.2995,27.7361]]]]}},{"type":"Feature","properties":{"name":"拉萨","adcode":540100,"center":[91.132212,29.660361]},"bbox":[89.7547,29.2445,92.6254,31.0414],"geometry":{"type":"MultiPolygon","coordinates":[[[[90.3492,29.3074],[90.424,29.2445],[90.522,29.2479],[90.7087,29.3379],[90.9822,29.3794],[91.217,29.5272],[91.405,29.4898],[91.5477,29.5754],[91.6921,29.5198],[91.8426,29.5822],[92.1285,29.5229],[92.2852,29.5668],[92.3848,29.6265],[92.394,29.8231],[92.2924,29.7903],[92.1669,29.8811],[92.1772,29.9481],[92.4344,30.0148],[92.4385,30.0731],[92.5546,30.0969],[92.6254,30.2015],[92.2224,30.3157],[92.1729,30.2134],[91.9599,30.1855],[91.9282,30.2795],[91.8594,30.2848],[91.8538,30.4303],[91.7931,30.4455],[91.9039,30.5144],[91.8784,30.5587],[91.7386,30.7283],[91.5481,30.6511],[91.4286,30.7052],[91.3471,31.0414],[91.1153,31.0404],[91.1613,30.9631],[91.0809,30.8818],[90.9404,31.0133],[90.7562,31.0124],[90.5968,30.5725],[90.6547,30.4692],[90.4503,30.3848],[90.3946,30.2835],[90.2514,30.2831],[90.0699,29.9532],[89.8362,29.948],[89.8956,29.7462],[89.7547,29.5835],[89.8152,29.5287],[89.7891,29.4224],[89.9448,29.3359],[90.3492,29.3074]]]]}},{"type":"Feature","properties":{"name":"日喀则","adcode":540200,"center":[88.885148,29.267519]},"bbox":[82.1435,27.2094,90.3492,31.8068],"geometry":{"type":"MultiPolygon","coordinates":[[[[89.8992,29.9753],[89.7769,30.1851],[89.7187,30.1599],[89.7007,30.2202],[89.4961,30.2549],[89.3683,30.2291],[89.2017,30.3113],[88.9491,30.196],[88.6462,30.2206],[88.5181,30.0503],[88.412,30.2435],[88.215,30.2187],[88.1178,30.276],[88.0822,30.3761],[87.8609,30.3931],[87.7483,30.3321],[87.5776,30.3671],[87.473,30.5515],[87.1812,30.5497],[87.1012,30.9355],[86.887,30.739],[86.9767,30.92],[86.7357,30.8313],[86.7842,30.6641],[86.8714,30.6489],[86.898,30.7291],[86.854,30.5823],[86.9315,30.6035],[86.9415,30.5093],[86.8582,30.5683],[86.7809,30.5215],[86.7063,30.5472],[86.7189,30.4518],[86.5563,30.4448],[86.5818,30.391],[86.5326,30.4824],[86.4295,30.4812],[86.4243,30.7008],[86.3399,30.7944],[86.3157,30.953],[86.1947,31.0039],[85.9933,30.7446],[85.8209,30.782],[85.837,30.6666],[85.7106,30.6403],[85.8687,30.5938],[85.9342,30.3432],[85.8719,30.3621],[85.762,30.2688],[85.8557,30.1378],[85.7722,30.1428],[85.8029,30.0523],[85.6667,29.9692],[85.6966,29.9003],[85.5457,29.8707],[85.5911,29.7774],[85.4425,29.8556],[85.4025,29.7237],[85.1646,29.6966],[84.8555,29.9824],[84.7368,29.9996],[84.7086,30.2497],[84.5727,30.4061],[84.4523,30.4431],[84.5097,30.5621],[84.4713,30.6214],[84.7745,30.9305],[84.6147,31.0692],[84.5954,31.2719],[84.209,31.3686],[84.2078,31.4111],[84.3752,31.487],[84.5242,31.4859],[84.6684,31.6486],[84.4558,31.7086],[84.3789,31.8068],[84.3864,31.6174],[84.2115,31.6727],[84.1091,31.6071],[84.0381,31.641],[83.8275,31.5696],[83.473,31.5881],[83.37,31.6271],[83.3068,31.7292],[83.2666,31.6521],[83.1841,31.6894],[83.0472,31.607],[82.9139,31.6326],[82.9794,31.5707],[82.8207,31.5783],[82.9672,31.4775],[82.9925,31.2589],[82.9662,31.1735],[82.8232,31.1543],[82.8012,31.0188],[83.0441,30.8113],[83.1473,30.8049],[83.1448,30.6092],[83.0698,30.5059],[82.9498,30.5396],[82.9498,30.6477],[82.7096,30.7961],[82.6352,30.7218],[82.6377,30.365],[82.467,30.4255],[82.4249,30.3558],[82.3228,30.4335],[82.1435,30.2],[82.2094,30.151],[82.1779,30.0682],[82.5613,29.9554],[82.6239,29.8346],[82.7312,29.8258],[82.6916,29.7662],[82.8306,29.6875],[82.9467,29.7089],[83.0888,29.6048],[83.2666,29.5712],[83.5963,29.1741],[83.9172,29.3246],[84.095,29.2946],[84.2028,29.2401],[84.1676,29.1699],[84.1945,29.0448],[84.2488,29.0306],[84.2345,28.8893],[84.4083,28.854],[84.4831,28.7351],[84.6197,28.7324],[84.6982,28.6334],[84.8572,28.5677],[84.9815,28.5864],[85.0569,28.6745],[85.1804,28.6416],[85.1899,28.5448],[85.1085,28.4612],[85.1251,28.3326],[85.3795,28.2744],[85.526,28.3246],[85.6126,28.2526],[85.7167,28.3801],[85.7535,28.2278],[85.8542,28.1724],[86.0024,27.9074],[86.1255,27.9233],[86.0865,28.0899],[86.1912,28.1669],[86.2312,27.9748],[86.4152,27.9046],[86.5183,27.9604],[86.5691,28.1031],[86.7003,28.1015],[87.228,27.8131],[87.5589,27.8629],[87.7278,27.8029],[87.8468,27.9455],[88.1116,27.8649],[88.1439,27.9551],[88.416,27.9808],[88.6451,28.1113],[88.7641,28.0683],[88.8451,27.9962],[88.8884,27.8466],[88.7707,27.5678],[88.7831,27.4672],[88.9881,27.2094],[89.1831,27.3739],[89.0956,27.4716],[89.1634,27.5745],[89.1317,27.6336],[89.5109,28.0861],[89.7898,28.2411],[90.0297,28.1392],[90.1878,28.1655],[90.2293,28.348],[90.1366,28.3382],[90.0888,28.3945],[90.1215,28.5666],[90.0637,28.6178],[90.2234,28.8013],[90.1828,28.9657],[90.3492,29.3074],[89.9448,29.3359],[89.7891,29.4224],[89.8152,29.5287],[89.7547,29.5835],[89.8956,29.7462],[89.8362,29.948],[89.8992,29.9753]]],[[[85.7602,30.9518],[85.8269,30.7972],[85.9011,30.7831],[85.8627,30.8683],[85.9444,30.8649],[85.9317,30.9267],[85.7602,30.9518]]]]}},{"type":"Feature","properties":{"name":"昌都","adcode":540300,"center":[97.178452,31.136875]},"bbox":[93.5987,28.4352,99.1138,32.5618],"geometry":{"type":"MultiPolygon","coordinates":[[[[98.6848,28.4352],[98.626,28.4896],[98.5945,28.6678],[98.6817,28.7308],[98.6308,28.9729],[98.7866,28.9986],[98.828,28.8216],[98.9221,28.8068],[98.9722,28.8344],[98.9179,28.887],[98.926,28.9785],[99.0155,29.0522],[98.9627,29.1753],[99.1138,29.2213],[98.9967,29.6474],[99.0684,29.9314],[98.9059,30.683],[98.9523,30.7697],[98.7804,30.8933],[98.806,30.9957],[98.6017,31.1918],[98.6401,31.3376],[98.7799,31.2511],[98.8871,31.3746],[98.4146,31.8326],[98.4347,32.0078],[98.2196,32.2338],[98.2188,32.3423],[97.7576,32.5309],[97.3465,32.5618],[97.3355,32.5142],[97.3885,32.5015],[97.3415,32.4398],[97.4246,32.3234],[97.3697,32.2731],[97.2996,32.295],[97.2642,32.1826],[97.3085,32.0767],[97.2199,32.1091],[97.2335,32.0461],[97.1697,32.033],[96.9573,32.0626],[96.9426,31.9866],[96.8943,32.0138],[96.8703,31.9677],[96.7335,32.0262],[96.8371,31.7155],[96.7752,31.6739],[96.4681,31.7705],[96.3894,31.9199],[96.189,31.9028],[96.178,31.7756],[96.253,31.6937],[96.205,31.599],[95.9826,31.8167],[95.8993,31.8147],[95.8249,31.682],[95.7362,31.7641],[95.5116,31.7506],[95.361,31.9592],[95.4544,32.0078],[95.4401,32.1575],[95.3127,32.1489],[95.2412,32.3205],[95.0802,32.279],[95.2617,32.3481],[95.2184,32.397],[94.9447,32.4046],[94.7595,32.5294],[94.6503,32.4609],[94.7609,32.3418],[94.6505,32.1529],[94.6892,32.0471],[94.6515,31.8465],[94.7528,31.798],[94.7736,31.723],[94.6849,31.6388],[94.8923,31.5368],[94.8709,31.413],[94.9731,31.3584],[95.0361,31.1596],[94.7729,31.079],[94.7176,31.1684],[94.7611,31.3594],[94.619,31.3149],[94.5626,31.4304],[94.4824,31.3507],[94.2982,31.3131],[94.2145,31.0987],[94.3446,30.9171],[94.3223,30.8512],[93.9938,30.8796],[93.964,30.8384],[93.6998,30.9313],[93.5987,30.8701],[93.6814,30.8525],[93.6799,30.7564],[94.1542,30.4869],[94.3227,30.5957],[94.3821,30.5413],[94.6072,30.5496],[94.688,30.6205],[95.0114,30.559],[95.1005,30.5829],[95.1059,30.6605],[95.2081,30.615],[95.2671,30.6527],[95.3664,30.5506],[95.4296,30.6095],[95.6989,30.555],[95.6975,30.4811],[95.9364,30.2458],[96.0566,30.2561],[96.1399,30.1968],[96.3357,30.3217],[96.4263,30.3256],[96.4791,30.2667],[96.5597,30.2952],[96.6312,30.2336],[96.5997,30.144],[96.6658,30.1142],[96.4762,29.7808],[96.6243,29.6396],[96.6542,29.5656],[96.6013,29.5038],[96.706,29.4189],[96.5413,29.3567],[96.7141,29.1776],[96.9163,29.1223],[96.919,29.1969],[96.9826,29.2022],[96.9826,29.4825],[97.0578,29.4827],[97.0885,29.5407],[97.1536,29.4462],[97.2988,29.4505],[97.3595,29.362],[97.4103,29.0686],[97.5458,29.0965],[97.541,29.1874],[97.6152,29.2067],[97.5477,29.2811],[97.6119,29.2901],[97.7447,29.2316],[97.8402,29.1055],[97.9851,29.1351],[98.1167,29.0003],[98.1471,28.8621],[98.2406,28.9201],[98.3297,28.7898],[98.4378,28.7887],[98.541,28.511],[98.6848,28.4352]]]]}},{"type":"Feature","properties":{"name":"林芝","adcode":540400,"center":[94.362348,29.654693]},"bbox":[92.1669,27.5555,98.7536,30.6605],"geometry":{"type":"MultiPolygon","coordinates":[[[[94.1542,30.4869],[94.0002,30.2973],[93.8784,30.333],[93.7671,30.2792],[93.555,30.29],[93.4083,30.3484],[93.4296,30.4079],[93.3594,30.4698],[93.2468,30.4948],[93.1488,30.4046],[93.0247,30.5109],[93.0243,30.5841],[92.8973,30.6067],[92.8757,30.5328],[92.7839,30.519],[92.7502,30.3272],[92.6192,30.3012],[92.6254,30.2015],[92.5546,30.0969],[92.4385,30.0731],[92.3647,29.9759],[92.1772,29.9481],[92.1669,29.8811],[92.3061,29.7863],[92.356,29.8279],[92.504,29.793],[92.4746,29.5581],[92.5879,29.6645],[92.7497,29.6489],[92.8838,29.7176],[92.9754,29.6715],[93.096,29.4867],[93.1016,29.3341],[93.0251,29.3054],[92.9174,29.1243],[92.7935,29.0632],[92.7499,28.9158],[92.6544,28.8192],[92.4978,28.8678],[92.4391,28.7637],[92.4936,28.7149],[92.567,28.803],[92.8044,28.7015],[92.9207,28.7697],[93.0877,28.7239],[93.3463,28.7491],[93.4677,28.6686],[93.7557,28.6888],[93.8819,28.5661],[93.8888,28.396],[94.0317,28.3622],[94.1569,28.2318],[94.1463,28.0855],[94.3239,27.8932],[94.3125,27.7376],[94.3625,27.7142],[94.234,27.6321],[94.2535,27.5555],[94.5251,27.5961],[94.8859,27.7431],[95.2866,27.94],[95.3968,28.1423],[95.8322,28.2949],[95.989,28.1984],[96.2742,28.2287],[96.2957,28.1425],[96.4517,28.1524],[96.4998,28.0673],[96.81,27.8904],[96.9737,27.8606],[97.0935,27.7378],[97.2512,27.8904],[97.3863,27.886],[97.413,28.0136],[97.3063,28.0731],[97.3508,28.2369],[97.512,28.3155],[97.5081,28.4949],[97.5696,28.5415],[97.6859,28.5199],[97.8009,28.3267],[97.9078,28.3633],[98.0334,28.1873],[98.1395,28.1424],[98.265,28.2399],[98.2097,28.3585],[98.2812,28.3941],[98.4001,28.1047],[98.7124,28.2295],[98.7536,28.3369],[98.541,28.511],[98.4538,28.7757],[98.3297,28.7898],[98.2406,28.9201],[98.1471,28.8621],[98.1167,29.0003],[97.9851,29.1351],[97.8402,29.1055],[97.7447,29.2316],[97.6119,29.2901],[97.5477,29.2811],[97.6152,29.2067],[97.541,29.1874],[97.5458,29.0965],[97.4103,29.0686],[97.3595,29.362],[97.2988,29.4505],[97.1536,29.4462],[97.0885,29.5407],[97.0578,29.4827],[96.9826,29.4825],[96.9826,29.2022],[96.919,29.1969],[96.9163,29.1223],[96.7141,29.1776],[96.5413,29.3567],[96.706,29.4189],[96.6013,29.5038],[96.6542,29.5656],[96.6243,29.6396],[96.4762,29.7808],[96.6658,30.1142],[96.5997,30.144],[96.6312,30.2336],[96.5597,30.2952],[96.4791,30.2667],[96.4263,30.3256],[96.3357,30.3217],[96.1399,30.1968],[96.0566,30.2561],[95.9364,30.2458],[95.6975,30.4811],[95.6989,30.555],[95.4296,30.6095],[95.3664,30.5506],[95.2671,30.6527],[95.2081,30.615],[95.1059,30.6605],[95.1005,30.5829],[95.0114,30.559],[94.688,30.6205],[94.6072,30.5496],[94.3821,30.5413],[94.3227,30.5957],[94.1542,30.4869]]]]}},{"type":"Feature","properties":{"name":"山南","adcode":540500,"center":[91.766529,29.236023]},"bbox":[90.0637,26.8548,94.3625,29.8231],"geometry":{"type":"MultiPolygon","coordinates":[[[[90.3492,29.3074],[90.1828,28.9657],[90.2234,28.8013],[90.0637,28.6178],[90.1215,28.5666],[90.0888,28.3945],[90.1366,28.3382],[90.2293,28.348],[90.1878,28.1655],[90.2931,28.1548],[90.3842,28.0608],[90.7958,28.0449],[91.078,27.8465],[91.3098,28.0578],[91.4653,28.0027],[91.4866,27.9375],[91.6246,27.8693],[91.5444,27.8204],[91.6422,27.7666],[91.5622,27.6274],[91.5848,27.5404],[91.7189,27.4674],[92.0104,27.4747],[92.0649,27.3913],[92.126,27.2732],[92.0324,27.1682],[92.0297,27.0787],[92.1248,26.9601],[92.1091,26.8548],[92.6656,26.9524],[93.1113,26.8802],[93.5678,26.938],[93.8171,27.0254],[93.8622,27.1872],[94.2535,27.5555],[94.234,27.6321],[94.3625,27.7142],[94.3125,27.7376],[94.3506,27.8296],[94.2922,27.9629],[94.1463,28.0855],[94.1569,28.2318],[94.0317,28.3622],[93.8888,28.396],[93.8819,28.5661],[93.7557,28.6888],[93.4677,28.6686],[93.3463,28.7491],[93.0877,28.7239],[92.9207,28.7697],[92.8044,28.7015],[92.567,28.803],[92.4936,28.7149],[92.4391,28.7637],[92.4978,28.8678],[92.6544,28.8192],[92.7761,28.9513],[92.7935,29.0632],[92.9174,29.1243],[93.1159,29.3587],[93.084,29.525],[92.93,29.7028],[92.5879,29.6645],[92.5098,29.5459],[92.4644,29.5918],[92.5247,29.7143],[92.504,29.793],[92.394,29.8231],[92.3848,29.6265],[92.1285,29.5229],[91.8426,29.5822],[91.6921,29.5198],[91.5477,29.5754],[91.405,29.4898],[91.217,29.5272],[90.9822,29.3794],[90.7087,29.3379],[90.522,29.2479],[90.424,29.2445],[90.3492,29.3074]]]]}},{"type":"Feature","properties":{"name":"那曲","adcode":540600,"center":[92.060214,31.476004]},"bbox":[85.0561,29.939,95.0477,36.4833],"geometry":{"type":"MultiPolygon","coordinates":[[[[94.7595,32.5294],[94.6146,32.6736],[94.5355,32.5982],[94.3952,32.5943],[94.3672,32.5217],[94.1969,32.5162],[94.1376,32.4338],[93.8587,32.4647],[93.8227,32.5475],[93.722,32.5781],[93.5164,32.4759],[93.463,32.556],[93.3857,32.5252],[93.2398,32.6623],[93.0603,32.6325],[93.0011,32.7411],[92.877,32.697],[92.688,32.766],[92.6362,32.7204],[92.3558,32.7646],[92.2553,32.7207],[92.1986,32.7548],[92.2052,32.8661],[91.9561,32.8205],[91.8397,32.948],[91.5357,33.1],[91.4358,33.0662],[91.2305,33.1425],[91.1484,33.0726],[91.0119,33.1215],[90.9023,33.0831],[90.3668,33.2813],[90.2465,33.4241],[90.0919,33.4698],[89.9881,33.5837],[89.9837,33.7258],[89.9072,33.741],[89.9257,33.8092],[89.7949,33.8655],[89.635,34.0494],[89.8152,34.1678],[89.87,34.3301],[89.7995,34.3962],[89.7997,34.6284],[89.7235,34.704],[89.8677,34.8106],[89.7875,34.9217],[89.5797,34.8941],[89.5931,35.1043],[89.4506,35.224],[89.5322,35.2851],[89.5053,35.3715],[89.7653,35.4825],[89.7,35.5375],[89.7659,35.5998],[89.7299,35.6557],[89.802,35.8478],[89.55,35.8575],[89.428,35.9174],[89.4046,36.017],[89.688,36.0909],[89.2322,36.2957],[89.1279,36.2496],[88.9259,36.3644],[88.7672,36.2921],[88.573,36.4612],[88.3789,36.4833],[87.5706,36.3424],[87.3619,36.4191],[87.1495,36.2974],[86.7461,36.292],[86.1905,36.1326],[86.199,36.032],[86.0708,35.8402],[86.3184,35.6364],[86.2523,35.4846],[86.295,35.3755],[86.1781,35.3215],[86.2349,35.1605],[86.0349,34.7151],[86.0542,34.6571],[85.9438,34.5243],[86.1704,34.3863],[86.1319,34.21],[86.2736,33.8943],[86.1883,33.6535],[86.25,33.6322],[86.3285,33.4216],[86.0206,33.2131],[86.0302,33.1569],[86.1729,33.1589],[86.0695,32.9831],[86.0552,32.9119],[86.1091,32.8583],[86.0741,32.8036],[85.8803,32.6962],[85.4106,32.595],[85.2585,32.488],[85.1765,32.2453],[85.0561,32.1009],[85.1705,31.8712],[85.1255,31.8234],[85.1433,31.659],[85.2836,31.6421],[85.3522,31.5573],[85.4458,31.5768],[85.4794,31.5061],[85.5615,31.4887],[85.6043,31.3619],[86.1684,31.1814],[86.1947,31.0039],[86.3157,30.953],[86.3399,30.7944],[86.4243,30.7008],[86.4295,30.4812],[86.5326,30.4824],[86.5818,30.391],[86.5563,30.4448],[86.7189,30.4518],[86.7063,30.5472],[86.7809,30.5215],[86.8582,30.5683],[86.9415,30.5093],[86.9315,30.6035],[86.854,30.5823],[86.898,30.7291],[86.8714,30.6489],[86.7842,30.6641],[86.7357,30.8313],[86.9767,30.92],[86.887,30.739],[87.1012,30.9355],[87.1812,30.5497],[87.473,30.5515],[87.5776,30.3671],[87.7483,30.3321],[87.8609,30.3931],[88.0822,30.3761],[88.1178,30.276],[88.215,30.2187],[88.412,30.2435],[88.5181,30.0503],[88.6462,30.2206],[88.9491,30.196],[89.2017,30.3113],[89.3683,30.2291],[89.7007,30.2202],[89.7187,30.1599],[89.8134,30.1566],[89.8992,29.9753],[90.0336,29.939],[90.2514,30.2831],[90.3946,30.2835],[90.4503,30.3848],[90.6547,30.4692],[90.5968,30.5725],[90.7203,30.9497],[90.7974,31.0242],[90.9404,31.0133],[91.0809,30.8818],[91.1613,30.9631],[91.1153,31.0404],[91.3471,31.0414],[91.4286,30.7052],[91.5481,30.6511],[91.7386,30.7283],[91.8784,30.5587],[91.9039,30.5144],[91.7931,30.4455],[91.8538,30.4303],[91.8594,30.2848],[91.9282,30.2795],[91.9599,30.1855],[92.1729,30.2134],[92.2224,30.3157],[92.6167,30.2193],[92.6192,30.3012],[92.7502,30.3272],[92.7839,30.519],[92.8757,30.5328],[92.9186,30.6083],[93.0243,30.5841],[93.0247,30.5109],[93.1488,30.4046],[93.2742,30.4964],[93.4296,30.4079],[93.4083,30.3484],[93.555,30.29],[93.7671,30.2792],[93.8784,30.333],[94.0002,30.2973],[94.1542,30.4869],[93.6799,30.7564],[93.6814,30.8525],[93.5987,30.8701],[93.6503,30.9215],[93.8556,30.9042],[93.964,30.8384],[93.9938,30.8796],[94.3223,30.8512],[94.3446,30.9171],[94.2145,31.0987],[94.2982,31.3131],[94.4824,31.3507],[94.5626,31.4304],[94.619,31.3149],[94.7611,31.3594],[94.7176,31.1684],[94.7729,31.079],[95.0477,31.1876],[94.9731,31.3584],[94.8709,31.413],[94.8923,31.5368],[94.6849,31.6388],[94.7736,31.723],[94.7528,31.798],[94.6515,31.8465],[94.6892,32.0471],[94.6505,32.1529],[94.7609,32.3418],[94.6503,32.4609],[94.7595,32.5294]]],[[[86.1236,30.9673],[86.1,31.0579],[85.9154,31.0797],[85.7863,31.0212],[85.7602,30.9518],[85.9317,30.9267],[85.9444,30.8649],[85.8627,30.8683],[85.9011,30.7831],[85.8209,30.782],[85.9591,30.7415],[86.0774,30.8433],[86.1236,30.9673]]]]}},{"type":"Feature","properties":{"name":"阿里地区","adcode":542500,"center":[80.105498,32.503187]},"bbox":[78.3955,29.6966,86.3285,35.8607],"geometry":{"type":"MultiPolygon","coordinates":[[[[86.0706,35.8607],[85.9491,35.7789],[85.6928,35.7518],[85.565,35.6412],[85.2714,35.7888],[84.9947,35.7368],[84.4475,35.5496],[84.4541,35.4744],[84.181,35.3604],[84.0059,35.4224],[83.6222,35.3354],[83.2424,35.4198],[83.1267,35.3986],[82.9991,35.4845],[82.961,35.6715],[82.7886,35.6846],[82.7314,35.6378],[82.4687,35.7174],[82.336,35.6514],[82.3282,35.5595],[82.0433,35.4531],[82.0443,35.3316],[81.8539,35.2586],[81.5132,35.2349],[81.4432,35.3325],[81.2196,35.3191],[81.0992,35.4075],[81.0317,35.3806],[81.0263,35.3119],[80.6893,35.3389],[80.6564,35.3939],[80.4434,35.4453],[80.3037,35.3785],[80.2679,35.2957],[80.3628,35.209],[80.2577,35.2034],[80.2095,35.1227],[80.031,35.0388],[80.0362,34.9028],[79.9268,34.8493],[79.8609,34.5282],[79.8012,34.4789],[79.0389,34.4217],[79.046,34.3235],[78.9836,34.3185],[78.926,34.1557],[78.6616,34.0868],[78.6562,34.0303],[78.7445,33.9805],[78.7799,33.7326],[78.685,33.6545],[78.7548,33.6232],[78.742,33.5533],[78.8471,33.4213],[79.1575,33.179],[79.163,33.012],[79.2555,32.9429],[79.2252,32.7845],[79.3021,32.7221],[79.3083,32.5969],[79.1359,32.4721],[79.1056,32.375],[78.9705,32.3321],[78.7824,32.4806],[78.7416,32.7036],[78.3955,32.5305],[78.5085,32.2979],[78.4308,32.2122],[78.4695,32.1279],[78.5099,32.1473],[78.6013,32.0251],[78.7623,31.9469],[78.6537,31.8218],[78.8458,31.6099],[78.7258,31.5074],[78.7919,31.4362],[78.7797,31.317],[78.8806,31.2988],[78.9948,31.1708],[79.0101,31.0442],[79.0972,30.9921],[79.3294,30.9627],[79.3164,31.0179],[79.4047,31.0716],[79.5978,30.9261],[79.6906,30.9707],[79.9127,30.8329],[80.0439,30.6035],[80.3087,30.5688],[80.7196,30.4149],[80.8172,30.3214],[81.0344,30.2472],[81.0961,30.0531],[81.2258,30.0055],[81.2932,30.0949],[81.2693,30.1534],[81.3939,30.1993],[81.4185,30.4203],[81.5557,30.3696],[81.6301,30.4466],[81.991,30.3227],[82.0837,30.3533],[82.1435,30.2],[82.3228,30.4335],[82.4249,30.3558],[82.467,30.4255],[82.6377,30.365],[82.6352,30.7218],[82.7096,30.7961],[82.9498,30.6477],[82.9498,30.5396],[83.0698,30.5059],[83.179,30.7052],[83.1582,30.7896],[83.0441,30.8113],[82.9409,30.9381],[82.8949,30.9161],[82.7921,31.0563],[82.8232,31.1543],[82.9662,31.1735],[82.9925,31.2589],[82.9672,31.4775],[82.8358,31.5351],[82.8429,31.5933],[82.9794,31.5707],[82.9139,31.6326],[83.0472,31.607],[83.1841,31.6894],[83.2666,31.6521],[83.3068,31.7292],[83.37,31.6271],[83.473,31.5881],[83.8275,31.5696],[84.0381,31.641],[84.1091,31.6071],[84.2115,31.6727],[84.3864,31.6174],[84.3497,31.7808],[84.3982,31.8045],[84.4558,31.7086],[84.6684,31.6486],[84.5242,31.4859],[84.3752,31.487],[84.2078,31.4111],[84.209,31.3686],[84.5954,31.2719],[84.6147,31.0692],[84.7745,30.9305],[84.4713,30.6214],[84.5097,30.5621],[84.4523,30.4431],[84.5727,30.4061],[84.7086,30.2497],[84.7368,29.9996],[84.8555,29.9824],[85.1646,29.6966],[85.4025,29.7237],[85.4425,29.8556],[85.5911,29.7774],[85.5457,29.8707],[85.6966,29.9003],[85.6667,29.9692],[85.8029,30.0523],[85.7722,30.1428],[85.8557,30.1378],[85.762,30.2688],[85.8719,30.3621],[85.9342,30.3432],[85.8687,30.5938],[85.715,30.6218],[85.7378,30.6776],[85.8472,30.6807],[85.7954,30.7386],[85.8277,30.83],[85.7718,31.0086],[85.8557,31.0708],[86.0733,31.067],[86.1236,30.9673],[86.1947,31.0039],[86.1963,31.0678],[86.1319,31.2134],[85.6043,31.3619],[85.5615,31.4887],[85.4794,31.5061],[85.4458,31.5768],[85.3522,31.5573],[85.2836,31.6421],[85.1433,31.659],[85.1255,31.8234],[85.1705,31.8712],[85.0561,32.1009],[85.1765,32.2453],[85.2585,32.488],[85.4106,32.595],[85.8803,32.6962],[86.0741,32.8036],[86.1091,32.8583],[86.0552,32.9119],[86.0695,32.9831],[86.1729,33.1589],[86.0302,33.1569],[86.0206,33.2131],[86.3285,33.4216],[86.25,33.6322],[86.1883,33.6535],[86.2736,33.8943],[86.1319,34.21],[86.1704,34.3863],[85.9438,34.5243],[86.0542,34.6571],[86.0349,34.7151],[86.2349,35.1605],[86.1781,35.3215],[86.295,35.3755],[86.2523,35.4846],[86.3184,35.6364],[86.0706,35.8607]]]]}},{"type":"Feature","properties":{"name":"西安","adcode":610100,"center":[108.948024,34.263161]},"bbox":[107.6658,33.6941,109.8222,34.7393],"geometry":{"type":"MultiPolygon","coordinates":[[[[109.7545,34.2122],[109.456,34.2982],[109.4619,34.3942],[109.3913,34.4685],[109.4498,34.5536],[109.4299,34.7138],[109.3651,34.7393],[109.1731,34.6919],[109.1388,34.5888],[108.9552,34.5659],[108.961,34.4248],[108.8032,34.3595],[108.7968,34.2967],[108.6921,34.239],[108.3286,34.1959],[108.0279,34.2281],[107.9499,33.9854],[107.8103,33.995],[107.7138,33.9274],[107.6658,33.76],[107.8543,33.6941],[107.9031,33.7489],[108.1802,33.7119],[108.346,33.7938],[108.5843,33.7645],[108.6501,33.8415],[108.7785,33.798],[109.0515,33.9232],[109.5085,33.848],[109.593,33.8968],[109.5332,33.9821],[109.5671,34.0647],[109.8222,34.1557],[109.7545,34.2122]]],[[[109.1742,33.8087],[109.1624,33.8127],[109.1473,33.7993],[109.1742,33.8087]]]]}},{"type":"Feature","properties":{"name":"铜川","adcode":610200,"center":[108.979608,34.916582]},"bbox":[108.5835,34.8049,109.4956,35.5801],"geometry":{"type":"MultiPolygon","coordinates":[[[[108.8686,35.3447],[108.6707,35.2105],[108.5835,35.0435],[108.689,34.8807],[108.8233,34.8049],[108.9737,34.8217],[108.9673,34.8801],[109.0617,34.8888],[109.2742,35.0996],[109.4442,35.0888],[109.4335,35.1674],[109.3622,35.1644],[109.2835,35.251],[109.4956,35.3573],[109.4667,35.5091],[109.2438,35.5237],[109.2036,35.5801],[109.0516,35.5488],[108.8686,35.3447]]]]}},{"type":"Feature","properties":{"name":"宝鸡","adcode":610300,"center":[107.14487,34.369315]},"bbox":[106.314,33.5794,108.0531,35.085],"geometry":{"type":"MultiPolygon","coordinates":[[[[108.0279,34.2281],[107.9508,34.2878],[108.0531,34.3258],[107.9805,34.5759],[108.0321,34.6266],[108.0153,34.726],[107.9518,34.8633],[107.858,34.8444],[107.82,34.9737],[107.6399,34.9188],[107.5722,34.9714],[107.524,34.9099],[107.3224,34.9381],[107.223,34.8782],[106.9908,35.0685],[106.5435,35.085],[106.4832,34.9801],[106.575,34.7701],[106.4596,34.7056],[106.4672,34.641],[106.314,34.5787],[106.3344,34.5179],[106.4878,34.5234],[106.7174,34.3692],[106.6639,34.2432],[106.5264,34.292],[106.4965,34.2551],[106.5849,34.1495],[106.5019,34.1049],[106.4109,33.9092],[106.4934,33.8461],[106.4826,33.7073],[106.5967,33.5794],[106.7057,33.6769],[106.675,33.7014],[106.7973,33.6824],[106.8556,33.8744],[107.0282,33.7946],[107.0631,33.8704],[107.1874,33.7518],[107.342,33.8141],[107.3056,33.7102],[107.4003,33.6513],[107.6738,33.6995],[107.7138,33.9274],[107.8103,33.995],[107.9499,33.9854],[108.0279,34.2281]]]]}},{"type":"Feature","properties":{"name":"咸阳","adcode":610400,"center":[108.705117,34.333439]},"bbox":[107.6519,34.2221,109.1732,35.5378],"geometry":{"type":"MultiPolygon","coordinates":[[[[107.82,34.9737],[107.858,34.8444],[107.9518,34.8633],[108.0153,34.726],[108.0321,34.6266],[107.9805,34.5759],[108.0531,34.3258],[107.9537,34.3218],[107.9902,34.2221],[108.6921,34.239],[108.7968,34.2967],[108.8032,34.3595],[108.961,34.4248],[108.9552,34.5659],[109.1388,34.5888],[109.1682,34.6665],[109.1732,34.7056],[109.0464,34.6871],[108.9572,34.8298],[108.8233,34.8049],[108.689,34.8807],[108.5835,35.0435],[108.7506,35.2934],[108.8733,35.3261],[108.7674,35.4868],[108.6592,35.5378],[108.606,35.5028],[108.6311,35.4186],[108.5683,35.2909],[108.2394,35.2562],[108.1938,35.3066],[107.9498,35.2453],[107.7166,35.3023],[107.7373,35.2674],[107.6519,35.2397],[107.8483,35.0239],[107.82,34.9737]]]]}},{"type":"Feature","properties":{"name":"渭南","adcode":610500,"center":[109.502882,34.499381]},"bbox":[108.9673,34.2097,110.6094,35.8541],"geometry":{"type":"MultiPolygon","coordinates":[[[[110.431,34.4095],[110.3606,34.5173],[110.3792,34.6005],[110.2366,34.6704],[110.2309,34.8807],[110.3737,35.1342],[110.3748,35.252],[110.6094,35.6322],[110.5494,35.8541],[110.2822,35.7117],[110.1628,35.71],[110.1332,35.6751],[110.283,35.567],[110.0874,35.4067],[109.5469,35.4438],[109.476,35.3402],[109.2835,35.251],[109.3622,35.1644],[109.4335,35.1674],[109.4267,35.0692],[109.2742,35.0996],[109.0617,34.8888],[108.9673,34.8801],[109.0464,34.6871],[109.2866,34.6877],[109.4109,34.7431],[109.4498,34.5536],[109.3913,34.4685],[109.5236,34.2559],[109.7545,34.2122],[109.8256,34.2882],[109.9644,34.2097],[110.0241,34.2404],[110.0072,34.3686],[110.06,34.4132],[110.431,34.4095]]]]}},{"type":"Feature","properties":{"name":"延安","adcode":610600,"center":[109.49081,36.596537]},"bbox":[107.6599,35.3498,110.5494,37.4985],"geometry":{"type":"MultiPolygon","coordinates":[[[[110.5494,35.8541],[110.4505,36.1322],[110.5022,36.531],[110.3945,36.6768],[110.4518,36.7265],[110.3841,36.7753],[110.4187,36.9736],[110.0876,36.9853],[109.9545,37.2063],[110.0131,37.2049],[110.0283,37.2652],[109.9191,37.3141],[109.762,37.2707],[109.8037,37.3473],[109.7178,37.4354],[109.6347,37.4194],[109.4925,37.4985],[109.343,37.3474],[109.0137,37.3039],[108.8896,37.2223],[108.8624,37.2635],[108.883,37.151],[108.7509,37.1144],[108.8158,37.0299],[108.7682,36.9748],[108.6512,37.0396],[108.5012,37.0013],[108.5478,37.1636],[108.4527,37.2538],[108.4864,37.2854],[108.4188,37.4072],[108.2166,37.3251],[108.2822,37.2616],[108.2133,37.1719],[108.124,37.2041],[108.1022,37.1301],[107.8886,37.084],[107.8587,37.2123],[107.7977,37.2461],[107.6758,37.1217],[107.7202,37.0735],[107.6599,37.0585],[107.6951,36.9966],[107.7527,37.0011],[107.6933,36.9742],[107.7231,36.8591],[107.6721,36.8329],[107.9067,36.7524],[107.9375,36.6582],[108.0047,36.6831],[108.0462,36.5962],[108.1636,36.5637],[108.2229,36.6309],[108.2166,36.5713],[108.3596,36.5473],[108.4014,36.447],[108.6189,36.4339],[108.7123,36.1388],[108.6565,35.953],[108.4995,35.8723],[108.5233,35.6612],[108.6229,35.5408],[108.7674,35.4868],[108.8465,35.3498],[108.9231,35.3631],[109.0516,35.5488],[109.1799,35.5808],[109.2438,35.5237],[109.4667,35.5091],[109.4956,35.3573],[109.5469,35.4438],[110.0874,35.4067],[110.283,35.567],[110.1332,35.6751],[110.1628,35.71],[110.2822,35.7117],[110.5494,35.8541]]]]}},{"type":"Feature","properties":{"name":"汉中","adcode":610700,"center":[107.028621,33.077668]},"bbox":[105.4955,32.1472,108.2791,33.8744],"geometry":{"type":"MultiPolygon","coordinates":[[[[108.0542,33.7098],[107.9031,33.7489],[107.8543,33.6941],[107.6959,33.7237],[107.4003,33.6513],[107.3056,33.7102],[107.342,33.8141],[107.1874,33.7518],[107.0631,33.8704],[107.0282,33.7946],[106.8556,33.8744],[106.7973,33.6824],[106.675,33.7014],[106.7057,33.6769],[106.5411,33.5131],[106.456,33.5379],[106.4314,33.6191],[106.1872,33.5465],[106.0867,33.6171],[105.9797,33.6124],[105.842,33.4901],[105.8297,33.3828],[105.709,33.3807],[105.7928,33.2628],[105.9669,33.2002],[105.9683,33.1541],[105.9277,33.1985],[105.8964,33.1427],[105.9368,33.1136],[105.9174,32.9938],[105.6445,32.8827],[105.514,32.9191],[105.4955,32.8732],[105.5964,32.6992],[105.8225,32.7702],[105.8312,32.8261],[106.0217,32.8575],[106.0936,32.8238],[106.0642,32.7822],[106.12,32.7197],[106.4205,32.6166],[106.7321,32.7385],[106.7843,32.6973],[107.0668,32.7089],[107.0801,32.5424],[107.2306,32.4161],[107.3779,32.5389],[107.4363,32.5298],[107.4572,32.4177],[107.6505,32.4129],[107.8358,32.2231],[107.9957,32.1472],[108.0186,32.2118],[108.1808,32.2591],[108.1155,32.4332],[108.2791,32.4971],[108.188,32.6082],[108.266,32.6153],[108.2406,32.7161],[108.129,32.777],[108.0782,32.8775],[108.1379,33.0089],[108.1073,33.2109],[108.0218,33.2579],[108.1586,33.4324],[108.0605,33.52],[108.0542,33.7098]]],[[[106.0767,32.7638],[106.0727,32.7639],[106.0717,32.7582],[106.0767,32.7638]]]]}},{"type":"Feature","properties":{"name":"榆林","adcode":610800,"center":[109.741193,38.290162]},"bbox":[107.261,36.8286,111.2475,39.587],"geometry":{"type":"MultiPolygon","coordinates":[[[[110.4187,36.9736],[110.3832,37.0218],[110.4412,37.0062],[110.6901,37.287],[110.6318,37.3988],[110.745,37.4507],[110.7949,37.5662],[110.7961,37.6631],[110.7035,37.7186],[110.7557,37.7551],[110.5225,37.9549],[110.5079,38.1849],[110.5775,38.2972],[110.6686,38.3136],[110.9077,38.5211],[110.8808,38.6269],[111.0101,38.8416],[110.98,38.9723],[111.1383,39.0643],[111.2475,39.3023],[111.0644,39.4009],[111.1368,39.587],[110.8908,39.509],[110.6884,39.2675],[110.5966,39.2831],[110.5217,39.3832],[110.435,39.3809],[110.3852,39.3105],[110.2768,39.4203],[110.1525,39.454],[110.1264,39.4168],[110.2109,39.2815],[110.011,39.2086],[109.869,39.2497],[109.9605,39.1867],[109.8939,39.1412],[109.9221,39.107],[109.8601,39.1244],[109.672,38.997],[109.6244,38.8545],[109.5112,38.8338],[109.3387,38.7015],[109.3314,38.5979],[109.2767,38.623],[109.0543,38.434],[108.9385,38.2075],[109.0636,38.1002],[109.0695,38.023],[108.9358,37.9216],[108.7977,38.0479],[108.7777,37.6835],[108.1339,37.622],[108.0254,37.6498],[107.9819,37.7872],[107.6834,37.8877],[107.6207,37.7759],[107.4992,37.7657],[107.4654,37.6912],[107.3869,37.6911],[107.4199,37.6502],[107.3126,37.6101],[107.3722,37.58],[107.261,37.3709],[107.3093,37.2389],[107.2703,37.2291],[107.3378,37.154],[107.2687,37.0995],[107.2948,36.9294],[107.4779,36.9084],[107.5401,36.8286],[107.7231,36.8591],[107.6933,36.9742],[107.7527,37.0011],[107.6599,37.0585],[107.7202,37.0735],[107.6758,37.1217],[107.7977,37.2461],[107.8587,37.2123],[107.8886,37.084],[107.9591,37.0818],[108.1022,37.1301],[108.124,37.2041],[108.2133,37.1719],[108.2822,37.2616],[108.2166,37.3251],[108.4188,37.4072],[108.4864,37.2854],[108.4527,37.2538],[108.5478,37.1636],[108.5012,37.0013],[108.6512,37.0396],[108.7682,36.9748],[108.8158,37.0299],[108.7509,37.1144],[108.883,37.151],[108.8624,37.2635],[108.8896,37.2223],[109.0137,37.3039],[109.343,37.3474],[109.4925,37.4985],[109.7387,37.4248],[109.8124,37.3051],[109.762,37.2707],[109.9191,37.3141],[110.0283,37.2652],[110.0131,37.2049],[109.9545,37.2063],[110.0876,36.9853],[110.4187,36.9736]]]]}},{"type":"Feature","properties":{"name":"安康","adcode":610900,"center":[109.029273,32.6903]},"bbox":[108.0218,31.7169,110.2064,33.8415],"geometry":{"type":"MultiPolygon","coordinates":[[[[109.4389,33.1521],[109.2185,33.1934],[109.1242,33.1598],[109.0596,33.2142],[108.9311,33.125],[108.6623,33.3236],[108.5835,33.2985],[108.6251,33.5332],[108.7507,33.5364],[108.8285,33.6178],[108.7988,33.6546],[108.9455,33.7266],[108.84,33.816],[108.6501,33.8415],[108.5843,33.7645],[108.346,33.7938],[108.0542,33.7098],[108.0605,33.52],[108.1586,33.4324],[108.0218,33.2579],[108.1073,33.2109],[108.1379,33.0089],[108.0782,32.8775],[108.129,32.777],[108.2406,32.7161],[108.266,32.6153],[108.188,32.6082],[108.2779,32.5199],[108.1155,32.4332],[108.1566,32.239],[108.4717,32.2706],[108.5511,32.1761],[109.167,31.8753],[109.2736,31.8011],[109.2816,31.7169],[109.5857,31.7267],[109.6382,31.811],[109.585,31.9005],[109.6217,32.1068],[109.5928,32.2194],[109.4954,32.3004],[109.5269,32.4334],[109.6368,32.5411],[109.6193,32.593],[110.0282,32.5484],[110.2064,32.633],[110.1138,32.8254],[109.7643,32.9093],[109.7945,33.0669],[109.4389,33.1521]]]]}},{"type":"Feature","properties":{"name":"商洛","adcode":611000,"center":[109.939776,33.868319]},"bbox":[108.5835,33.0971,111.0265,34.4132],"geometry":{"type":"MultiPolygon","coordinates":[[[[109.1858,33.8123],[109.154,33.7911],[109.1642,33.8713],[109.0515,33.9232],[108.84,33.816],[108.9455,33.7266],[108.7988,33.6546],[108.8285,33.6178],[108.7507,33.5364],[108.6251,33.5332],[108.5835,33.2985],[108.6623,33.3236],[108.9311,33.125],[109.0596,33.2142],[109.1242,33.1598],[109.2185,33.1934],[109.4389,33.1521],[109.6163,33.2741],[110.2503,33.1603],[110.471,33.1714],[110.541,33.2556],[110.7025,33.0971],[110.997,33.2547],[111.026,33.3304],[111.0037,33.5787],[110.8418,33.6632],[110.7822,33.796],[110.5873,33.887],[110.6756,33.9466],[110.5866,34.024],[110.642,34.1609],[110.4414,34.2424],[110.4326,34.2909],[110.4981,34.3201],[110.4759,34.4092],[110.06,34.4132],[110.0072,34.3686],[110.0405,34.3242],[109.9976,34.2216],[109.8256,34.2882],[109.802,34.224],[109.7436,34.2404],[109.8222,34.1557],[109.5671,34.0647],[109.5332,33.9821],[109.593,33.8968],[109.4425,33.8436],[109.2519,33.8807],[109.1858,33.8123]]],[[[109.1858,33.8123],[109.2074,33.867],[109.1642,33.8713],[109.1858,33.8123]]],[[[111.0265,33.4786],[111.0217,33.4765],[111.021,33.4712],[111.0265,33.4786]]]]}},{"type":"Feature","properties":{"name":"兰州","adcode":620100,"center":[103.823557,36.058039]},"bbox":[102.609,35.5711,104.5772,36.9867],"geometry":{"type":"MultiPolygon","coordinates":[[[[103.5649,36.9738],[103.3172,36.9867],[103.3682,36.9079],[103.4416,36.9505],[103.5416,36.8788],[103.399,36.826],[103.3476,36.9161],[103.2481,36.9166],[103.2582,36.9587],[102.9196,36.9355],[102.9024,36.8651],[102.8104,36.8411],[102.843,36.7746],[102.7783,36.7617],[102.7726,36.6734],[102.6665,36.7076],[102.7315,36.7624],[102.6925,36.7753],[102.6134,36.7386],[102.609,36.6781],[102.7646,36.5755],[102.8454,36.3322],[103.0709,36.2069],[103.4123,36.123],[103.4105,36.0778],[103.5713,36.0919],[103.6333,36.0175],[103.624,35.9349],[103.7764,35.8963],[103.849,35.775],[104.2822,35.5711],[104.4489,35.8756],[104.441,35.9748],[104.5674,36.1125],[104.5772,36.1681],[104.5126,36.2025],[104.5072,36.4286],[104.1841,36.3419],[104.1134,36.2604],[104.1286,36.336],[104.0166,36.4959],[104.0409,36.5737],[103.8992,36.6718],[103.9408,36.7487],[103.9035,36.8035],[103.7772,36.8515],[103.8005,36.7917],[103.6769,36.7906],[103.5649,36.9738]]],[[[102.8318,36.3653],[102.8297,36.3653],[102.8364,36.3446],[102.8318,36.3653]]]]}},{"type":"Feature","properties":{"name":"嘉峪关","adcode":620200,"center":[98.277304,39.786529]},"bbox":[97.8625,39.6543,98.5201,39.9998],"geometry":{"type":"MultiPolygon","coordinates":[[[[97.8625,39.715],[97.9693,39.6628],[98.2177,39.7274],[98.3708,39.6543],[98.4138,39.7103],[98.3555,39.78],[98.4911,39.8407],[98.5201,39.9095],[98.4749,39.9692],[98.0629,39.9998],[97.9839,39.8828],[98.0312,39.828],[97.8625,39.715]]]]}},{"type":"Feature","properties":{"name":"金昌","adcode":620300,"center":[102.187888,38.514238]},"bbox":[101.3378,38.0345,102.7194,38.9968],"geometry":{"type":"MultiPolygon","coordinates":[[[[102.072,38.8929],[101.7756,38.6606],[101.6497,38.6861],[101.5162,38.5483],[101.5185,38.4363],[101.3378,38.3697],[101.4912,38.2284],[101.3862,38.0713],[101.8858,38.103],[102.0946,38.0345],[102.207,38.0555],[102.2539,38.1249],[102.4317,38.1109],[102.5319,38.1849],[102.6786,38.1579],[102.7194,38.1959],[102.7009,38.4115],[102.5727,38.4161],[102.6162,38.47],[102.3978,38.6652],[102.4364,38.9183],[101.9606,38.9968],[102.072,38.8929]]]]}},{"type":"Feature","properties":{"name":"白银","adcode":620400,"center":[104.173606,36.54568]},"bbox":[103.5477,35.4186,105.5207,37.6331],"geometry":{"type":"MultiPolygon","coordinates":[[[[105.486,35.7264],[105.4306,35.813],[105.375,35.8043],[105.3984,35.8552],[105.325,35.9418],[105.344,36.0339],[105.5149,36.1473],[105.3614,36.4982],[105.2602,36.5336],[105.2009,36.7022],[105.3196,36.7429],[105.3327,36.8061],[105.179,36.8922],[105.1654,36.9949],[104.9653,37.0317],[104.8066,37.2347],[104.626,37.2058],[104.6198,37.2906],[104.7146,37.3303],[104.6799,37.4078],[104.4377,37.4458],[104.1836,37.4068],[103.8503,37.6331],[103.7907,37.5863],[103.7463,37.2428],[103.6928,37.2383],[103.5477,36.95],[103.6769,36.7906],[103.8005,36.7917],[103.7772,36.8515],[103.9035,36.8035],[103.9408,36.7487],[103.8992,36.6718],[104.0409,36.5737],[104.0166,36.4959],[104.1286,36.336],[104.1134,36.2604],[104.1841,36.3419],[104.5072,36.4286],[104.5126,36.2025],[104.5772,36.1681],[104.5006,36.0202],[104.6807,36.0338],[104.6465,35.9965],[104.9804,35.7166],[104.9332,35.5129],[105.0837,35.4186],[105.4154,35.4975],[105.5207,35.608],[105.4567,35.689],[105.486,35.7264]]]]}},{"type":"Feature","properties":{"name":"天水","adcode":620500,"center":[105.724998,34.578529]},"bbox":[104.5772,34.0812,106.7174,35.1821],"geometry":{"type":"MultiPolygon","coordinates":[[[[106.4887,35.0209],[106.406,35.0354],[106.3657,35.1328],[106.2755,35.1716],[105.7253,35.0273],[105.5582,35.1821],[105.5416,35.0724],[105.4565,35.1308],[105.2618,35.0282],[105.2178,34.9321],[105.0581,34.9819],[105.0354,34.9254],[104.9209,34.95],[104.8787,34.8561],[104.6201,34.8646],[104.5772,34.7212],[104.5956,34.654],[104.6996,34.6737],[104.6716,34.5758],[104.7385,34.5556],[104.7916,34.4319],[105.039,34.4234],[105.2278,34.533],[105.2916,34.4287],[105.4603,34.3917],[105.558,34.3068],[105.5636,34.0864],[105.6409,34.0812],[105.7404,34.1766],[105.782,34.1196],[106.0178,34.1591],[106.23,34.1181],[106.3236,34.2305],[106.3631,34.1006],[106.4723,34.1549],[106.5265,34.2919],[106.6639,34.2431],[106.7174,34.3692],[106.5139,34.5129],[106.3344,34.5179],[106.3231,34.5899],[106.4672,34.6409],[106.4597,34.7056],[106.575,34.7701],[106.4887,35.0209]]]]}},{"type":"Feature","properties":{"name":"武威","adcode":620600,"center":[102.634697,37.929996]},"bbox":[101.8309,36.6728,104.2074,39.4614],"geometry":{"type":"MultiPolygon","coordinates":[[[[103.5649,36.9738],[103.6928,37.2383],[103.7463,37.2428],[103.7627,37.5419],[103.8503,37.6331],[103.67,37.7867],[103.4018,37.862],[103.3687,38.0889],[103.5349,38.1567],[103.4164,38.405],[103.8598,38.6445],[104.0445,38.895],[104.1679,38.9404],[104.2074,39.0837],[104.0476,39.2977],[104.091,39.4185],[103.8537,39.4614],[103.3569,39.3366],[103.0134,39.1011],[102.5835,39.1808],[102.4536,39.2553],[101.8309,39.094],[102.072,38.8929],[101.9606,38.9968],[102.4364,38.9183],[102.3978,38.6652],[102.6162,38.47],[102.5727,38.4161],[102.7009,38.4115],[102.7238,38.2382],[102.6786,38.1579],[102.5319,38.1849],[102.4317,38.1109],[102.2539,38.1249],[102.207,38.0555],[102.0946,38.0345],[102.1666,37.9945],[102.0315,37.9416],[102.2025,37.8545],[102.0353,37.6277],[102.1309,37.5469],[102.1065,37.4813],[102.4282,37.3083],[102.6373,37.122],[102.498,37.0904],[102.4503,36.9685],[102.7045,36.7922],[102.7315,36.7624],[102.6665,36.7076],[102.7307,36.6728],[102.9196,36.9355],[103.2582,36.9587],[103.2481,36.9166],[103.3476,36.9161],[103.399,36.826],[103.5416,36.8788],[103.4416,36.9505],[103.3682,36.9079],[103.3172,36.9867],[103.5649,36.9738]]]]}},{"type":"Feature","properties":{"name":"张掖","adcode":620700,"center":[100.455472,38.932897]},"bbox":[97.397,37.6277,102.2025,39.8774],"geometry":{"type":"MultiPolygon","coordinates":[[[[102.0353,37.6277],[102.2025,37.8545],[102.0315,37.9416],[102.1692,38.0048],[102.0405,38.0297],[102.0037,38.0948],[101.3862,38.0713],[101.4912,38.2284],[101.3378,38.3697],[101.5185,38.4363],[101.5162,38.5483],[101.613,38.6557],[101.5624,38.713],[101.3167,38.7838],[101.334,38.8485],[101.2399,38.8657],[101.1986,38.9432],[101.2286,39.0207],[100.9692,38.9469],[100.9615,39.006],[100.8351,39.026],[100.8422,39.4057],[100.4991,39.4005],[100.5006,39.4814],[100.3262,39.5091],[100.2501,39.6851],[99.9045,39.7858],[99.8219,39.8601],[99.456,39.8774],[99.141,39.8015],[99.0268,39.854],[98.96,39.7886],[98.9496,39.665],[98.8246,39.6764],[98.8161,39.5921],[99.0537,39.6231],[99.1061,39.5141],[99.2359,39.4584],[99.3081,39.3575],[99.2808,39.2891],[99.1989,39.2759],[99.1763,39.1716],[99.1413,39.2461],[98.9758,39.3307],[98.8665,39.3242],[98.5265,39.4675],[98.5497,39.5097],[98.4341,39.5775],[98.402,39.5144],[98.3302,39.5695],[98.3708,39.6543],[98.2177,39.7274],[97.9693,39.6628],[97.7003,39.6971],[97.5205,39.5387],[97.4773,39.3732],[97.397,39.318],[97.4331,39.126],[98.095,38.7863],[98.2512,38.8912],[98.2923,39.038],[98.5902,38.9332],[98.7437,39.0869],[98.8132,39.0877],[99.1089,38.9463],[99.0688,38.8971],[99.6597,38.4492],[100.128,38.2306],[100.1831,38.2224],[100.1646,38.3275],[100.022,38.4326],[100.0258,38.508],[100.2413,38.4398],[100.2596,38.3664],[100.3009,38.3891],[100.4372,38.268],[100.7149,38.2536],[100.8438,38.1491],[100.9117,38.1792],[100.8947,38.0136],[101.103,37.9465],[101.2027,37.8475],[101.3623,37.7913],[101.5004,37.8579],[101.816,37.6543],[101.9991,37.725],[102.0353,37.6277]]]]}},{"type":"Feature","properties":{"name":"平凉","adcode":620800,"center":[106.684691,35.54279]},"bbox":[105.3455,34.8781,107.8634,35.75],"geometry":{"type":"MultiPolygon","coordinates":[[[[106.0831,35.4218],[106.0345,35.4692],[105.8946,35.4138],[106.0477,35.4981],[105.9028,35.5473],[105.8365,35.4948],[105.6905,35.684],[105.7589,35.725],[105.6689,35.75],[105.5644,35.6877],[105.4573,35.7154],[105.5207,35.608],[105.3455,35.4854],[105.4563,35.3451],[105.4778,35.3884],[105.5405,35.3421],[105.5736,35.2075],[105.6147,35.2164],[105.7253,35.0273],[106.2755,35.1716],[106.3657,35.1328],[106.406,35.0354],[106.4887,35.0209],[106.5435,35.085],[106.7145,35.1056],[106.9908,35.0685],[107.223,34.8781],[107.2867,34.9319],[107.524,34.9098],[107.5721,34.9714],[107.6399,34.9188],[107.8634,34.9992],[107.652,35.2398],[107.7373,35.2674],[107.7443,35.338],[107.5981,35.4871],[107.4796,35.4617],[107.2551,35.5221],[107.0565,35.4655],[106.8767,35.6322],[106.621,35.7438],[106.435,35.6885],[106.5093,35.3588],[106.3636,35.2383],[106.2375,35.4095],[106.1746,35.4384],[106.1065,35.3671],[106.0831,35.4218]]],[[[106.0477,35.4981],[106.054,35.4547],[106.0995,35.4997],[106.0477,35.4981]]],[[[106.073,35.4475],[106.0679,35.4361],[106.073,35.4208],[106.073,35.4475]]],[[[106.5042,35.7362],[106.5064,35.7375],[106.4926,35.7328],[106.5042,35.7362]]]]}},{"type":"Feature","properties":{"name":"酒泉","adcode":620900,"center":[98.510795,39.744023]},"bbox":[92.3401,38.1459,100.2426,42.7952],"geometry":{"type":"MultiPolygon","coordinates":[[[[99.456,39.8774],[99.8814,40.0309],[100.0017,40.197],[100.1697,40.2776],[100.1697,40.5414],[100.2426,40.6186],[100.2373,40.7168],[100.108,40.8756],[99.6733,40.9329],[99.566,40.8467],[99.1747,40.8584],[99.1731,40.7473],[99.1022,40.6764],[98.9851,40.7828],[98.7911,40.7053],[98.803,40.6078],[98.6686,40.7729],[98.57,40.7469],[98.628,40.6779],[98.3442,40.5684],[98.3333,40.9192],[97.9721,41.0979],[97.6164,41.4643],[97.847,41.6566],[97.1727,42.7952],[96.3861,42.7278],[96.0238,42.5425],[95.9788,42.4367],[96.0662,42.4145],[96.0412,42.3265],[96.1784,42.2179],[96.0772,42.1496],[96.1374,42.0196],[96.0392,41.9253],[95.5719,41.7962],[95.3595,41.668],[95.3001,41.5662],[95.1377,41.7725],[94.862,41.6685],[94.7501,41.5383],[94.5342,41.506],[94.0109,41.1149],[93.81,40.8795],[93.7608,40.6648],[92.9284,40.5727],[92.9068,40.3106],[92.7965,40.1538],[92.6399,39.5143],[92.3401,39.2381],[92.3511,39.0836],[92.459,39.0427],[92.494,39.1021],[93.1154,39.1796],[93.1981,39.0464],[93.1793,38.9239],[93.7291,38.9245],[93.8846,38.8677],[93.8841,38.8262],[93.7564,38.8076],[93.8719,38.7226],[94.3701,38.7628],[94.552,38.3503],[94.9735,38.4303],[95.1221,38.417],[95.26,38.3023],[95.455,38.2916],[95.704,38.4001],[96.0441,38.1805],[96.2643,38.1459],[96.3783,38.2773],[96.6651,38.2302],[96.627,38.3565],[96.708,38.4592],[96.6663,38.4837],[96.795,38.5103],[96.7943,38.608],[96.9607,38.5578],[97.056,38.5945],[96.9931,38.8848],[96.9409,38.9079],[97.0119,39.1419],[96.963,39.1984],[97.4331,39.126],[97.397,39.318],[97.4773,39.3732],[97.5205,39.5387],[97.7003,39.6971],[97.829,39.6854],[98.0312,39.828],[97.9839,39.8828],[98.0629,39.9998],[98.4749,39.9692],[98.5188,39.8929],[98.3555,39.78],[98.4138,39.7103],[98.3302,39.5695],[98.402,39.5144],[98.4341,39.5775],[98.5497,39.5097],[98.5265,39.4675],[98.8665,39.3242],[98.9758,39.3307],[99.1413,39.2461],[99.1763,39.1716],[99.1989,39.2759],[99.3052,39.3331],[99.2359,39.4584],[99.1061,39.5141],[99.0537,39.6231],[98.9381,39.5779],[98.8045,39.627],[98.8246,39.6764],[98.9496,39.665],[98.96,39.7886],[99.0268,39.854],[99.141,39.8015],[99.456,39.8774]]],[[[97.8625,39.715],[97.8598,39.7169],[97.8555,39.713],[97.8625,39.715]]]]}},{"type":"Feature","properties":{"name":"庆阳","adcode":621000,"center":[107.638372,35.734218]},"bbox":[106.3642,35.2564,108.7123,37.1587],"geometry":{"type":"MultiPolygon","coordinates":[[[[106.7547,35.6912],[107.0565,35.4655],[107.2551,35.5221],[107.4796,35.4617],[107.5981,35.4871],[107.7006,35.4246],[107.7458,35.3117],[107.8686,35.2564],[108.5683,35.2909],[108.6154,35.3317],[108.6257,35.5371],[108.5398,35.6056],[108.4995,35.8723],[108.6886,36.0211],[108.7123,36.1388],[108.646,36.2542],[108.6513,36.3847],[108.5106,36.4745],[108.4969,36.4227],[108.4026,36.4462],[108.3597,36.5472],[108.2166,36.5713],[108.2229,36.6309],[108.1414,36.5626],[108.032,36.6064],[108.0048,36.6832],[107.9374,36.6582],[107.9074,36.7502],[107.8267,36.7855],[107.5402,36.8286],[107.4779,36.9085],[107.3118,36.913],[107.2687,37.0995],[107.1804,37.1435],[106.9848,37.1075],[106.9057,37.1514],[106.8913,37.0985],[106.7808,37.1587],[106.7565,37.1022],[106.6169,37.1352],[106.6432,36.9629],[106.5799,36.9348],[106.5404,36.9844],[106.6585,36.8196],[106.6323,36.7233],[106.5144,36.7156],[106.445,36.5572],[106.3642,36.5777],[106.5181,36.4809],[106.5104,36.2861],[106.4708,36.3063],[106.5047,36.2661],[106.6059,36.2957],[106.8338,36.2293],[106.9576,36.0916],[106.9442,35.9843],[106.8918,35.9662],[106.9448,35.9402],[106.8502,35.8876],[106.909,35.7677],[106.7547,35.6912]]]]}},{"type":"Feature","properties":{"name":"定西","adcode":621100,"center":[104.626294,35.579578]},"bbox":[103.4766,34.1273,105.6384,36.0415],"geometry":{"type":"MultiPolygon","coordinates":[[[[105.6384,35.1394],[105.5405,35.3421],[105.4778,35.3884],[105.4563,35.3451],[105.3455,35.4854],[105.0837,35.4186],[104.9465,35.4916],[104.9804,35.7166],[104.6465,35.9965],[104.6634,36.0415],[104.441,35.9748],[104.4489,35.8756],[104.2822,35.5711],[103.849,35.775],[103.7764,35.8963],[103.4766,35.9173],[103.8544,35.4981],[103.69,35.2198],[103.7435,35.0448],[104.0248,34.9171],[103.9646,34.8406],[104.0047,34.7352],[103.8334,34.7169],[103.8395,34.5755],[103.7686,34.5233],[103.8113,34.4245],[103.6924,34.3002],[103.8796,34.2674],[104.0287,34.1273],[104.1658,34.2104],[104.116,34.3231],[104.2028,34.3751],[104.3539,34.3696],[104.5276,34.1915],[104.8143,34.2552],[104.8633,34.3018],[104.8445,34.3679],[104.989,34.4256],[104.7916,34.4319],[104.7385,34.5556],[104.6716,34.5758],[104.6996,34.6737],[104.5956,34.654],[104.6201,34.8646],[104.8787,34.8561],[104.9209,34.95],[105.0354,34.9254],[105.0581,34.9819],[105.2178,34.9321],[105.2618,35.0282],[105.4203,35.1143],[105.5243,35.0633],[105.5582,35.1821],[105.6384,35.1394]]]]}},{"type":"Feature","properties":{"name":"陇南","adcode":621200,"center":[104.929379,33.388598]},"bbox":[104.0363,32.5941,106.5848,34.533],"geometry":{"type":"MultiPolygon","coordinates":[[[[106.4942,34.2418],[106.4723,34.1549],[106.3631,34.1006],[106.3236,34.2305],[106.23,34.1181],[106.0178,34.1591],[105.782,34.1196],[105.7404,34.1766],[105.6409,34.0812],[105.5636,34.0864],[105.558,34.3068],[105.4082,34.421],[105.2916,34.4287],[105.2278,34.533],[104.9664,34.3826],[104.8569,34.3794],[104.8143,34.2552],[104.5276,34.1915],[104.3539,34.3696],[104.1494,34.3508],[104.116,34.3231],[104.1658,34.2104],[104.0671,34.178],[104.0363,34.0567],[104.5311,33.7632],[104.5055,33.642],[104.5486,33.6431],[104.5836,33.5164],[104.6994,33.4574],[104.7595,33.308],[104.5676,33.2214],[104.5013,33.3407],[104.4125,33.2817],[104.3028,33.3026],[104.3778,33.1092],[104.3375,33.0382],[104.4261,33.0108],[104.2861,32.9391],[104.2943,32.8357],[104.6419,32.6627],[104.8207,32.6629],[104.8818,32.6012],[105.0303,32.6504],[105.1109,32.5941],[105.4465,32.7322],[105.3807,32.8771],[105.4255,32.9312],[105.5906,32.8768],[105.8617,32.939],[105.928,33.0415],[105.8964,33.1427],[105.9277,33.1985],[105.9683,33.1541],[105.9626,33.2076],[105.7928,33.2627],[105.709,33.3807],[105.8296,33.3829],[105.9027,33.5562],[105.9798,33.6124],[106.0867,33.6171],[106.1872,33.5465],[106.4314,33.6191],[106.4561,33.538],[106.5411,33.5131],[106.5805,33.5759],[106.4826,33.7073],[106.4934,33.8462],[106.4109,33.9092],[106.5019,34.1049],[106.5848,34.1494],[106.5578,34.2297],[106.4942,34.2418]]]]}},{"type":"Feature","properties":{"name":"临夏回族自治州","adcode":622900,"center":[103.212006,35.599446]},"bbox":[102.686,34.9079,103.8544,36.2216],"geometry":{"type":"MultiPolygon","coordinates":[[[[102.7424,35.4952],[102.9491,35.4073],[102.9551,35.2599],[103.0195,35.2886],[103.2621,35.2369],[103.364,35.1427],[103.5359,35.1411],[103.7296,35.0108],[103.6779,34.9928],[103.733,34.9784],[103.6857,34.9079],[103.8337,34.9148],[103.69,35.2198],[103.8544,35.4981],[103.4711,35.8818],[103.5092,35.941],[103.624,35.9349],[103.6333,36.0175],[103.5713,36.0919],[103.4383,36.0692],[103.4123,36.123],[103.1074,36.2216],[102.9874,36.1938],[102.8839,36.089],[102.9692,36.0441],[102.9424,35.8299],[102.784,35.8623],[102.686,35.7721],[102.8088,35.5605],[102.7424,35.4952]]]]}},{"type":"Feature","properties":{"name":"甘南藏族自治州","adcode":623000,"center":[102.911008,34.986354]},"bbox":[100.7644,33.103,104.7595,35.5843],"geometry":{"type":"MultiPolygon","coordinates":[[[[104.0287,34.1273],[103.8796,34.2674],[103.6924,34.3002],[103.8113,34.4245],[103.7686,34.5233],[103.8395,34.5755],[103.8334,34.7169],[104.0047,34.7352],[103.9646,34.8406],[104.0178,34.9368],[103.8606,34.9871],[103.8337,34.9148],[103.6857,34.9079],[103.733,34.9784],[103.6779,34.9928],[103.7296,35.0108],[103.625,35.094],[103.364,35.1427],[103.2621,35.2369],[103.0195,35.2886],[102.971,35.253],[102.927,35.4282],[102.8711,35.4086],[102.5032,35.5843],[102.4476,35.4373],[102.3148,35.4344],[102.2822,35.3851],[102.3177,35.3429],[102.2809,35.3031],[102.37,35.264],[102.4035,35.1782],[102.2799,35.0567],[102.095,34.9868],[102.0684,34.8877],[101.9169,34.8738],[101.9346,34.5875],[102.1558,34.5075],[102.2593,34.3556],[102.1866,34.3528],[102.1483,34.2713],[102.0679,34.2935],[101.9551,34.1096],[101.866,34.1501],[101.7109,34.0868],[101.5406,34.2117],[100.9509,34.3838],[100.8227,34.3186],[100.7644,34.179],[100.999,33.8897],[101.1536,33.8445],[101.1667,33.66],[101.3912,33.6452],[101.5421,33.6952],[101.6353,33.4916],[101.882,33.5793],[101.9464,33.4428],[101.876,33.3142],[101.7699,33.2688],[101.866,33.103],[101.9356,33.1869],[102.0896,33.205],[102.1127,33.2868],[102.2034,33.2233],[102.1869,33.3325],[102.2634,33.4171],[102.3701,33.3942],[102.4625,33.4497],[102.4734,33.5477],[102.3446,33.6068],[102.3416,33.7209],[102.2871,33.7166],[102.3231,33.7575],[102.2345,33.7946],[102.2534,33.8615],[102.1363,33.9652],[102.393,33.9732],[102.4376,34.0872],[102.6604,34.0851],[102.5984,34.1478],[102.8792,34.3121],[103.1783,34.0804],[103.1192,34.0396],[103.1572,33.9987],[103.1205,33.9506],[103.1813,33.9007],[103.1613,33.8072],[103.3496,33.7435],[103.5184,33.8071],[103.5521,33.6715],[103.6517,33.7214],[103.7782,33.6588],[104.0523,33.6853],[104.1694,33.6108],[104.1807,33.4731],[104.2958,33.3329],[104.5013,33.3407],[104.5676,33.2214],[104.7595,33.308],[104.6994,33.4574],[104.5836,33.5164],[104.5486,33.6431],[104.5055,33.642],[104.5311,33.7632],[104.0779,34.0226],[104.0287,34.1273]]]]}},{"type":"Feature","properties":{"name":"西宁","adcode":630100,"center":[101.778916,36.623178]},"bbox":[100.8693,36.231,101.9145,37.4703],"geometry":{"type":"MultiPolygon","coordinates":[[[[100.9174,36.7413],[101.0091,36.5265],[101.2005,36.3402],[101.2752,36.3059],[101.3782,36.3929],[101.6032,36.3223],[101.6684,36.231],[101.7409,36.2994],[101.8216,36.2943],[101.9123,36.5508],[101.7756,36.6766],[101.8052,36.9067],[101.9145,37.1481],[101.7422,37.2478],[101.5403,37.2779],[101.4977,37.3379],[101.0919,37.3845],[100.9541,37.4703],[100.8693,37.3533],[100.9649,37.2424],[101.1289,37.2103],[101.272,37.0583],[101.2977,36.9251],[101.0886,36.8038],[100.907,36.7985],[100.9174,36.7413]]]]}},{"type":"Feature","properties":{"name":"海东","adcode":630200,"center":[102.10327,36.502916]},"bbox":[101.6669,35.4483,103.071,37.1481],"geometry":{"type":"MultiPolygon","coordinates":[[[[102.4506,35.4483],[102.5033,35.5843],[102.7457,35.4951],[102.7829,35.528],[102.7294,35.5236],[102.8087,35.5604],[102.6949,35.7964],[102.787,35.8625],[102.9448,35.83],[102.9686,36.0443],[102.882,36.0835],[103.071,36.2069],[102.8453,36.3322],[102.7646,36.5755],[102.609,36.6781],[102.6134,36.7387],[102.7173,36.7672],[102.4504,36.9685],[102.5061,37.0192],[102.4885,37.0786],[102.3879,37.1068],[102.1638,37.0556],[101.9145,37.1481],[101.8052,36.9067],[101.7756,36.6766],[101.9123,36.5508],[101.8216,36.2943],[101.7162,36.2789],[101.6669,36.1608],[101.8876,36.1098],[102.0834,35.9467],[102.0409,35.926],[102.1102,35.9065],[102.082,35.8138],[102.1241,35.7353],[102.3499,35.6087],[102.4506,35.4483]]],[[[102.8389,36.3458],[102.8479,36.3556],[102.8321,36.3666],[102.8389,36.3458]]]]}},{"type":"Feature","properties":{"name":"海北藏族自治州","adcode":632200,"center":[100.901059,36.959435]},"bbox":[98.0933,36.7413,102.6421,39.0877],"geometry":{"type":"MultiPolygon","coordinates":[[[[101.9145,37.1481],[102.1638,37.0556],[102.6421,37.0997],[102.4284,37.3083],[102.1065,37.4813],[102.1308,37.5473],[101.9991,37.725],[101.8135,37.6556],[101.6592,37.7333],[101.5984,37.8275],[101.4431,37.8681],[101.3624,37.7912],[101.2027,37.8476],[101.103,37.9465],[100.8948,38.0136],[100.9133,38.1787],[100.8438,38.1491],[100.7148,38.2536],[100.4371,38.268],[100.2972,38.3886],[100.2596,38.3664],[100.2401,38.4417],[100.0258,38.5079],[100.0219,38.433],[100.1643,38.328],[100.1829,38.222],[100.1278,38.2306],[99.6596,38.4492],[99.0688,38.8971],[99.109,38.9464],[98.8133,39.0877],[98.7438,39.0869],[98.5901,38.9331],[98.2871,39.0355],[98.2513,38.8913],[98.0933,38.7863],[98.1825,38.6676],[98.9481,38.444],[98.9835,38.3969],[98.9092,38.3635],[98.9078,38.2887],[98.9475,38.2716],[99.2474,38.3287],[99.2839,38.2745],[99.585,38.2002],[99.5793,38.1096],[99.6845,38.071],[99.3596,37.9795],[99.4775,37.846],[99.6615,37.812],[99.6974,37.6828],[99.5415,37.5968],[99.4636,37.4827],[99.4307,37.1828],[99.8398,36.9666],[100.7256,36.754],[100.8627,36.7803],[100.9174,36.7413],[100.907,36.7985],[100.9674,36.8215],[101.0886,36.8038],[101.2301,36.9152],[101.2914,36.902],[101.2895,36.9993],[101.1289,37.2103],[100.932,37.2614],[100.8693,37.3533],[100.9541,37.4703],[101.0919,37.3845],[101.4977,37.3379],[101.5403,37.2779],[101.7422,37.2478],[101.9145,37.1481]]]]}},{"type":"Feature","properties":{"name":"黄南藏族自治州","adcode":632300,"center":[102.019988,35.517744]},"bbox":[100.6931,34.0801,102.4476,36.1696],"geometry":{"type":"MultiPolygon","coordinates":[[[[100.9506,34.3837],[101.5824,34.1955],[101.7361,34.0801],[101.866,34.1501],[101.9551,34.1097],[102.068,34.2935],[102.1483,34.2713],[102.1865,34.3528],[102.2593,34.3556],[102.1558,34.5076],[101.9744,34.5489],[101.9198,34.6252],[101.9172,34.8751],[102.0684,34.8877],[102.1325,35.0148],[102.0547,35.0785],[101.9914,35.3011],[101.9365,35.338],[101.8687,35.252],[101.7528,35.2219],[101.4255,35.2549],[101.4189,35.1866],[101.3592,35.1728],[101.3293,35.2782],[101.4066,35.289],[101.3917,35.3359],[101.1273,35.4082],[100.6931,35.4196],[100.733,35.3425],[100.9157,35.2946],[100.7035,35.1489],[100.6975,35.0797],[101.1483,34.8351],[101.037,34.6514],[100.8896,34.6636],[100.9701,34.5425],[100.9506,34.3837]]],[[[101.5499,35.2584],[101.7528,35.2219],[101.8687,35.252],[101.9365,35.338],[102.0391,35.2144],[102.0547,35.0785],[102.1574,35.0108],[102.4035,35.1782],[102.2802,35.3076],[102.3177,35.3428],[102.2821,35.385],[102.3148,35.4344],[102.4476,35.4373],[102.4267,35.5397],[102.2128,35.708],[102.1624,35.6937],[102.082,35.8138],[102.1102,35.9065],[102.0409,35.926],[102.0834,35.9467],[101.7535,36.1696],[101.6384,36.1165],[101.6455,35.9998],[101.7337,35.9025],[101.663,35.7764],[101.7646,35.7473],[101.7591,35.663],[101.664,35.5264],[101.5331,35.4691],[101.3898,35.4978],[101.4798,35.3523],[101.3917,35.3359],[101.4066,35.289],[101.5378,35.3209],[101.5499,35.2584]]]]}},{"type":"Feature","properties":{"name":"海南藏族自治州","adcode":632500,"center":[100.619542,36.280353]},"bbox":[98.9212,34.641,101.7725,37.1703],"geometry":{"type":"MultiPolygon","coordinates":[[[[100.9174,36.7413],[99.8398,36.9666],[99.4088,37.1703],[99.2868,37.1065],[99.231,36.9767],[99.1553,36.9701],[99.431,36.7605],[99.4468,36.687],[98.9212,36.4868],[99.0659,36.324],[98.9371,36.1434],[99.0895,35.9999],[99.1191,35.8183],[99.2082,35.7279],[99.156,35.6198],[99.3378,35.5158],[99.2131,35.4802],[99.3107,35.39],[99.1817,35.2706],[99.4775,34.9658],[99.9695,34.808],[100.298,34.9102],[100.3565,34.8215],[100.4854,34.8064],[100.6956,34.6732],[100.8529,34.7216],[101.0003,34.641],[101.0976,34.72],[101.1315,34.8828],[100.6975,35.0797],[100.7035,35.1489],[100.9157,35.2946],[100.733,35.3425],[100.6931,35.4196],[101.1273,35.4082],[101.4374,35.3344],[101.4798,35.3523],[101.3898,35.4978],[101.5331,35.4691],[101.664,35.5264],[101.7725,35.7169],[101.663,35.7764],[101.7337,35.9025],[101.6455,35.9998],[101.6764,36.2113],[101.6032,36.3223],[101.3782,36.3929],[101.2752,36.3059],[101.2005,36.3402],[101.0091,36.5265],[100.9174,36.7413]]],[[[101.4066,35.289],[101.3293,35.2782],[101.3592,35.1728],[101.4189,35.1866],[101.4255,35.2549],[101.5067,35.2167],[101.5499,35.2584],[101.5378,35.3209],[101.4066,35.289]]]]}},{"type":"Feature","properties":{"name":"果洛藏族自治州","adcode":632600,"center":[100.242143,34.4736]},"bbox":[96.9353,32.5264,101.7773,35.6162],"geometry":{"type":"MultiPolygon","coordinates":[[[[97.664,34.1195],[97.8953,34.2089],[98.0504,34.1147],[98.4013,34.0879],[98.4406,33.9922],[98.4069,33.8672],[98.6524,33.6554],[98.648,33.5488],[98.7255,33.5032],[98.7792,33.3717],[98.7597,33.2772],[98.8607,33.1501],[99.1794,33.0448],[99.269,32.8786],[99.3762,32.8998],[99.7177,32.7322],[99.7752,32.9523],[99.8544,32.9448],[99.9028,33.0471],[100.1232,32.8373],[100.1392,32.7244],[100.0879,32.6691],[100.21,32.6059],[100.2644,32.7427],[100.4023,32.7551],[100.3779,32.7029],[100.4203,32.7318],[100.5448,32.5701],[100.6455,32.5264],[100.6662,32.6244],[100.7176,32.617],[100.6906,32.6781],[100.9321,32.6007],[101.0767,32.683],[101.1123,32.6367],[101.2231,32.7258],[101.2377,32.8251],[101.1239,32.91],[101.1291,32.9895],[101.1841,32.9842],[101.1278,33.2238],[101.2965,33.2624],[101.3827,33.1528],[101.4053,33.2256],[101.4854,33.2269],[101.6334,33.1014],[101.7401,33.2707],[101.6494,33.3246],[101.7773,33.5355],[101.6315,33.4922],[101.5422,33.6952],[101.3855,33.6448],[101.1667,33.66],[101.1535,33.8445],[100.9991,33.8896],[100.765,34.1778],[100.8218,34.3173],[100.9763,34.4474],[100.8787,34.7094],[100.7311,34.6691],[100.6429,34.7309],[100.5983,34.7032],[100.4854,34.8064],[100.3565,34.8215],[100.298,34.9102],[99.9695,34.808],[99.4775,34.9658],[99.1817,35.2706],[99.3107,35.39],[99.2131,35.4802],[99.3378,35.5158],[99.1926,35.6162],[98.865,35.5693],[98.793,35.6036],[98.7608,35.539],[98.4976,35.4481],[98.3133,35.4615],[98.261,35.513],[98.1791,35.3201],[98.0731,35.2935],[97.6383,35.3865],[97.6129,35.2593],[97.3482,35.2988],[97.3711,35.2324],[97.2204,35.0053],[97.0072,34.8987],[96.9353,34.7855],[96.981,34.7285],[97.1385,34.7252],[97.0647,34.6569],[97.1972,34.6074],[97.1463,34.5034],[97.3244,34.4656],[97.3162,34.3759],[97.5412,34.1783],[97.6072,34.2177],[97.664,34.1195]]]]}},{"type":"Feature","properties":{"name":"玉树藏族自治州","adcode":632700,"center":[97.008522,33.004049]},"bbox":[89.4175,31.599,97.75,36.2785],"geometry":{"type":"MultiPolygon","coordinates":[[[[92.5609,32.7319],[92.688,32.766],[92.877,32.6969],[93.0005,32.7408],[93.0672,32.6265],[93.2397,32.6623],[93.3857,32.5252],[93.4636,32.5548],[93.5165,32.476],[93.722,32.5781],[93.8686,32.4739],[94.1376,32.4338],[94.1968,32.5162],[94.3713,32.5249],[94.3952,32.5942],[94.5354,32.5982],[94.6146,32.6736],[94.9125,32.4157],[95.2184,32.397],[95.2617,32.3481],[95.0795,32.2806],[95.2411,32.3205],[95.3128,32.1489],[95.4402,32.1575],[95.4544,32.0079],[95.361,31.9592],[95.5129,31.7491],[95.7362,31.7641],[95.825,31.682],[95.8992,31.8172],[95.9833,31.8165],[96.205,31.599],[96.2527,31.6962],[96.1779,31.7756],[96.1891,31.9029],[96.3686,31.9245],[96.4333,31.7997],[96.5652,31.7132],[96.7751,31.6739],[96.8372,31.7155],[96.7661,31.8189],[96.8096,31.8982],[96.721,32.018],[96.8686,31.9649],[96.9662,32.0094],[96.9572,32.0626],[97.1696,32.0242],[97.2319,32.0448],[97.2197,32.1091],[97.3079,32.0739],[97.2641,32.1826],[97.2997,32.295],[97.4179,32.3009],[97.3418,32.5574],[97.4486,32.5867],[97.5022,32.531],[97.7311,32.5273],[97.4238,32.705],[97.3501,32.904],[97.3758,32.9567],[97.5238,32.9886],[97.488,33.1682],[97.6217,33.3343],[97.75,33.3974],[97.5526,33.4656],[97.5252,33.5758],[97.4158,33.6055],[97.4232,33.7549],[97.3688,33.8241],[97.3888,33.8861],[97.634,33.9191],[97.695,34.0766],[97.6072,34.2177],[97.5412,34.1783],[97.3162,34.3759],[97.3244,34.4656],[97.1463,34.5034],[97.1972,34.6074],[97.0647,34.6569],[97.1385,34.7252],[96.981,34.7285],[96.9353,34.7855],[97.0072,34.8987],[97.2204,35.0053],[97.3711,35.2324],[97.3482,35.2988],[97.0979,35.3556],[97.0004,35.4727],[96.7876,35.5059],[96.7076,35.585],[96.3543,35.6525],[96.1342,35.6477],[95.9934,35.5324],[95.8852,35.6362],[95.479,35.6579],[95.397,35.5978],[95.1667,35.6727],[95.1134,35.5117],[94.8159,35.6165],[94.5916,35.5928],[94.1552,35.6694],[94.062,35.6365],[93.7619,35.7563],[92.258,35.9078],[91.8855,36.025],[91.6326,36.0377],[91.5489,36.0953],[91.5714,36.1551],[91.392,36.0653],[91.1048,36.1567],[91.1119,36.095],[90.9792,36.1068],[90.8524,36.0172],[90.663,36.1339],[90.2367,36.1606],[90.0036,36.2785],[89.9471,36.0699],[89.4175,36.0448],[89.4281,35.9174],[89.5505,35.8571],[89.802,35.8478],[89.7253,35.6498],[89.7643,35.5874],[89.7,35.5375],[89.7652,35.4825],[89.5073,35.3725],[89.5318,35.2764],[89.4505,35.2239],[89.593,35.1042],[89.5791,34.8952],[89.7875,34.9217],[89.9281,34.8725],[90.0198,34.9134],[90.1212,34.8663],[90.2211,34.9423],[90.4225,34.9396],[90.7813,34.8905],[91.0038,34.7451],[91.0592,34.7965],[91.3216,34.7899],[91.9586,34.5766],[91.9403,34.4872],[92.2321,34.3776],[92.5464,34.4019],[92.6906,34.0835],[92.9118,34.0933],[92.7067,33.9449],[92.8559,33.5127],[92.6981,33.473],[92.5991,33.3522],[92.5986,33.3016],[92.7211,33.2321],[92.6706,33.1473],[92.7319,33.0611],[92.5609,32.7319]]]]}},{"type":"Feature","properties":{"name":"海西蒙古族藏族自治州","adcode":632800,"center":[97.370785,37.374663]},"bbox":[89.635,32.7208,99.6974,39.1983],"geometry":{"type":"MultiPolygon","coordinates":[[[[98.0933,38.7863],[97.4013,39.1467],[96.9631,39.1983],[97.0116,39.1401],[96.9408,38.9078],[96.9931,38.8842],[97.056,38.5945],[96.9607,38.5578],[96.7944,38.608],[96.7951,38.5103],[96.6664,38.4837],[96.6981,38.4221],[96.6237,38.3452],[96.6653,38.2302],[96.3997,38.2818],[96.3132,38.162],[96.2222,38.1491],[96.0441,38.1805],[95.7019,38.4005],[95.4541,38.2918],[95.2601,38.3023],[95.1222,38.417],[94.9739,38.4301],[94.552,38.3502],[94.3701,38.7628],[93.8719,38.7226],[93.7563,38.8077],[93.8842,38.8262],[93.8846,38.8677],[93.7291,38.9245],[93.1793,38.9238],[93.1982,39.046],[93.1153,39.1796],[92.4941,39.1021],[92.3801,39],[91.1121,38.7075],[90.6503,38.6739],[90.6106,38.5958],[90.4636,38.5567],[90.4203,38.491],[90.1308,38.4942],[90.1109,38.4246],[90.1792,38.397],[90.1378,38.3406],[90.2809,38.2381],[90.5307,38.3191],[90.5196,37.7312],[90.8546,37.6042],[90.9408,37.4804],[91.0748,37.4752],[91.1909,37.2057],[91.2803,37.1638],[91.3037,37.0126],[91.1908,37.0247],[91.037,36.9295],[90.8542,36.9155],[90.7224,36.7982],[90.741,36.5858],[91.0353,36.5283],[91.0264,36.3237],[91.0914,36.1613],[91.392,36.0653],[91.5714,36.1551],[91.5489,36.0953],[91.6326,36.0377],[91.8855,36.025],[92.258,35.9078],[93.7619,35.7563],[94.062,35.6365],[94.1552,35.6694],[94.5916,35.5928],[94.8159,35.6165],[95.1134,35.5117],[95.1667,35.6727],[95.397,35.5978],[95.479,35.6579],[95.8852,35.6362],[95.9934,35.5324],[96.1342,35.6477],[96.3543,35.6525],[97.0004,35.4727],[97.1277,35.3426],[97.591,35.2574],[97.6383,35.3865],[98.0731,35.2935],[98.1791,35.3201],[98.261,35.513],[98.3133,35.4615],[98.4976,35.4481],[98.7608,35.539],[98.793,35.6036],[98.865,35.5693],[99.156,35.6198],[99.2082,35.7279],[99.1191,35.8183],[99.0895,35.9999],[98.9371,36.1434],[99.0659,36.324],[98.9212,36.4868],[99.4468,36.687],[99.431,36.7605],[99.1553,36.9701],[99.231,36.9767],[99.3685,37.1753],[99.4544,37.1566],[99.417,37.3701],[99.4761,37.4118],[99.4636,37.4827],[99.5415,37.5968],[99.6974,37.6828],[99.6615,37.812],[99.4775,37.846],[99.359,37.9674],[99.4117,38.0254],[99.6845,38.071],[99.5793,38.1096],[99.585,38.2002],[99.2839,38.2745],[99.2474,38.3287],[98.9475,38.2716],[98.9078,38.2887],[98.9092,38.3635],[98.9835,38.3969],[98.9481,38.444],[98.1825,38.6676],[98.0933,38.7863]]],[[[92.5609,32.7319],[92.7319,33.0611],[92.6706,33.1473],[92.7211,33.2321],[92.5986,33.3016],[92.5991,33.3522],[92.6981,33.473],[92.8559,33.5127],[92.7067,33.9449],[92.9118,34.0933],[92.6906,34.0835],[92.5464,34.4019],[92.2321,34.3776],[91.9403,34.4872],[91.9586,34.5766],[91.7265,34.6672],[91.2328,34.8028],[91.0592,34.7965],[91.0038,34.7451],[90.9188,34.8344],[90.6074,34.9254],[90.2211,34.9423],[90.1212,34.8663],[89.8214,34.9029],[89.8677,34.8106],[89.7326,34.7322],[89.726,34.6632],[89.7987,34.6288],[89.7995,34.3962],[89.8716,34.3414],[89.817,34.1695],[89.635,34.0493],[89.795,33.8655],[89.9258,33.8092],[89.9074,33.7411],[89.9838,33.7258],[89.9881,33.5836],[90.0919,33.4698],[90.7056,33.1358],[91.1477,33.0723],[91.2259,33.1414],[91.436,33.0661],[91.5013,33.1076],[91.8383,32.9494],[91.9578,32.8196],[92.1457,32.8857],[92.2307,32.8403],[92.1987,32.7548],[92.2553,32.7208],[92.3559,32.7646],[92.5609,32.7319]]]]}},{"type":"Feature","properties":{"name":"银川","adcode":640100,"center":[106.278179,38.46637]},"bbox":[105.8218,37.6372,106.8857,38.8685],"geometry":{"type":"MultiPolygon","coordinates":[[[[106.8243,38.1634],[106.4825,38.3195],[106.6487,38.4727],[106.6625,38.6015],[106.5963,38.6826],[106.4382,38.6936],[106.3827,38.7713],[106.0507,38.8685],[105.8986,38.7896],[105.8218,38.3681],[105.8527,38.2647],[105.9673,38.2241],[105.9661,38.1464],[106.0773,38.2109],[106.2184,38.131],[106.2105,38.0659],[106.358,37.9243],[106.2827,37.8386],[106.5366,37.6562],[106.7738,37.6372],[106.7696,37.7378],[106.8857,37.8632],[106.8346,37.8592],[106.7648,37.9768],[106.7849,38.0405],[106.8572,38.0485],[106.8243,38.1634]]]]}},{"type":"Feature","properties":{"name":"石嘴山","adcode":640200,"center":[106.376173,39.01333]},"bbox":[105.9689,38.6015,106.9714,39.3816],"geometry":{"type":"MultiPolygon","coordinates":[[[[106.6625,38.6015],[106.9714,39.017],[106.8537,39.1165],[106.7513,39.3816],[106.6026,39.3753],[106.5064,39.2701],[106.2846,39.2703],[106.2865,39.1482],[106.1461,39.1532],[106.0608,38.9685],[105.9689,38.9051],[106.3827,38.7713],[106.4382,38.6936],[106.5963,38.6826],[106.6625,38.6015]]]]}},{"type":"Feature","properties":{"name":"吴忠","adcode":640300,"center":[106.199409,37.986165]},"bbox":[105.5613,36.5873,107.658,38.2647],"geometry":{"type":"MultiPolygon","coordinates":[[[[105.8527,38.2647],[105.7753,38.1868],[105.8399,38.0079],[105.8039,37.8619],[105.7607,37.7999],[105.6221,37.7778],[105.61,37.707],[105.9013,37.7383],[105.8829,37.6152],[105.9343,37.6695],[106.0055,37.6551],[106.0753,37.5276],[105.8502,37.3965],[105.9257,37.3076],[105.7349,37.2889],[105.7807,37.1996],[105.7128,37.1875],[105.6765,37.2768],[105.5613,37.2177],[105.665,37.1919],[105.8487,36.9802],[105.7421,36.9141],[105.7457,36.8151],[105.8364,36.8063],[105.9347,36.9329],[106.1529,36.5873],[106.4685,36.6204],[106.5333,36.7304],[106.6454,36.7232],[106.6382,36.8842],[106.5404,36.9844],[106.5799,36.9348],[106.6431,36.9631],[106.6169,37.1352],[106.761,37.081],[106.7807,37.1586],[106.8922,37.0979],[106.9057,37.1514],[106.9848,37.1075],[107.3309,37.1298],[107.2579,37.337],[107.2843,37.4819],[107.3722,37.58],[107.3126,37.6101],[107.4199,37.6502],[107.3869,37.6911],[107.4654,37.6912],[107.4992,37.7657],[107.6207,37.776],[107.658,37.8589],[107.4194,37.9407],[107.43,38.0073],[107.1904,38.154],[107.0149,38.1204],[106.8243,38.1634],[106.8572,38.0485],[106.7849,38.0405],[106.7648,37.9768],[106.8346,37.8592],[106.8857,37.8632],[106.7696,37.7378],[106.7738,37.6372],[106.5366,37.6562],[106.2827,37.8386],[106.358,37.9243],[106.2105,38.0659],[106.2184,38.131],[106.0773,38.2109],[105.9661,38.1464],[105.9673,38.2241],[105.8527,38.2647]]]]}},{"type":"Feature","properties":{"name":"固原","adcode":640400,"center":[106.285241,36.004561]},"bbox":[105.3271,35.2383,106.9463,36.5181],"geometry":{"type":"MultiPolygon","coordinates":[[[[106.0713,35.4494],[106.1159,35.3622],[106.1788,35.4364],[106.2375,35.4095],[106.3636,35.2383],[106.5093,35.3588],[106.435,35.6885],[106.606,35.7439],[106.7547,35.6913],[106.9263,35.8117],[106.8501,35.8876],[106.9448,35.9403],[106.8918,35.9661],[106.9443,35.9842],[106.9463,36.1224],[106.8342,36.2291],[106.5024,36.271],[106.4708,36.3129],[106.5104,36.2861],[106.5233,36.4685],[106.4333,36.5181],[106.3374,36.5003],[106.3153,36.412],[106.1974,36.3418],[105.9846,36.3191],[106.0036,36.1938],[105.8864,36.2161],[105.8185,36.1213],[105.5881,36.2374],[105.4887,36.1911],[105.4913,36.101],[105.3439,36.0339],[105.3271,35.9047],[105.3984,35.8552],[105.3839,35.7925],[105.4288,35.8189],[105.5644,35.6877],[105.6689,35.75],[105.7551,35.7306],[105.6905,35.684],[105.8366,35.4948],[105.9028,35.5473],[106.0946,35.5084],[106.0713,35.4494]]],[[[106.0546,35.4516],[106.0543,35.4897],[105.8898,35.4395],[106.0546,35.4516]]],[[[106.073,35.4208],[106.0747,35.4307],[106.0635,35.4379],[106.073,35.4208]]],[[[106.0741,35.4549],[106.0698,35.4581],[106.0713,35.4494],[106.0741,35.4549]]]]}},{"type":"Feature","properties":{"name":"中卫","adcode":640500,"center":[105.189568,37.514951]},"bbox":[104.2872,36.1213,106.4559,37.7383],"geometry":{"type":"MultiPolygon","coordinates":[[[[106.4109,36.5194],[106.3623,36.571],[106.4559,36.5599],[106.4328,36.6354],[106.1529,36.5873],[105.9347,36.9329],[105.8364,36.8063],[105.7457,36.8151],[105.7421,36.9141],[105.8487,36.9802],[105.665,37.1919],[105.5613,37.2177],[105.6765,37.2768],[105.7128,37.1875],[105.7695,37.1931],[105.7349,37.2889],[105.9412,37.321],[105.8502,37.3965],[106.0753,37.5276],[106.0055,37.6551],[105.9343,37.6695],[105.8829,37.6152],[105.9013,37.7383],[105.3148,37.7021],[105.0242,37.5799],[104.4197,37.5118],[104.2872,37.4278],[104.6799,37.4079],[104.6683,37.356],[104.7181,37.3382],[104.6244,37.2985],[104.6261,37.2058],[104.8235,37.2294],[104.9653,37.0318],[105.1653,36.9949],[105.179,36.8923],[105.25,36.8913],[105.3411,36.7647],[105.201,36.7022],[105.249,36.5467],[105.3614,36.4982],[105.4887,36.1911],[105.5881,36.2374],[105.8185,36.1213],[105.8864,36.2161],[106.0036,36.1938],[105.9846,36.3191],[106.1974,36.3418],[106.4109,36.5194]]]]}},{"type":"Feature","properties":{"name":"乌鲁木齐","adcode":650100,"center":[87.617733,43.792818]},"bbox":[86.798,42.8278,88.9743,45.002],"geometry":{"type":"MultiPolygon","coordinates":[[[[87.5047,44.0664],[87.287,43.9596],[87.2786,43.8004],[86.901,43.4294],[86.9401,43.3672],[86.798,43.1124],[87.0545,43.0229],[87.1113,43.0631],[87.2701,43.0323],[87.5381,42.9082],[87.9415,42.8278],[87.6344,43.0366],[87.3852,43.1236],[87.368,43.2813],[88.1646,43.331],[88.225,43.3252],[88.2479,43.2246],[88.4308,43.1974],[88.5235,43.2626],[88.5326,43.352],[88.9315,43.4354],[88.9743,43.551],[88.8351,43.7208],[88.7049,43.7089],[88.723,43.743],[88.5315,43.8013],[88.512,43.858],[88.4138,43.7916],[88.2825,43.831],[88.1383,43.7569],[88.1328,43.8171],[88.0184,43.8745],[87.9969,43.9946],[87.7742,44.1173],[87.8022,44.3782],[88.0044,45.002],[87.3362,45.0019],[87.5555,44.6659],[87.5987,44.4778],[87.7161,44.3569],[87.6912,44.222],[87.5841,44.2393],[87.5767,44.1165],[87.4925,44.0078],[87.5047,44.0664]]]]}},{"type":"Feature","properties":{"name":"克拉玛依","adcode":650200,"center":[84.873946,45.595886]},"bbox":[84.5794,44.1262,86.0243,46.2119],"geometry":{"type":"MultiPolygon","coordinates":[[[[85.0103,44.7552],[85.0515,44.9318],[85.2584,45.0316],[85.2018,45.2442],[85.2396,45.3755],[85.4918,45.5127],[85.6424,45.7892],[86.0243,46.068],[85.9932,46.1239],[85.6483,46.2119],[85.3801,46.1436],[85.2828,46.0908],[85.2886,45.9676],[85.13,45.7454],[84.8476,45.6314],[84.7721,45.6487],[84.8059,45.6083],[84.5794,45.3107],[84.5888,45.2414],[84.6689,45.1586],[84.6574,45.0635],[84.8053,45.0257],[84.8615,44.8994],[84.9172,44.8885],[84.9172,44.8369],[84.8494,44.8265],[85.0103,44.7552]]],[[[85.1133,44.3437],[84.7782,44.3908],[84.7982,44.2587],[84.738,44.1262],[84.9174,44.1793],[84.9691,44.2974],[85.1133,44.3437]]]]}},{"type":"Feature","properties":{"name":"吐鲁番","adcode":650400,"center":[89.184078,42.947613]},"bbox":[87.368,41.1977,91.9103,43.6325],"geometry":{"type":"MultiPolygon","coordinates":[[[[91.9103,41.2714],[91.9053,41.3997],[91.7856,41.5089],[91.8554,41.7434],[91.7371,42.011],[91.4643,42.246],[91.3847,42.9728],[91.1691,43.4952],[90.8812,43.5328],[90.3853,43.4985],[90.1729,43.5535],[89.6796,43.4103],[89.3981,43.4493],[89.2802,43.5528],[89.2269,43.5264],[89.1381,43.6003],[88.9363,43.6325],[88.9743,43.551],[88.9315,43.4354],[88.5326,43.352],[88.5235,43.2626],[88.4308,43.1974],[88.2479,43.2246],[88.225,43.3252],[88.1646,43.331],[87.368,43.2813],[87.3852,43.1236],[87.6344,43.0366],[87.9415,42.8278],[87.5381,42.9082],[87.5092,42.7956],[87.8411,42.7682],[87.9131,42.6594],[88.2024,42.5017],[88.1223,42.3713],[87.8983,42.2487],[87.9976,42.0699],[88.1388,42.0042],[88.342,41.768],[88.3189,41.4932],[88.7354,41.475],[89.204,41.3612],[89.3388,41.4048],[89.4608,41.3598],[89.8343,41.3771],[90.1086,41.2529],[90.3997,41.2342],[91.0927,41.2514],[91.4467,41.1977],[91.9103,41.2714]]]]}},{"type":"Feature","properties":{"name":"哈密","adcode":650500,"center":[93.51316,42.833248]},"bbox":[91.154,40.8793,96.3862,45.0969],"geometry":{"type":"MultiPolygon","coordinates":[[[[91.5188,45.0969],[91.5691,44.8949],[91.3872,44.7366],[91.4025,44.6248],[91.2876,44.3755],[91.3329,44.2801],[91.3071,44.0089],[91.5114,43.8709],[91.5631,43.7695],[91.3663,43.7051],[91.554,43.6434],[91.3171,43.5863],[91.154,43.472],[91.259,43.3342],[91.3847,42.9728],[91.4643,42.246],[91.7371,42.011],[91.8554,41.7434],[91.7856,41.5089],[91.9053,41.3997],[91.9103,41.2714],[92.5359,41.1208],[92.8632,41.113],[93.2007,40.991],[93.8099,40.8793],[94.1841,41.2686],[94.5342,41.5059],[94.7502,41.5384],[94.8619,41.6685],[95.1363,41.7728],[95.3068,41.5717],[95.3354,41.6442],[95.5715,41.796],[95.8557,41.8496],[96.1159,41.9848],[96.139,42.0542],[96.0773,42.1496],[96.1784,42.2179],[96.0411,42.3265],[96.066,42.4145],[95.9786,42.4367],[96.1036,42.6042],[96.3862,42.7277],[96.3635,42.9006],[95.8798,43.2801],[95.858,43.4176],[95.5269,44.0075],[95.3267,44.0288],[95.4136,44.2986],[94.9987,44.2531],[94.7228,44.3408],[94.606,44.4483],[94.3589,44.5157],[94.2154,44.6682],[93.5094,44.9683],[92.8842,45.0468],[92.5009,45.0012],[92.2403,45.0159],[92.1002,45.0815],[91.5188,45.0969]]]]}},{"type":"Feature","properties":{"name":"昌吉回族自治州","adcode":652300,"center":[87.304012,44.014577]},"bbox":[85.5799,43.1124,91.5691,45.4877],"geometry":{"type":"MultiPolygon","coordinates":[[[[90.6714,45.4877],[90.4949,45.4203],[90.2224,45.0644],[90.2382,45.0017],[88.0044,45.002],[87.8022,44.3782],[87.7742,44.1173],[87.9969,43.9946],[88.0184,43.8745],[88.1328,43.8171],[88.1383,43.7569],[88.2825,43.831],[88.4138,43.7916],[88.512,43.858],[88.5315,43.8013],[88.723,43.743],[88.7049,43.7089],[88.8351,43.7208],[88.9999,43.6071],[89.1381,43.6003],[89.2269,43.5264],[89.2802,43.5528],[89.3981,43.4493],[89.6796,43.4103],[90.1729,43.5535],[90.3853,43.4985],[90.8812,43.5328],[91.13,43.4838],[91.4748,43.6053],[91.554,43.6434],[91.3663,43.7051],[91.5631,43.7695],[91.5114,43.8709],[91.3071,44.0089],[91.3329,44.2801],[91.2876,44.3755],[91.4025,44.6248],[91.3872,44.7366],[91.5691,44.8949],[91.5188,45.0969],[91.4492,45.1566],[91.3773,45.1111],[91.2421,45.1374],[91.1297,45.216],[90.8819,45.1918],[90.8975,45.2499],[90.805,45.2949],[90.7723,45.4328],[90.6714,45.4877]]],[[[87.5912,44.5334],[87.3362,45.0019],[87.3369,45.3306],[85.6668,45.3311],[85.6689,44.9193],[85.8684,44.8659],[85.9556,44.6386],[86.0682,44.6018],[86.1417,44.3273],[86.0961,44.1259],[85.9675,44.0036],[85.965,43.9317],[85.7863,43.8395],[85.7197,43.6386],[85.5799,43.5395],[85.989,43.403],[86.0904,43.4317],[86.1662,43.3068],[86.4863,43.1421],[86.798,43.1124],[86.9401,43.3672],[86.901,43.4294],[87.2786,43.8004],[87.287,43.9596],[87.5047,44.0664],[87.5234,44.2273],[87.4239,44.3514],[87.4493,44.4436],[87.3706,44.567],[87.5145,44.5488],[87.5019,44.5948],[87.5912,44.5334]]]]}},{"type":"Feature","properties":{"name":"博尔塔拉蒙古自治州","adcode":652700,"center":[82.074778,44.903258]},"bbox":[79.8879,44.0062,83.7958,45.3837],"geometry":{"type":"MultiPolygon","coordinates":[[[[82.1722,44.7136],[82.1775,44.8069],[81.9939,44.7621],[81.9457,44.6847],[82.0116,44.6334],[81.9608,44.5848],[82.0825,44.5705],[82.0839,44.5147],[81.8383,44.4383],[81.7516,44.3471],[82.3603,44.2653],[82.7054,44.0712],[83.1267,44.0929],[83.4299,44.0062],[83.4688,44.0369],[83.4121,44.1689],[83.5176,44.4676],[83.7933,44.4667],[83.7455,44.553],[83.7958,44.7568],[83.6663,44.8883],[82.7578,45.1521],[82.6155,45.1091],[82.5882,45.0386],[82.6796,44.8714],[82.7388,44.8586],[82.6667,44.77],[82.54,44.6823],[82.0809,44.6441],[82.1722,44.7136]]],[[[82.1457,44.8967],[81.9404,45.0102],[82.1338,45.0372],[82.2004,44.9843],[82.2958,45.1067],[82.0958,45.2497],[81.9207,45.2334],[81.788,45.3837],[80.9063,45.1312],[80.7266,45.177],[80.5992,45.1057],[80.4937,45.1271],[80.4044,45.0495],[80.112,45.0527],[79.8879,44.9092],[79.9692,44.8775],[79.9994,44.7938],[80.2628,44.8436],[80.4829,44.7394],[80.636,44.7311],[80.6918,44.6741],[80.6607,44.6372],[80.89,44.5298],[81.6186,44.4274],[81.7516,44.3471],[81.8383,44.4383],[82.0839,44.5147],[82.0825,44.5705],[81.9608,44.5848],[82.0116,44.6334],[81.9457,44.6847],[81.9939,44.7621],[82.1731,44.808],[82.1722,44.7136],[82.2779,44.7438],[82.207,44.8212],[82.0834,44.8376],[82.1624,44.8643],[82.08,44.8956],[82.1457,44.8967]]],[[[82.2779,44.7438],[82.2358,44.6817],[82.54,44.6823],[82.5429,44.7401],[82.207,44.8212],[82.2779,44.7438]]],[[[82.1306,44.9251],[82.2784,44.8606],[82.6564,44.9444],[82.5258,45.0853],[82.4541,45.0689],[82.4388,45.007],[82.2752,45.0301],[82.2004,44.9843],[82.2006,44.9179],[82.1306,44.9251]]],[[[82.5828,45.2191],[82.4869,45.1811],[82.2944,45.2478],[82.1615,45.2263],[82.2351,45.1242],[82.5882,45.0386],[82.6832,45.1538],[82.5828,45.2191]]]]}},{"type":"Feature","properties":{"name":"巴音郭楞蒙古自治州","adcode":652800,"center":[86.150969,41.768552]},"bbox":[82.48,35.6404,93.8211,43.5639],"geometry":{"type":"MultiPolygon","coordinates":[[[[85.895,41.8219],[85.7927,41.8259],[85.7396,41.7564],[85.7858,41.6645],[85.7037,41.6842],[85.7055,41.7459],[85.3577,41.7474],[85.368,41.8265],[85.5121,41.9146],[85.2625,41.9711],[85.341,42.1094],[85.2652,42.2835],[85.0208,42.2967],[84.8995,42.3568],[84.7737,42.3077],[84.7586,42.3595],[84.4956,42.4329],[84.232,42.4249],[83.9471,42.532],[83.9741,42.2945],[83.8803,42.2617],[83.8807,42.1865],[83.9876,41.9332],[83.9006,41.5976],[84.0153,41.4454],[84.0345,41.1689],[84.0874,41.1208],[84.0096,40.0377],[83.4148,39.4832],[83.3951,39.3216],[83.3867,38.3882],[83.8192,38.0481],[83.9899,37.6123],[83.9757,37.4104],[83.7913,37.2502],[83.8608,37.0701],[83.8331,36.8323],[84.3027,36.6112],[84.3634,36.3112],[84.8435,36.099],[84.9176,35.7744],[84.9863,35.7251],[85.2712,35.7887],[85.5661,35.6404],[85.6533,35.7313],[86.06,35.8458],[86.2,36.0479],[86.1902,36.1325],[86.2801,36.1709],[86.7461,36.292],[87.1495,36.2975],[87.4241,36.4259],[87.4703,36.3544],[87.5706,36.3424],[88.4706,36.4823],[88.5731,36.4612],[88.7832,36.2918],[88.926,36.3644],[89.1281,36.2496],[89.2322,36.2957],[89.2985,36.2286],[89.7617,36.0732],[89.9414,36.0675],[90.0281,36.2584],[90.2535,36.1574],[90.6629,36.1339],[90.8469,36.0169],[90.9949,36.1079],[91.0924,36.0887],[91.0986,36.2168],[91.0265,36.3237],[91.0359,36.53],[90.7409,36.5859],[90.7336,36.8273],[91.1336,37.0077],[91.3057,37.0128],[91.2803,37.1638],[91.1911,37.2058],[91.057,37.4838],[90.9407,37.4805],[90.7762,37.6505],[90.5196,37.7308],[90.5308,38.3198],[90.2807,38.2381],[90.1377,38.3406],[90.1791,38.397],[90.1283,38.4002],[90.1107,38.473],[90.427,38.4939],[90.653,38.6743],[91.3016,38.7477],[92.4183,39.013],[92.3513,39.0839],[92.3401,39.2381],[92.6398,39.5143],[92.7966,40.1539],[92.9069,40.3107],[92.9284,40.5727],[93.7607,40.6649],[93.8211,40.7938],[93.8099,40.8793],[93.6966,40.8754],[93.5568,40.9575],[93.2007,40.991],[92.8632,41.113],[92.5359,41.1208],[92.0233,41.2725],[91.4467,41.1977],[91.0927,41.2514],[90.3997,41.2342],[90.1086,41.2529],[89.8343,41.3771],[89.4608,41.3598],[89.3388,41.4048],[89.204,41.3612],[88.7354,41.475],[88.4065,41.4598],[88.3079,41.5139],[88.3475,41.5336],[88.342,41.768],[88.1388,42.0042],[87.9976,42.0699],[87.8983,42.2487],[88.1223,42.3713],[88.2024,42.5017],[87.9131,42.6594],[87.8411,42.7682],[87.4561,42.8],[87.0156,42.7454],[86.9536,42.5792],[87.0394,42.4759],[86.7511,42.4179],[86.6163,42.3021],[86.7351,42.1697],[86.5781,42.0316],[86.5955,41.9689],[86.5033,41.9228],[86.5229,41.8501],[86.0911,41.7712],[85.8886,41.7639],[85.895,41.8219]]],[[[82.6381,42.5977],[82.8265,42.6452],[82.8416,42.568],[82.9587,42.6304],[83.0784,42.5537],[83.321,42.5692],[83.3507,42.5083],[83.4876,42.4699],[83.7139,42.5407],[83.9471,42.532],[84.232,42.4249],[84.4956,42.4329],[84.7586,42.3595],[84.7737,42.3077],[84.8995,42.3568],[85.0208,42.2967],[85.2652,42.2835],[85.341,42.1094],[85.2625,41.9711],[85.4439,41.9385],[85.4874,42.197],[85.7517,42.0373],[86.0005,42.0189],[86.114,41.8985],[86.2243,41.908],[86.3621,41.8305],[86.5229,41.8501],[86.5033,41.9228],[86.5955,41.9689],[86.5781,42.0316],[86.7046,42.1031],[86.7351,42.1697],[86.6163,42.3021],[86.9088,42.4816],[86.9223,42.4378],[87.0243,42.4501],[86.9536,42.5792],[87.0156,42.7454],[87.4445,42.7831],[87.5431,42.8459],[87.4971,42.9401],[87.2701,43.0323],[87.1113,43.0631],[87.0545,43.0229],[86.4863,43.1421],[86.1662,43.3068],[86.0904,43.4317],[85.989,43.403],[85.5975,43.5308],[85.3282,43.4867],[85.3151,43.5292],[85.1705,43.5107],[85.0563,43.5639],[84.9243,43.4252],[84.6615,43.4913],[84.6332,43.4327],[84.6762,43.3723],[84.5322,43.2928],[84.6538,43.1754],[84.4233,43.1617],[84.4137,43.1023],[84.2791,43.1749],[83.7581,43.1493],[83.6276,43.0807],[82.8242,42.9803],[82.7894,42.9339],[82.6532,42.9343],[82.6493,42.8837],[82.5326,42.9017],[82.48,42.8006],[82.5992,42.7196],[82.6381,42.5977]]],[[[85.7927,41.8259],[86.3621,41.8305],[86.2243,41.908],[86.114,41.8985],[86.0005,42.0189],[85.7517,42.0373],[85.4874,42.197],[85.4373,41.932],[85.7927,41.8259]]]]}},{"type":"Feature","properties":{"name":"阿克苏地区","adcode":652900,"center":[80.265068,41.170712]},"bbox":[78.0313,39.464,84.0874,42.6452],"geometry":{"type":"MultiPolygon","coordinates":[[[[78.365,40.0097],[78.9037,40.2571],[79.3431,40.2411],[79.8335,40.1314],[79.9154,40.3866],[79.8103,40.4912],[79.941,40.443],[80.022,40.5009],[80.0872,40.6946],[80.0504,40.8288],[80.1367,40.8919],[80.2245,40.8839],[80.2362,40.7844],[80.3319,40.8501],[80.3971,40.819],[80.5923,40.6199],[80.7259,40.7014],[80.8674,40.659],[81.1408,40.699],[81.3857,40.825],[81.4571,40.8047],[81.8841,40.941],[82.0615,41.1264],[82.5793,41.3421],[82.6358,41.5032],[82.9839,41.4087],[83.069,41.2432],[83.3013,41.124],[83.3908,41.1379],[83.4382,41.0681],[83.4855,41.077],[83.4789,41.136],[83.5897,41.1572],[83.6704,41.0362],[83.8482,40.9563],[83.8897,40.8337],[84.0675,40.7771],[84.0874,41.1208],[84.0345,41.1689],[84.0153,41.4454],[83.9006,41.5976],[83.9876,41.9332],[83.8807,42.1865],[83.8803,42.2617],[83.9741,42.2945],[83.9471,42.532],[83.7139,42.5407],[83.4876,42.4699],[83.3507,42.5083],[83.321,42.5692],[83.0784,42.5537],[82.9587,42.6304],[82.8416,42.568],[82.8265,42.6452],[82.5855,42.5439],[82.1427,42.4893],[82.0653,42.4203],[81.1955,42.3436],[81.1605,42.26],[81.0481,42.2847],[80.9852,42.3806],[80.284,42.3206],[80.2866,42.2331],[80.1397,42.1512],[80.1934,42.0815],[80.1422,42.0347],[79.9236,42.0423],[79.7767,41.8925],[79.3259,41.8095],[78.6968,41.5417],[78.6506,41.4673],[78.3918,41.4083],[78.7119,41.1856],[78.8755,40.9852],[78.8618,40.8916],[78.5705,40.7661],[78.605,40.6967],[78.5236,40.5526],[78.2053,40.4204],[78.0911,40.2749],[78.0313,40.0938],[78.3133,40.066],[78.365,40.0097]]],[[[80.5923,40.6199],[80.3319,40.8501],[80.2362,40.7844],[80.2245,40.8839],[80.0504,40.8288],[80.0872,40.6946],[80.022,40.5009],[79.941,40.443],[79.8103,40.4912],[79.9154,40.3866],[79.7644,39.6228],[80.1623,39.464],[83.4148,39.4832],[84.0096,40.0377],[84.0675,40.7771],[83.8897,40.8337],[83.8482,40.9563],[83.6704,41.0362],[83.5897,41.1572],[83.4789,41.136],[83.4855,41.077],[83.4382,41.0681],[83.3908,41.1379],[83.3013,41.124],[83.069,41.2432],[82.9839,41.4087],[82.6358,41.5032],[82.5793,41.3421],[82.4567,41.2559],[82.2946,41.2327],[81.9999,41.0767],[81.7434,40.7333],[81.9786,40.4684],[81.2104,40.3973],[80.9314,40.4326],[80.7401,40.3694],[80.6058,40.4233],[80.6838,40.4646],[80.674,40.5116],[80.7294,40.4524],[80.8278,40.4765],[80.6216,40.5568],[80.5923,40.6199]]]]}},{"type":"Feature","properties":{"name":"克孜勒苏柯尔克孜自治州","adcode":653000,"center":[76.172825,39.713431]},"bbox":[73.5065,37.6521,78.8755,41.4083],"geometry":{"type":"MultiPolygon","coordinates":[[[[78.365,40.0097],[78.3133,40.066],[78.0313,40.0938],[78.0911,40.2749],[78.2053,40.4204],[78.5236,40.5526],[78.605,40.6967],[78.5705,40.7661],[78.8618,40.8916],[78.8755,40.9852],[78.7119,41.1856],[78.3918,41.4083],[78.1661,41.3842],[78.1291,41.2282],[77.8345,41.152],[77.7805,41.023],[77.1693,41.0091],[77.0022,41.0734],[76.8858,41.0274],[76.762,40.954],[76.7315,40.8191],[76.6466,40.7601],[76.6574,40.6203],[76.5395,40.464],[76.3333,40.3437],[76.2798,40.4393],[76.0484,40.357],[75.9864,40.3819],[75.9214,40.2912],[75.831,40.3273],[75.7091,40.2808],[75.6699,40.3639],[75.7345,40.4675],[75.6461,40.5166],[75.5995,40.6597],[75.2425,40.4489],[74.8445,40.5213],[74.7951,40.4433],[74.9084,40.3389],[74.698,40.3445],[74.6633,40.2714],[74.3566,40.0892],[74.2632,40.1251],[74.0234,40.0851],[73.8454,39.8312],[73.8417,39.7563],[73.9243,39.7219],[73.9536,39.6003],[73.868,39.4829],[73.6106,39.4659],[73.5065,39.3805],[73.7429,39.0294],[73.8202,39.0416],[73.8264,38.9169],[73.7424,38.9339],[73.6994,38.8577],[73.7992,38.611],[74.0118,38.525],[74.0907,38.5422],[74.0687,38.5857],[74.1481,38.6768],[74.5065,38.6377],[74.7848,38.5382],[74.8628,38.484],[74.8067,38.2855],[74.9827,38.243],[75.1086,38.2764],[75.1921,38.1989],[75.2782,38.2038],[75.3992,38.106],[75.4104,37.9226],[75.667,37.8755],[75.7832,37.9397],[75.8805,37.9264],[75.8059,37.6521],[76.2082,37.8134],[76.2922,37.7342],[76.3844,37.8674],[76.4821,37.85],[76.4693,37.9258],[76.6004,38.2195],[76.5977,38.4247],[76.3441,38.5005],[76.4031,38.6062],[76.1496,38.6093],[75.9082,38.8753],[75.7592,38.9471],[75.9276,39.0395],[76.1411,39.0397],[76.0475,39.1806],[76.1571,39.2299],[75.8823,39.269],[75.8397,39.1889],[75.707,39.1273],[75.772,39.0957],[75.7576,38.9979],[75.6628,38.9557],[75.5523,38.9862],[75.7368,39.2968],[75.35,39.1446],[75.2999,39.4078],[75.3894,39.506],[75.3608,39.654],[76.4478,39.5759],[76.5983,39.6131],[76.8382,39.8269],[77.5119,39.8784],[77.5293,39.9258],[77.7982,39.9868],[78.365,40.0097]]]]}},{"type":"Feature","properties":{"name":"喀什地区","adcode":653100,"center":[75.989138,39.467664]},"bbox":[74.4651,35.4482,79.863,40.2571],"geometry":{"type":"MultiPolygon","coordinates":[[[[74.8067,38.2855],[74.8216,38.103],[74.9257,38.0173],[74.9175,37.8451],[75.0065,37.7709],[74.8921,37.6682],[74.9308,37.5718],[75.0786,37.511],[75.1532,37.4141],[75.1257,37.3223],[74.9111,37.2336],[74.8161,37.2165],[74.7273,37.2829],[74.5111,37.24],[74.4651,37.1469],[74.499,37.0724],[74.5681,37.0327],[74.709,37.0845],[74.7392,37.028],[74.847,37.057],[74.8939,36.9396],[75.0324,37.0168],[75.4136,36.9547],[75.4585,36.721],[75.634,36.7716],[75.8715,36.6665],[76.0349,36.4092],[75.9896,36.3401],[76.061,36.2252],[75.9363,36.1347],[75.9496,36.0703],[76.0974,36.0226],[76.1647,35.9088],[76.1471,35.8335],[76.3658,35.8242],[76.5489,35.9192],[76.5974,35.8957],[76.5935,35.772],[76.6931,35.7476],[76.7613,35.6559],[77.1958,35.5193],[77.3077,35.5405],[77.4519,35.4605],[77.6906,35.4482],[77.8165,35.5186],[77.7817,35.554],[77.8441,35.6127],[77.8352,35.8048],[77.8787,35.8118],[77.8448,35.9126],[77.9238,35.9308],[77.7425,36.0391],[77.7322,36.1002],[77.9101,36.1985],[77.811,36.2946],[77.7245,36.2826],[77.61,36.3597],[77.5792,36.4489],[77.4254,36.4921],[77.4077,36.546],[77.6485,36.6693],[77.4926,36.793],[77.519,36.9303],[77.6423,36.976],[77.6812,37.1285],[77.6002,37.2976],[77.6641,37.5816],[78.5069,38.4225],[79.2387,38.7943],[79.3904,38.8302],[79.5666,38.7844],[79.7337,39.4775],[79.1906,39.7207],[78.9156,39.6112],[78.7087,39.6505],[78.6574,39.7364],[78.7778,39.825],[78.8064,39.6573],[78.8838,39.7042],[78.8707,39.7622],[79.0048,39.8007],[78.9069,39.8313],[78.9895,39.8683],[78.9428,39.9081],[79.0392,39.9813],[79.0154,40.0221],[79.2142,40.0596],[79.1451,40.2565],[79.0039,40.2198],[78.9037,40.2571],[78.365,40.0097],[77.7982,39.9868],[77.5293,39.9258],[77.5119,39.8784],[76.8382,39.8269],[76.553,39.589],[76.2159,39.6253],[75.8555,39.5858],[75.5516,39.6682],[75.3608,39.654],[75.3894,39.506],[75.2999,39.4078],[75.35,39.1446],[75.7368,39.2968],[75.6075,39.1422],[75.5656,38.9713],[75.7576,38.9979],[75.772,39.0957],[75.707,39.1273],[75.8397,39.1889],[75.8823,39.269],[76.1571,39.2299],[76.0475,39.1806],[76.1411,39.0397],[75.9276,39.0395],[75.7592,38.9471],[75.9082,38.8753],[76.1496,38.6093],[76.4031,38.6062],[76.3441,38.5005],[76.5977,38.4247],[76.6004,38.2195],[76.4693,37.9258],[76.4924,37.8657],[76.3844,37.8674],[76.2922,37.7342],[76.2082,37.8134],[75.8059,37.6521],[75.8805,37.9264],[75.7832,37.9397],[75.667,37.8755],[75.4104,37.9226],[75.3992,38.106],[75.2782,38.2038],[75.1921,38.1989],[75.1086,38.2764],[74.9827,38.243],[74.8067,38.2855]]],[[[79.1906,39.7207],[79.7337,39.4775],[79.863,39.9572],[79.8417,40.1314],[79.1451,40.2565],[79.2142,40.0596],[79.4826,40.0977],[79.6062,39.9133],[79.5572,39.865],[79.2785,39.8777],[79.3257,39.8034],[79.1906,39.7207]]]]}},{"type":"Feature","properties":{"name":"和田地区","adcode":653200,"center":[79.92533,37.110687]},"bbox":[77.4077,34.3345,84.9863,39.6228],"geometry":{"type":"MultiPolygon","coordinates":[[[[80.4161,36.2791],[81.0317,36.2593],[81.05,36.3151],[81.0475,36.2508],[81.2754,36.1422],[81.3571,36.4436],[81.4939,36.0166],[81.371,35.7969],[81.3996,35.7074],[81.5688,35.6292],[81.5862,35.5706],[81.5132,35.235],[81.928,35.2711],[82.0443,35.3323],[82.0443,35.453],[82.3281,35.5594],[82.3361,35.6513],[82.4251,35.7127],[82.7313,35.6378],[82.7887,35.6846],[82.961,35.6715],[82.999,35.4845],[83.1267,35.3986],[83.2423,35.4198],[83.6224,35.3354],[84.0059,35.4224],[84.1615,35.359],[84.4531,35.4734],[84.4489,35.5504],[84.9863,35.7251],[84.9176,35.7744],[84.8435,36.099],[84.3634,36.3112],[84.3027,36.6112],[83.8331,36.8323],[83.8608,37.0701],[83.7913,37.2502],[83.9757,37.4104],[83.9899,37.6123],[83.8192,38.0481],[83.3867,38.3882],[83.4148,39.4832],[80.1623,39.464],[79.7644,39.6228],[79.5666,38.7844],[79.3904,38.8302],[79.2387,38.7943],[78.5069,38.4225],[77.8782,37.8117],[78.3503,37.6855],[78.3503,37.7311],[78.5446,37.7911],[78.543,37.5743],[79.1975,37.2063],[79.2563,37.2363],[79.2499,37.4149],[79.3772,37.4165],[79.3671,37.325],[79.6328,37.4743],[79.6616,37.5541],[79.6943,37.5175],[79.7831,37.5805],[79.8836,37.4714],[80.2699,37.802],[80.4449,38.0329],[80.5598,38.0846],[80.4774,37.9663],[80.4355,37.6067],[79.9902,37.3942],[79.9378,37.252],[80.1033,37.2887],[80.1131,37.2267],[80.017,37.1536],[79.8914,36.9043],[80.0879,36.8084],[80.2415,36.5265],[80.2886,36.5326],[80.317,36.3941],[80.2449,36.3041],[80.4161,36.2791]]],[[[79.8836,37.4714],[79.765,37.2813],[79.582,37.3332],[79.6328,37.4743],[79.3671,37.325],[79.3744,37.174],[79.1975,37.2063],[78.4888,37.5687],[78.4419,37.6421],[78.3307,37.6035],[78.3503,37.6855],[77.8782,37.8117],[77.6641,37.5816],[77.6002,37.2976],[77.6812,37.1285],[77.6423,36.976],[77.519,36.9303],[77.4926,36.793],[77.6485,36.6693],[77.4077,36.546],[77.4254,36.4921],[77.5792,36.4489],[77.61,36.3597],[77.7245,36.2826],[77.811,36.2946],[77.9101,36.1985],[77.7322,36.1002],[77.7425,36.0391],[77.9238,35.9308],[77.8448,35.9126],[77.8441,35.6127],[77.7817,35.554],[77.9151,35.4649],[78.1405,35.4948],[78.0133,35.3659],[78.0169,35.2282],[78.1989,34.9777],[78.213,34.7179],[78.2808,34.6231],[78.4277,34.594],[78.4339,34.5486],[78.5581,34.5604],[78.584,34.5064],[78.7085,34.5221],[78.8925,34.3559],[78.9586,34.3863],[79.0396,34.3345],[79.0108,34.3999],[79.0522,34.4272],[79.8012,34.4789],[79.8609,34.5282],[79.9268,34.8493],[80.0367,34.9031],[80.031,35.0388],[80.2577,35.2033],[80.3628,35.2089],[80.268,35.2959],[80.3044,35.3798],[80.42,35.4424],[80.6564,35.394],[80.6893,35.339],[81.0262,35.3119],[81.0317,35.3806],[81.0992,35.4076],[81.2195,35.3191],[81.3639,35.3546],[81.4942,35.2923],[81.5845,35.4628],[81.5688,35.6292],[81.4635,35.65],[81.371,35.7969],[81.4939,36.0166],[81.3571,36.4436],[81.2754,36.1422],[80.8186,36.2981],[80.2449,36.3041],[80.317,36.3941],[80.2886,36.5326],[80.2415,36.5265],[80.0879,36.8084],[79.8914,36.9043],[80.017,37.1536],[80.1131,37.2267],[80.1033,37.2887],[79.9378,37.252],[79.9902,37.3942],[80.4355,37.6067],[80.4774,37.9663],[80.5811,38.0696],[80.4449,38.0329],[80.2699,37.802],[79.8836,37.4714]]],[[[79.7099,37.3795],[79.811,37.3646],[79.8893,37.4544],[79.7831,37.5805],[79.6103,37.3738],[79.7099,37.3795]]],[[[79.776,37.2847],[79.811,37.3646],[79.5804,37.34],[79.776,37.2847]]],[[[81.0312,36.2787],[81.0337,36.276],[81.034,36.28],[81.0312,36.2787]]]]}},{"type":"Feature","properties":{"name":"伊犁哈萨克自治州","adcode":654000,"center":[81.317946,43.92186]},"bbox":[80.1639,42.26,85.2547,44.8258],"geometry":{"type":"MultiPolygon","coordinates":[[[[84.9506,43.4843],[84.7867,43.6419],[84.5977,43.6695],[84.6348,43.7196],[84.2878,43.7308],[83.8862,43.9528],[83.621,43.9656],[83.4688,44.0369],[83.3105,44.0083],[83.1267,44.0929],[82.7054,44.0712],[82.3603,44.2653],[82.0324,44.2854],[81.6186,44.4274],[81.3585,44.4425],[81.3331,44.3481],[81.4015,44.2849],[81.242,44.2062],[81.071,43.9077],[80.9056,43.9467],[80.7939,43.9064],[81.126,43.8706],[80.72,43.891],[80.6724,43.8447],[80.7754,43.8033],[80.7825,43.6969],[80.6323,43.6634],[80.755,43.4942],[80.6864,43.3337],[80.777,43.308],[80.7946,43.1373],[80.5934,43.1335],[80.3786,43.0314],[80.6031,42.8944],[80.2602,42.8249],[80.1639,42.6279],[80.2653,42.5023],[80.206,42.4316],[80.284,42.3206],[80.9852,42.3806],[81.0481,42.2847],[81.1605,42.26],[81.1955,42.3436],[81.8658,42.384],[82.4072,42.5516],[82.6207,42.5586],[82.5992,42.7196],[82.48,42.8006],[82.5326,42.9017],[82.6493,42.8837],[82.6532,42.9343],[82.7894,42.9339],[82.8242,42.9803],[83.6276,43.0807],[83.7581,43.1493],[84.2791,43.1749],[84.4137,43.1023],[84.4233,43.1617],[84.6538,43.1754],[84.5322,43.2928],[84.6762,43.3723],[84.6332,43.4327],[84.6615,43.4913],[84.9243,43.4252],[84.9506,43.4843]]],[[[81.0793,43.9659],[81.242,44.2062],[81.4015,44.2849],[81.3331,44.3481],[81.3585,44.4425],[80.89,44.5298],[80.6607,44.6372],[80.6918,44.6741],[80.636,44.7311],[80.1879,44.8258],[80.2209,44.7333],[80.4131,44.6109],[80.3506,44.4845],[80.4131,44.2646],[80.3941,44.1272],[80.5863,44.0177],[80.5669,44.1732],[80.6376,44.1809],[80.7417,44.0168],[80.72,43.891],[80.9351,43.9297],[80.987,43.99],[81.0793,43.9659]]],[[[85.1133,44.3437],[85.1773,44.3249],[85.2128,44.4792],[85.2547,44.4768],[85.203,44.6361],[84.8538,44.5521],[84.7782,44.3908],[85.1133,44.3437]]],[[[80.6248,43.7544],[80.6699,43.7537],[80.5767,43.7839],[80.6248,43.7544]]]]}},{"type":"Feature","properties":{"name":"塔城地区","adcode":654200,"center":[82.985732,46.746301]},"bbox":[82.2821,43.4789,87.3369,47.2155],"geometry":{"type":"MultiPolygon","coordinates":[[[[84.6615,45.1029],[84.5794,45.3107],[84.8059,45.6083],[84.7721,45.6487],[84.8476,45.6314],[85.13,45.7454],[85.2886,45.9676],[85.2828,46.0908],[85.3801,46.1436],[84.9693,46.2753],[84.9002,46.3567],[84.8938,46.4936],[84.6863,46.6363],[84.7613,46.7941],[84.9437,46.862],[84.748,47.0098],[83.9329,46.97],[83.5761,47.0592],[83.3704,47.1786],[83.0274,47.2155],[82.8784,46.7972],[82.4615,45.98],[82.3427,45.9351],[82.2821,45.5389],[82.5468,45.4259],[82.6011,45.3462],[82.5828,45.2191],[82.6832,45.1538],[83.4741,44.9761],[83.6663,44.8883],[83.7958,44.7568],[83.7455,44.553],[83.7933,44.4667],[83.5176,44.4676],[83.4398,44.2826],[83.4121,44.1689],[83.4999,44.002],[83.8862,43.9528],[84.2878,43.7308],[84.5533,43.7509],[84.6348,43.7196],[84.5977,43.6695],[84.8952,43.5772],[84.9506,43.4843],[85.0563,43.5639],[85.4341,43.4789],[85.5975,43.5308],[85.7197,43.6386],[85.7863,43.8395],[85.965,43.9317],[85.9675,44.0036],[86.0961,44.1259],[85.9858,44.1573],[85.9122,44.4265],[86.1309,44.4634],[86.0682,44.6018],[85.9556,44.6386],[85.8684,44.8659],[85.6689,44.9193],[85.6668,45.3311],[85.2458,45.329],[85.2018,45.2442],[85.2584,45.0316],[85.0515,44.9318],[85.0103,44.7552],[85.0529,44.6981],[85.0183,44.6197],[85.203,44.6361],[85.2547,44.4768],[85.2128,44.4792],[85.1773,44.3249],[84.9961,44.3107],[84.9174,44.1793],[84.738,44.1262],[84.8801,44.6269],[84.6261,44.7917],[84.6101,44.9954],[84.5165,44.9888],[84.5412,45.1527],[84.6558,45.1522],[84.6615,45.1029]]],[[[85.2458,45.329],[87.3369,45.3306],[87.336,46.0051],[87.0371,46.5035],[87.2017,46.7158],[87.2037,46.8495],[87.0296,46.9709],[87.0374,47.1188],[86.0826,47.0256],[85.9533,47.078],[85.2764,47.0689],[84.7613,46.7941],[84.6863,46.6363],[84.8938,46.4936],[84.9197,46.3202],[85.0776,46.2126],[85.4195,46.1281],[85.6483,46.2119],[85.903,46.1818],[86.0243,46.068],[85.6424,45.7892],[85.4918,45.5127],[85.2835,45.4214],[85.2458,45.329]]]]}},{"type":"Feature","properties":{"name":"阿勒泰地区","adcode":654300,"center":[88.13963,47.848393]},"bbox":[85.5401,45.0017,91.0791,49.1738],"geometry":{"type":"MultiPolygon","coordinates":[[[[88.4301,47.2582],[88.3072,47.3155],[88.3166,47.4553],[88.5251,47.7765],[88.6248,47.7797],[88.5626,47.8005],[88.564,47.8815],[88.3864,47.9434],[88.4919,48.0012],[88.474,48.0935],[88.6413,48.182],[88.5752,48.2776],[88.6061,48.3379],[87.9731,48.576],[88.0907,48.7198],[87.8264,48.8009],[87.7424,48.8813],[87.9118,48.98],[87.8353,49.0543],[87.8671,49.1088],[87.8209,49.1738],[87.5175,49.1455],[87.4367,49.0753],[87.1127,49.1556],[86.882,49.1295],[86.7326,48.9954],[86.8225,48.8458],[86.7543,48.781],[86.7811,48.7321],[86.5856,48.5422],[86.2261,48.4324],[85.7586,48.4039],[85.5561,48.14],[85.6101,47.5113],[85.6849,47.4289],[85.7012,47.2884],[85.5401,47.0574],[85.9533,47.078],[86.0826,47.0256],[87.0374,47.1188],[87.0179,47.3034],[87.4317,47.4354],[87.5795,47.4062],[87.5561,47.3567],[87.8031,47.3823],[87.8626,47.3175],[88.2621,47.2385],[88.4301,47.2582]]],[[[88.6413,48.182],[88.474,48.0935],[88.4919,48.0012],[88.3864,47.9434],[88.564,47.8815],[88.5626,47.8005],[88.6248,47.7797],[88.5251,47.7765],[88.3523,47.5239],[88.3072,47.3155],[88.4287,47.2347],[88.3434,47.2325],[88.2736,47.1329],[87.7431,47.2049],[87.5275,47.3386],[87.5795,47.4062],[87.4813,47.4111],[87.5404,47.4297],[87.0179,47.3034],[87.0296,46.9709],[87.2037,46.8495],[87.2017,46.7158],[87.0371,46.5035],[87.336,46.0051],[87.3362,45.0019],[90.2382,45.0017],[90.2224,45.0644],[90.4949,45.4203],[90.6714,45.4877],[90.7148,45.7289],[91.0283,46.023],[90.9004,46.3123],[91.0791,46.5588],[91.0178,46.5823],[91.054,46.7174],[90.9428,46.8258],[90.9016,46.9607],[90.7672,46.9925],[90.5615,47.207],[90.4883,47.3173],[90.5265,47.3789],[90.4686,47.4049],[90.4681,47.4976],[90.3462,47.6374],[90.3848,47.6443],[90.135,47.7232],[90.0761,47.7774],[90.0867,47.8656],[89.7622,47.8357],[89.5688,48.0378],[89.0784,47.9869],[88.9306,48.1195],[88.6413,48.182]]]]}},{"type":"Feature","properties":{"name":"石河子","adcode":659001,"center":[86.041075,44.305886]},"bbox":[85.9122,44.1259,86.1227,44.449],"geometry":{"type":"MultiPolygon","coordinates":[[[[86.1227,44.449],[85.9122,44.4265],[85.9858,44.1573],[86.0961,44.1259],[86.1227,44.449]]]]}},{"type":"Feature","properties":{"name":"阿拉尔","adcode":659002,"center":[81.285884,40.541914]},"bbox":[80.5923,40.3694,81.9786,40.941],"geometry":{"type":"MultiPolygon","coordinates":[[[[81.8841,40.941],[81.4571,40.8047],[81.3857,40.825],[81.1408,40.699],[80.8674,40.659],[80.7259,40.7014],[80.5923,40.6199],[80.6216,40.5568],[80.8278,40.4765],[80.7294,40.4524],[80.674,40.5116],[80.6838,40.4646],[80.6058,40.4233],[80.7401,40.3694],[80.9314,40.4326],[81.2104,40.3973],[81.9786,40.4684],[81.7434,40.7333],[81.8841,40.941]]]]}},{"type":"Feature","properties":{"name":"图木舒克","adcode":659003,"center":[79.077978,39.867316]},"bbox":[78.6574,39.6131,79.6062,40.0977],"geometry":{"type":"MultiPolygon","coordinates":[[[[79.1906,39.7207],[79.3257,39.8034],[79.2785,39.8777],[79.5572,39.865],[79.6062,39.9133],[79.574,40.012],[79.4826,40.0977],[79.0456,40.0369],[78.9428,39.9081],[78.9895,39.8683],[78.9069,39.8313],[78.9934,39.7814],[78.8707,39.7622],[78.8838,39.7042],[78.8064,39.6573],[78.7778,39.825],[78.6574,39.7364],[78.7087,39.6505],[78.8407,39.6131],[79.0003,39.625],[79.1906,39.7207]]]]}},{"type":"Feature","properties":{"name":"五家渠","adcode":659004,"center":[87.526884,44.167401]},"bbox":[87.3706,44.0078,87.7161,44.5948],"geometry":{"type":"MultiPolygon","coordinates":[[[[87.5047,44.0664],[87.4925,44.0078],[87.5767,44.1165],[87.5841,44.2393],[87.6912,44.222],[87.7161,44.3569],[87.5019,44.5948],[87.5145,44.5488],[87.3706,44.567],[87.4493,44.4436],[87.4239,44.3514],[87.5234,44.2273],[87.5047,44.0664]]]]}},{"type":"Feature","properties":{"name":"北屯","adcode":659005,"center":[87.824932,47.353177]},"bbox":[87.4813,47.1287,88.4287,47.4297],"geometry":{"type":"MultiPolygon","coordinates":[[[[87.5561,47.3567],[87.7431,47.2049],[88.0779,47.1287],[88.2736,47.1329],[88.3434,47.2325],[88.4287,47.2347],[87.8626,47.3175],[87.8031,47.3823],[87.5561,47.3567]]],[[[87.5404,47.4297],[87.4813,47.4111],[87.4902,47.4007],[87.5404,47.4297]]]]}},{"type":"Feature","properties":{"name":"铁门关","adcode":659006,"center":[85.501218,41.827251]},"bbox":[85.3577,41.6645,86.0996,41.942],"geometry":{"type":"MultiPolygon","coordinates":[[[[85.5121,41.9146],[85.368,41.8265],[85.3577,41.7474],[85.7055,41.7459],[85.7037,41.6842],[85.7858,41.6645],[85.7396,41.7564],[85.7927,41.8259],[85.5121,41.9146]]],[[[86.0996,41.7984],[85.895,41.8219],[85.8767,41.779],[86.0996,41.7984]]],[[[85.4373,41.932],[85.4439,41.9385],[85.4087,41.942],[85.4373,41.932]]]]}},{"type":"Feature","properties":{"name":"双河","adcode":659007,"center":[82.353656,44.840524]},"bbox":[81.9404,44.6441,82.7388,45.1067],"geometry":{"type":"MultiPolygon","coordinates":[[[[82.207,44.8212],[82.5432,44.7091],[82.7388,44.8586],[82.6564,44.9444],[82.2784,44.8606],[82.08,44.8956],[82.1624,44.8643],[82.0834,44.8376],[82.1221,44.8063],[82.207,44.8212]]],[[[82.2004,44.9843],[82.1338,45.0372],[81.9404,45.0102],[82.2006,44.9179],[82.2004,44.9843]]],[[[82.2358,44.6817],[82.1926,44.7522],[82.0809,44.6441],[82.2358,44.6817]]],[[[82.394,44.6697],[82.3473,44.6913],[82.3589,44.6684],[82.394,44.6697]]],[[[82.4541,45.0689],[82.2958,45.1067],[82.2752,45.0301],[82.4388,45.007],[82.4541,45.0689]]]]}},{"type":"Feature","properties":{"name":"可克达拉","adcode":659008,"center":[80.63579,43.6832]},"bbox":[80.4408,43.6634,81.0829,44.1732],"geometry":{"type":"MultiPolygon","coordinates":[[[[80.4408,44.0839],[80.5875,43.7257],[80.6248,43.7544],[80.5767,43.7839],[80.6609,43.7787],[80.7362,43.9212],[80.7019,44.1331],[80.5669,44.1732],[80.5863,44.0177],[80.4408,44.0839]]],[[[80.7399,43.8887],[81.0399,43.8491],[80.9857,43.8931],[80.7399,43.8887]]],[[[80.9351,43.9297],[81.071,43.9077],[81.0793,43.9659],[80.987,43.99],[80.9351,43.9297]]],[[[80.6248,43.7544],[80.5875,43.7257],[80.6323,43.6634],[80.7825,43.6969],[80.7754,43.8033],[80.6724,43.8447],[80.6699,43.7537],[80.6248,43.7544]]],[[[81.0555,43.9441],[81.0829,43.931],[81.0763,43.9606],[81.0555,43.9441]]]]}},{"type":"Feature","properties":{"name":"昆玉","adcode":659009,"center":[79.287372,37.207994]},"bbox":[78.3307,36.2508,81.05,37.7911],"geometry":{"type":"MultiPolygon","coordinates":[[[[79.6181,37.3924],[79.5724,37.3826],[79.5804,37.34],[79.6181,37.3924]]],[[[79.6943,37.5175],[79.6616,37.5541],[79.6433,37.4243],[79.6943,37.5175]]],[[[78.543,37.5743],[78.5446,37.7911],[78.3503,37.7311],[78.3307,37.6035],[78.4419,37.6421],[78.543,37.5743]]],[[[79.3671,37.325],[79.3772,37.4165],[79.2499,37.4149],[79.2563,37.2363],[79.1975,37.2063],[79.3744,37.174],[79.3671,37.325]]],[[[81.0475,36.2508],[81.05,36.3151],[81.0337,36.276],[81.0475,36.2508]]],[[[79.7831,37.5805],[79.7838,37.5373],[79.8186,37.5377],[79.7831,37.5805]]]]}},{"type":"Feature","properties":{"name":"胡杨河","adcode":659010,"center":[84.8275959,44.69288853]},"bbox":[84.5165,44.5521,85.0684,45.1527],"geometry":{"type":"MultiPolygon","coordinates":[[[[84.8538,44.5521],[85.0684,44.6264],[85.0183,44.6197],[85.0467,44.7403],[84.8494,44.8265],[84.9172,44.8369],[84.9172,44.8885],[84.8615,44.8994],[84.8053,45.0257],[84.6574,45.0635],[84.6558,45.1522],[84.5412,45.1527],[84.5165,44.9888],[84.6101,44.9954],[84.6261,44.7917],[84.8801,44.6269],[84.8538,44.5521]]]]}}],"attribution":"China-GeoData · MIT © 2025 圈集; Natural Earth · Public domain","source":"https://raw.githubusercontent.com/Supeset/China-GeoData/5822c4c0a0bdfd73327f9454976c8661bfd6ad9f/","revision":"5822c4c0a0bdfd73327f9454976c8661bfd6ad9f","hashes":{"provinces":"99adfeded5223848bbe37a0a12f8023e11ee12161c7800521c27db42fdeac275","cities":"a268d74d3fba89bcc35f9febd8843a9cb77792a3690044dc8b26f21e8acf1bcd"},"license":"MIT License\n\nCopyright (c) 2025 圈集\n\nPermission is hereby granted, free of charge, to any person obtaining a copy\nof this software and associated documentation files (the \"Software\"), to deal\nin the Software without restriction, including without limitation the rights\nto use, copy, modify, merge, publish, distribute, sublicense, and/or sell\ncopies of the Software, and to permit persons to whom the Software is\nfurnished to do so, subject to the following conditions:\n\nThe above copyright notice and this permission notice shall be included in all\ncopies or substantial portions of the Software.\n\nTHE SOFTWARE IS PROVIDED \"AS IS\", WITHOUT WARRANTY OF ANY KIND, EXPRESS OR\nIMPLIED, INCLUDING BUT NOT LIMITED TO THE WARRANTIES OF MERCHANTABILITY,\nFITNESS FOR A PARTICULAR PURPOSE AND NONINFRINGEMENT. IN NO EVENT SHALL THE\nAUTHORS OR COPYRIGHT HOLDERS BE LIABLE FOR ANY CLAIM, DAMAGES OR OTHER\nLIABILITY, WHETHER IN AN ACTION OF CONTRACT, TORT OR OTHERWISE, ARISING FROM,\nOUT OF OR IN CONNECTION WITH THE SOFTWARE OR THE USE OR OTHER DEALINGS IN THE\nSOFTWARE.\n","accuracy":"Simplified administrative boundaries (~4 km); approximate city labels, not navigation or a legal boundary reference."}}
